# mtllib chacha.mtl
# o map
v -5.0 -7.0 0.999999
v -4.0 -7.0 0.999999
v -4.0 0.0 0.999999
v -5.0 0.0 0.999999
v -3.25 -6.000001 1.875002
v -3.625 -6.500001 1.125002
v -3.5 -6.625001 1.125002
v -3.0 -6.250001 1.875002
v -3.875 -6.500001 1.000002
v -3.5 -6.875001 1.000002
v -3.75 -6.000001 1.125002
v -4.0 -6.000001 1.000002
v -3.875 -6.500001 1.000002
v -3.625 -6.500001 1.125002
v -3.5 -6.625001 1.125002
v -3.5 -6.875001 1.000002
v -3.0 -7.000001 1.000002
v -3.0 -6.750001 1.125002
v -3.625 -6.500001 1.125002
v -3.25 -6.000001 1.875002
v -3.75 -6.000001 1.125002
v -3.25 -6.000001 1.875002
v -3.0 -6.250001 1.875002
v -3.0 -6.000001 2.000002
v -3.5 -6.625001 1.125002
v -3.0 -6.750001 1.125002
v -3.0 -6.250001 1.875002
v -3.0 -7.000001 1.000002
v -3.5 -6.875001 1.000002
v -4.0 -7.000001 1.000002
v -3.875 -6.500001 1.000002
v -4.0 -6.000001 1.000002
v -3.75 -6.000001 1.125002
v -4.0 -6.000001 1.000002
v -3.0 -6.000001 2.000002
v -3.25 -6.000001 1.875002
v -3.25 -5.000001 1.875002
v -3.75 -5.000001 1.125002
v -3.75 -6.000001 1.125002
v -3.25 -6.000001 1.875002
v -4.0 -5.000001 1.000002
v -4.0 -6.000001 1.000002
v -3.0 -5.000001 2.000002
v -3.0 -6.000001 2.000002
v -4.0 -3.249999 1.312499
v -3.0 -3.249999 1.312499
v -3.0 -3.249999 1.999999
v -3.3125 -3.249999 1.999999
v -4.0 -3.0 0.999999
v -4.0 -2.999999 1.312499
v -3.0 -2.999999 1.312499
v -3.0 -3.0 0.999999
v -3.3125 -2.999999 1.999999
v -4.0 -2.999999 1.312499
v -4.0 -3.249999 1.312499
v -3.3125 -3.249999 1.999999
v -4.0 -3.25 0.999999
v -4.0 -3.249999 1.312499
v -4.0 -2.999999 1.312499
v -4.0 -3.0 0.999999
v -4.0 -3.249999 1.312499
v -4.0 -3.25 0.999999
v -3.0 -3.25 0.999999
v -3.0 -3.249999 1.312499
v -3.3125 -2.999999 1.999999
v -3.3125 -3.249999 1.999999
v -3.0 -3.249999 1.999999
v -3.0 -2.999999 1.999999
v -4.0 -2.999999 1.312499
v -3.3125 -2.999999 1.999999
v -3.0 -2.999999 1.999999
v -3.0 -2.999999 1.312499
v -4.0 -5.0 1.312499
v -3.0 -5.0 1.312499
v -3.0 -4.999999 1.999999
v -3.3125 -4.999999 1.999999
v -4.0 -4.75 0.999999
v -4.0 -4.75 1.312499
v -3.0 -4.75 1.312499
v -3.0 -4.75 0.999999
v -3.3125 -4.749999 1.999999
v -4.0 -4.75 1.312499
v -4.0 -5.0 1.312499
v -3.3125 -4.999999 1.999999
v -4.0 -5.0 0.999999
v -4.0 -5.0 1.312499
v -4.0 -4.75 1.312499
v -4.0 -4.75 0.999999
v -4.0 -5.0 1.312499
v -4.0 -5.0 0.999999
v -3.0 -5.0 0.999999
v -3.0 -5.0 1.312499
v -3.3125 -4.749999 1.999999
v -3.3125 -4.999999 1.999999
v -3.0 -4.999999 1.999999
v -3.0 -4.749999 1.999999
v -4.0 -4.75 1.312499
v -3.3125 -4.749999 1.999999
v -3.0 -4.749999 1.999999
v -3.0 -4.75 1.312499
v -4.0 -3.25 0.999999
v -4.0 -4.75 0.999999
v -3.0 -4.749999 1.999999
v -3.0 -3.249999 1.999999
v -3.25 -2.000001 1.875002
v -3.75 -2.000001 1.125002
v -3.75 -3.000001 1.125002
v -3.25 -3.000001 1.875002
v -4.0 -2.000001 1.000002
v -4.0 -3.000001 1.000002
v -3.0 -2.000001 2.000002
v -3.0 -3.000001 2.000002
v -3.000001 -1.75 1.875002
v -3.500001 -1.375 1.125002
v -3.625001 -1.5 1.125002
v -3.250001 -2.0 1.875002
v -3.500001 -1.125 1.000002
v -3.875001 -1.5 1.000002
v -3.000001 -1.25 1.125002
v -3.000001 -1.0 1.000002
v -3.500001 -1.125 1.000002
v -3.500001 -1.375 1.125002
v -3.625001 -1.5 1.125002
v -3.875001 -1.5 1.000002
v -4.000001 -2.0 1.000002
v -3.750001 -2.0 1.125002
v -3.500001 -1.375 1.125002
v -3.000001 -1.75 1.875002
v -3.000001 -1.25 1.125002
v -3.000001 -1.75 1.875002
v -3.250001 -2.0 1.875002
v -3.000001 -2.0 2.000002
v -3.625001 -1.5 1.125002
v -3.750001 -2.0 1.125002
v -3.250001 -2.0 1.875002
v -4.000001 -2.0 1.000002
v -3.875001 -1.5 1.000002
v -4.000001 -1.0 1.000002
v -3.500001 -1.125 1.000002
v -3.000001 -1.0 1.000002
v -3.000001 -1.25 1.125002
v -3.000001 -1.0 1.000002
v -3.000001 -2.0 2.000002
v -3.000001 -1.75 1.875002
v -2.999998 -6.25 1.875002
v -2.999998 -6.75 1.125002
v -0.9999981 -6.75 1.125002
v -0.9999981 -6.25 1.875002
v -2.999998 -7.0 1.000002
v -0.9999981 -7.0 1.000002
v -2.999998 -6.0 2.000002
v -0.9999981 -6.0 2.000002
v -3.0 -6.0 1.999999
v 3.0 -6.0 1.999999
v 3.0 -2.0 1.999999
v -3.0 -2.0 1.999999
v -1.000002 -1.75 1.875002
v -1.000002 -1.25 1.125002
v -3.000002 -1.25 1.125002
v -3.000002 -1.75 1.875002
v -1.000002 -1.0 1.000002
v -3.000002 -1.0 1.000002
v -1.000002 -2.0 2.000002
v -3.000002 -2.0 2.000002
v -0.750001 -7.0 1.312499
v -0.750001 -6.0 1.312499
v -0.750001 -6.0 1.999999
v -0.750001 -6.3125 1.999999
v -1.0 -7.0 0.999999
v -1.000001 -7.0 1.312499
v -1.000001 -6.0 1.312499
v -1.0 -6.0 0.999999
v -1.000001 -6.3125 1.999999
v -1.000001 -7.0 1.312499
v -0.750001 -7.0 1.312499
v -0.750001 -6.3125 1.999999
v -0.75 -7.0 0.999999
v -0.750001 -7.0 1.312499
v -1.000001 -7.0 1.312499
v -1.0 -7.0 0.999999
v -0.750001 -7.0 1.312499
v -0.75 -7.0 0.999999
v -0.75 -6.0 0.999999
v -0.750001 -6.0 1.312499
v -1.000001 -6.3125 1.999999
v -0.750001 -6.3125 1.999999
v -0.750001 -6.0 1.999999
v -1.000001 -6.0 1.999999
v -1.000001 -7.0 1.312499
v -1.000001 -6.3125 1.999999
v -1.000001 -6.0 1.999999
v -1.000001 -6.0 1.312499
v 1.0 -7.0 1.312499
v 1.0 -6.0 1.312499
v 0.99999905 -6.0 1.999999
v 0.99999905 -6.3125 1.999999
v 0.75 -7.0 0.999999
v 0.75 -7.0 1.312499
v 0.75 -6.0 1.312499
v 0.75 -6.0 0.999999
v 0.74999905 -6.3125 1.999999
v 0.75 -7.0 1.312499
v 1.0 -7.0 1.312499
v 0.99999905 -6.3125 1.999999
v 1.0 -7.0 0.999999
v 1.0 -7.0 1.312499
v 0.75 -7.0 1.312499
v 0.75 -7.0 0.999999
v 1.0 -7.0 1.312499
v 1.0 -7.0 0.999999
v 1.0 -6.0 0.999999
v 1.0 -6.0 1.312499
v 0.74999905 -6.3125 1.999999
v 0.99999905 -6.3125 1.999999
v 0.99999905 -6.0 1.999999
v 0.74999905 -6.0 1.999999
v 0.75 -7.0 1.312499
v 0.74999905 -6.3125 1.999999
v 0.74999905 -6.0 1.999999
v 0.75 -6.0 1.312499
v -0.75 -7.0 0.999999
v 0.75 -7.0 0.999999
v 0.74999905 -6.0 1.999999
v -0.750001 -6.0 1.999999
v 0.75000095 -1.0 1.312499
v 0.75000095 -2.0 1.312499
v 0.75000095 -2.0 1.999999
v 0.75000095 -1.6875 1.999999
v 1.0 -1.0 0.999999
v 1.000001 -1.0 1.312499
v 1.000001 -2.0 1.312499
v 1.0 -2.0 0.999999
v 1.000001 -1.6875 1.999999
v 1.000001 -1.0 1.312499
v 0.75000095 -1.0 1.312499
v 0.75000095 -1.6875 1.999999
v 0.75 -1.0 0.999999
v 0.75000095 -1.0 1.312499
v 1.000001 -1.0 1.312499
v 1.0 -1.0 0.999999
v 0.75000095 -1.0 1.312499
v 0.75 -1.0 0.999999
v 0.75 -2.0 0.999999
v 0.75000095 -2.0 1.312499
v 1.000001 -1.6875 1.999999
v 0.75000095 -1.6875 1.999999
v 0.75000095 -2.0 1.999999
v 1.000001 -2.0 1.999999
v 1.000001 -1.0 1.312499
v 1.000001 -1.6875 1.999999
v 1.000001 -2.0 1.999999
v 1.000001 -2.0 1.312499
v -1.0 -1.0 1.312499
v -1.0 -2.0 1.312499
v -0.99999905 -2.0 1.999999
v -0.99999905 -1.6875 1.999999
v -0.75 -1.0 0.999999
v -0.75 -1.0 1.312499
v -0.75 -2.0 1.312499
v -0.75 -2.0 0.999999
v -0.74999905 -1.6875 1.999999
v -0.75 -1.0 1.312499
v -1.0 -1.0 1.312499
v -0.99999905 -1.6875 1.999999
v -1.0 -1.0 0.999999
v -1.0 -1.0 1.312499
v -0.75 -1.0 1.312499
v -0.75 -1.0 0.999999
v -1.0 -1.0 1.312499
v -1.0 -1.0 0.999999
v -1.0 -2.0 0.999999
v -1.0 -2.0 1.312499
v -0.74999905 -1.6875 1.999999
v -0.99999905 -1.6875 1.999999
v -0.99999905 -2.0 1.999999
v -0.74999905 -2.0 1.999999
v -0.75 -1.0 1.312499
v -0.74999905 -1.6875 1.999999
v -0.74999905 -2.0 1.999999
v -0.75 -2.0 1.312499
v 0.75 -1.0 0.999999
v -0.75 -1.0 0.999999
v -0.74999905 -2.0 1.999999
v 0.75000095 -2.0 1.999999
v 1.000002 -6.25 1.875002
v 1.000002 -6.75 1.125002
v 3.000002 -6.75 1.125002
v 3.000002 -6.25 1.875002
v 1.000002 -7.0 1.000002
v 3.000002 -7.0 1.000002
v 1.000002 -6.0 2.000002
v 3.000002 -6.0 2.000002
v 2.999998 -1.75 1.875002
v 2.999998 -1.25 1.125002
v 0.9999981 -1.25 1.125002
v 0.9999981 -1.75 1.875002
v 2.999998 -1.0 1.000002
v 0.9999981 -1.0 1.000002
v 2.999998 -2.0 2.000002
v 0.9999981 -2.0 2.000002
v 3.000001 -6.25 1.875002
v 3.500001 -6.625 1.125002
v 3.625001 -6.5 1.125002
v 3.250001 -6.0 1.875002
v 3.500001 -6.875 1.000002
v 3.875001 -6.5 1.000002
v 3.000001 -6.75 1.125002
v 3.000001 -7.0 1.000002
v 3.500001 -6.875 1.000002
v 3.500001 -6.625 1.125002
v 3.625001 -6.5 1.125002
v 3.875001 -6.5 1.000002
v 4.000001 -6.0 1.000002
v 3.750001 -6.0 1.125002
v 3.500001 -6.625 1.125002
v 3.000001 -6.25 1.875002
v 3.000001 -6.75 1.125002
v 3.000001 -6.25 1.875002
v 3.250001 -6.0 1.875002
v 3.000001 -6.0 2.000002
v 3.625001 -6.5 1.125002
v 3.750001 -6.0 1.125002
v 3.250001 -6.0 1.875002
v 4.000001 -6.0 1.000002
v 3.875001 -6.5 1.000002
v 4.000001 -7.0 1.000002
v 3.500001 -6.875 1.000002
v 3.000001 -7.0 1.000002
v 3.000001 -6.75 1.125002
v 3.000001 -7.0 1.000002
v 3.000001 -6.0 2.000002
v 3.000001 -6.25 1.875002
v 3.25 -5.999999 1.875002
v 3.75 -5.999999 1.125002
v 3.75 -4.999999 1.125002
v 3.25 -4.999999 1.875002
v 4.0 -5.999999 1.000002
v 4.0 -4.999999 1.000002
v 3.0 -5.999999 2.000002
v 3.0 -4.999999 2.000002
v 4.0 -4.750001 1.312499
v 3.0 -4.750001 1.312499
v 3.0 -4.750001 1.999999
v 3.3125 -4.750001 1.999999
v 4.0 -5.0 0.999999
v 4.0 -5.000001 1.312499
v 3.0 -5.000001 1.312499
v 3.0 -5.0 0.999999
v 3.3125 -5.000001 1.999999
v 4.0 -5.000001 1.312499
v 4.0 -4.750001 1.312499
v 3.3125 -4.750001 1.999999
v 4.0 -4.75 0.999999
v 4.0 -4.750001 1.312499
v 4.0 -5.000001 1.312499
v 4.0 -5.0 0.999999
v 4.0 -4.750001 1.312499
v 4.0 -4.75 0.999999
v 3.0 -4.75 0.999999
v 3.0 -4.750001 1.312499
v 3.3125 -5.000001 1.999999
v 3.3125 -4.750001 1.999999
v 3.0 -4.750001 1.999999
v 3.0 -5.000001 1.999999
v 4.0 -5.000001 1.312499
v 3.3125 -5.000001 1.999999
v 3.0 -5.000001 1.999999
v 3.0 -5.000001 1.312499
v 4.0 -3.0 1.312499
v 3.0 -3.0 1.312499
v 3.0 -3.000001 1.999999
v 3.3125 -3.000001 1.999999
v 4.0 -3.25 0.999999
v 4.0 -3.25 1.312499
v 3.0 -3.25 1.312499
v 3.0 -3.25 0.999999
v 3.3125 -3.250001 1.999999
v 4.0 -3.25 1.312499
v 4.0 -3.0 1.312499
v 3.3125 -3.000001 1.999999
v 4.0 -3.0 0.999999
v 4.0 -3.0 1.312499
v 4.0 -3.25 1.312499
v 4.0 -3.25 0.999999
v 4.0 -3.0 1.312499
v 4.0 -3.0 0.999999
v 3.0 -3.0 0.999999
v 3.0 -3.0 1.312499
v 3.3125 -3.250001 1.999999
v 3.3125 -3.000001 1.999999
v 3.0 -3.000001 1.999999
v 3.0 -3.250001 1.999999
v 4.0 -3.25 1.312499
v 3.3125 -3.250001 1.999999
v 3.0 -3.250001 1.999999
v 3.0 -3.25 1.312499
v 4.0 -4.75 0.999999
v 4.0 -3.25 0.999999
v 3.0 -3.250001 1.999999
v 3.0 -4.750001 1.999999
v 3.25 -2.999999 1.875002
v 3.75 -2.999999 1.125002
v 3.75 -1.999999 1.125002
v 3.25 -1.999999 1.875002
v 4.0 -2.999999 1.000002
v 4.0 -1.999999 1.000002
v 3.0 -2.999999 2.000002
v 3.0 -1.999999 2.000002
v 3.25 -1.999999 1.875002
v 3.625 -1.499999 1.125002
v 3.5 -1.374999 1.125002
v 3.0 -1.749999 1.875002
v 3.875 -1.499999 1.000002
v 3.5 -1.124999 1.000002
v 3.75 -1.999999 1.125002
v 4.0 -1.999999 1.000002
v 3.875 -1.499999 1.000002
v 3.625 -1.499999 1.125002
v 3.5 -1.374999 1.125002
v 3.5 -1.124999 1.000002
v 3.0 -0.99999905 1.000002
v 3.0 -1.249999 1.125002
v 3.625 -1.499999 1.125002
v 3.25 -1.999999 1.875002
v 3.75 -1.999999 1.125002
v 3.25 -1.999999 1.875002
v 3.0 -1.749999 1.875002
v 3.0 -1.999999 2.000002
v 3.5 -1.374999 1.125002
v 3.0 -1.249999 1.125002
v 3.0 -1.749999 1.875002
v 3.0 -0.99999905 1.000002
v 3.5 -1.124999 1.000002
v 4.0 -0.99999905 1.000002
v 3.875 -1.499999 1.000002
v 4.0 -1.999999 1.000002
v 3.75 -1.999999 1.125002
v 4.0 -1.999999 1.000002
v 3.0 -1.999999 2.000002
v 3.25 -1.999999 1.875002
v 4.0 -7.0 0.999999
v 5.0 -7.0 0.999999
v 5.0 0.0 0.999999
v 4.0 0.0 0.999999
v -14.0 -14.0 0.999998
v -16.0 -14.0 0.999998
v -16.0 -16.0 0.999998
v -14.0 -16.0 0.999998
v -15.6875 -15.125975 2.855466
v -14.3125 -15.125975 2.855466
v -14.3125 -13.999026 3.644529
v -15.6875 -13.999026 3.644529
v -16.03125 -15.455081 2.1494122
v -13.96875 -15.455081 2.1494122
v -13.96875 -13.919925 3.225584
v -16.03125 -13.919925 3.225584
v -16.25 -15.620119 1.453123
v -13.75 -15.620119 1.453123
v -13.75 -13.879881 2.671873
v -16.25 -13.879881 2.671873
v -16.0 -15.9375 1.119138
v -14.0 -15.9375 1.119138
v -14.0 -14.0625 1.119139
v -16.0 -14.0625 1.119139
v -15.6875 -13.125975 2.855466
v -14.3125 -13.125975 2.855466
v -14.3125 -11.999026 3.644529
v -15.6875 -11.999026 3.644529
v -16.03125 -13.455082 2.1494122
v -13.96875 -13.455082 2.1494122
v -13.96875 -11.919925 3.225584
v -16.03125 -11.919925 3.225584
v -16.25 -13.620119 1.453122
v -13.75 -13.620119 1.453122
v -13.75 -11.879881 2.6718721
v -16.25 -11.879881 2.6718721
v -16.0 -13.9375 1.056638
v -14.0 -13.9375 1.056638
v -14.0 -12.0625 1.056638
v -16.0 -12.0625 1.056638
v -14.0 -12.0 0.999997
v -16.0 -12.0 0.999997
v -16.0 -14.0 0.999997
v -14.0 -14.0 0.999997
v -15.6875 -11.125975 2.855466
v -14.3125 -11.125975 2.855466
v -14.3125 -9.999026 3.644529
v -15.6875 -9.999026 3.644529
v -16.03125 -11.455082 2.1494122
v -13.96875 -11.455082 2.1494122
v -13.96875 -9.919925 3.225584
v -16.03125 -9.919925 3.225584
v -16.25 -11.620119 1.453122
v -13.75 -11.620119 1.453122
v -13.75 -9.879881 2.6718721
v -16.25 -9.879881 2.6718721
v -16.0 -11.9375 1.056638
v -14.0 -11.9375 1.056638
v -14.0 -10.0625 1.056638
v -16.0 -10.0625 1.056638
v -14.0 -10.0 0.999997
v -16.0 -10.0 0.999997
v -16.0 -12.0 0.999997
v -14.0 -12.0 0.999997
v -15.6875 -9.125975 2.855466
v -14.3125 -9.125975 2.855466
v -14.3125 -7.9990263 3.644529
v -15.6875 -7.9990263 3.644529
v -16.03125 -9.455082 2.1494122
v -13.96875 -9.455082 2.1494122
v -13.96875 -7.9199247 3.225584
v -16.03125 -7.9199247 3.225584
v -16.25 -9.620119 1.453122
v -13.75 -9.620119 1.453122
v -13.75 -7.879881 2.6718721
v -16.25 -7.879881 2.6718721
v -16.0 -9.9375 1.056638
v -14.0 -9.9375 1.056638
v -14.0 -8.0625 1.056638
v -16.0 -8.0625 1.056638
v -14.0 -8.0 0.999997
v -16.0 -8.0 0.999997
v -16.0 -10.0 0.999997
v -14.0 -10.0 0.999997
v -15.6875 -7.125975 2.855466
v -14.3125 -7.125975 2.855466
v -14.3125 -5.9990263 3.644529
v -15.6875 -5.9990263 3.644529
v -16.03125 -7.455082 2.1494122
v -13.96875 -7.455082 2.1494122
v -13.96875 -5.9199247 3.225584
v -16.03125 -5.9199247 3.225584
v -16.25 -7.620119 1.453122
v -13.75 -7.620119 1.453122
v -13.75 -5.879881 2.6718721
v -16.25 -5.879881 2.6718721
v -16.0 -7.9375 1.056638
v -14.0 -7.9375 1.056638
v -14.0 -6.0625 1.056638
v -16.0 -6.0625 1.056638
v -14.0 -6.0 0.999997
v -16.0 -6.0 0.999997
v -16.0 -8.0 0.999997
v -14.0 -8.0 0.999997
v -14.0 -4.0 0.999998
v -16.0 -4.0 0.999998
v -16.0 -6.0 0.999998
v -14.0 -6.0 0.999998
v -15.6875 -5.125975 2.855466
v -14.3125 -5.125975 2.855466
v -14.3125 -3.999026 3.644529
v -15.6875 -3.999026 3.644529
v -16.03125 -5.455081 2.1494122
v -13.96875 -5.455081 2.1494122
v -13.96875 -3.919925 3.225584
v -16.03125 -3.919925 3.225584
v -16.25 -5.620119 1.453123
v -13.75 -5.620119 1.453123
v -13.75 -3.879881 2.671873
v -16.25 -3.879881 2.671873
v -16.0 -5.9375 1.119138
v -14.0 -5.9375 1.119138
v -14.0 -4.0625 1.119139
v -16.0 -4.0625 1.119139
v -15.6875 -3.1259751 2.855466
v -14.3125 -3.1259751 2.855466
v -14.3125 -1.9990261 3.644529
v -15.6875 -1.9990261 3.644529
v -16.03125 -3.455082 2.1494122
v -13.96875 -3.455082 2.1494122
v -13.96875 -1.919925 3.225584
v -16.03125 -1.919925 3.225584
v -16.25 -3.620119 1.453122
v -13.75 -3.620119 1.453122
v -13.75 -1.8798809 2.6718721
v -16.25 -1.8798809 2.6718721
v -16.0 -3.9375 1.056638
v -14.0 -3.9375 1.056638
v -14.0 -2.0625 1.056638
v -16.0 -2.0625 1.056638
v -14.0 -2.0 0.999997
v -16.0 -2.0 0.999997
v -16.0 -4.0 0.999997
v -14.0 -4.0 0.999997
v -14.0 0.0 0.999998
v -16.0 0.0 0.999998
v -16.0 -2.0 0.999998
v -14.0 -2.0 0.999998
v -15.6875 -1.125975 2.855466
v -14.3125 -1.125975 2.855466
v -14.3125 9.739399E-4 3.644529
v -15.6875 9.739399E-4 3.644529
v -16.03125 -1.455081 2.1494122
v -13.96875 -1.455081 2.1494122
v -13.96875 0.080075026 3.225584
v -16.03125 0.080075026 3.225584
v -16.25 -1.620119 1.453123
v -13.75 -1.620119 1.453123
v -13.75 0.120119095 2.671873
v -16.25 0.120119095 2.671873
v -16.0 -1.9375 1.119138
v -14.0 -1.9375 1.119138
v -14.0 -0.0625 1.119139
v -16.0 -0.0625 1.119139
v -15.6875 0.874025 2.855466
v -14.3125 0.874025 2.855466
v -14.3125 2.000974 3.644529
v -15.6875 2.000974 3.644529
v -16.03125 0.544918 2.1494122
v -13.96875 0.544918 2.1494122
v -13.96875 2.080075 3.225584
v -16.03125 2.080075 3.225584
v -16.25 0.379881 1.453122
v -13.75 0.379881 1.453122
v -13.75 2.120119 2.6718721
v -16.25 2.120119 2.6718721
v -16.0 0.0625 1.056638
v -14.0 0.0625 1.056638
v -14.0 1.9375 1.056638
v -16.0 1.9375 1.056638
v -14.0 2.0 0.999997
v -16.0 2.0 0.999997
v -16.0 0.0 0.999997
v -14.0 0.0 0.999997
v -15.6875 2.8740249 2.855466
v -14.3125 2.8740249 2.855466
v -14.3125 4.0009737 3.644529
v -15.6875 4.0009737 3.644529
v -16.03125 2.544918 2.1494122
v -13.96875 2.544918 2.1494122
v -13.96875 4.0800753 3.225584
v -16.03125 4.0800753 3.225584
v -16.25 2.379881 1.453122
v -13.75 2.379881 1.453122
v -13.75 4.120119 2.6718721
v -16.25 4.120119 2.6718721
v -16.0 2.0625 1.056638
v -14.0 2.0625 1.056638
v -14.0 3.9375 1.056638
v -16.0 3.9375 1.056638
v -14.0 4.0 0.999997
v -16.0 4.0 0.999997
v -16.0 2.0 0.999997
v -14.0 2.0 0.999997
v -15.6875 4.874025 2.855466
v -14.3125 4.874025 2.855466
v -14.3125 6.0009737 3.644529
v -15.6875 6.0009737 3.644529
v -16.03125 4.544918 2.1494122
v -13.96875 4.544918 2.1494122
v -13.96875 6.0800753 3.225584
v -16.03125 6.0800753 3.225584
v -16.25 4.379881 1.453122
v -13.75 4.379881 1.453122
v -13.75 6.120119 2.6718721
v -16.25 6.120119 2.6718721
v -16.0 4.0625 1.056638
v -14.0 4.0625 1.056638
v -14.0 5.9375 1.056638
v -16.0 5.9375 1.056638
v -14.0 6.0 0.999997
v -16.0 6.0 0.999997
v -16.0 4.0 0.999997
v -14.0 4.0 0.999997
v -15.6875 6.874025 2.855466
v -14.3125 6.874025 2.855466
v -14.3125 8.000974 3.644529
v -15.6875 8.000974 3.644529
v -16.03125 6.544918 2.1494122
v -13.96875 6.544918 2.1494122
v -13.96875 8.080075 3.225584
v -16.03125 8.080075 3.225584
v -16.25 6.379881 1.453122
v -13.75 6.379881 1.453122
v -13.75 8.120119 2.6718721
v -16.25 8.120119 2.6718721
v -16.0 6.0625 1.056638
v -14.0 6.0625 1.056638
v -14.0 7.9375 1.056638
v -16.0 7.9375 1.056638
v -14.0 8.0 0.999997
v -16.0 8.0 0.999997
v -16.0 6.0 0.999997
v -14.0 6.0 0.999997
v -15.6875 8.874025 2.855466
v -14.3125 8.874025 2.855466
v -14.3125 10.000974 3.644529
v -15.6875 10.000974 3.644529
v -16.03125 8.544918 2.1494122
v -13.96875 8.544918 2.1494122
v -13.96875 10.080075 3.225584
v -16.03125 10.080075 3.225584
v -16.25 8.379881 1.453122
v -13.75 8.379881 1.453122
v -13.75 10.120119 2.6718721
v -16.25 10.120119 2.6718721
v -16.0 8.0625 1.056638
v -14.0 8.0625 1.056638
v -14.0 9.9375 1.056638
v -16.0 9.9375 1.056638
v -14.0 10.0 0.999997
v -16.0 10.0 0.999997
v -16.0 8.0 0.999997
v -14.0 8.0 0.999997
v -15.6875 10.874025 2.855466
v -14.3125 10.874025 2.855466
v -14.3125 12.000974 3.644529
v -15.6875 12.000974 3.644529
v -16.03125 10.544918 2.1494122
v -13.96875 10.544918 2.1494122
v -13.96875 12.080075 3.225584
v -16.03125 12.080075 3.225584
v -16.25 10.379881 1.453122
v -13.75 10.379881 1.453122
v -13.75 12.120119 2.6718721
v -16.25 12.120119 2.6718721
v -16.0 10.0625 1.056638
v -14.0 10.0625 1.056638
v -14.0 11.9375 1.056638
v -16.0 11.9375 1.056638
v -14.0 12.0 0.999997
v -16.0 12.0 0.999997
v -16.0 10.0 0.999997
v -14.0 10.0 0.999997
v -15.6875 12.874025 2.855466
v -14.3125 12.874025 2.855466
v -14.3125 14.000974 3.644529
v -15.6875 14.000974 3.644529
v -16.03125 12.544918 2.1494122
v -13.96875 12.544918 2.1494122
v -13.96875 14.080075 3.225584
v -16.03125 14.080075 3.225584
v -16.25 12.379881 1.453122
v -13.75 12.379881 1.453122
v -13.75 14.120119 2.6718721
v -16.25 14.120119 2.6718721
v -16.0 12.0625 1.056638
v -14.0 12.0625 1.056638
v -14.0 13.9375 1.056638
v -16.0 13.9375 1.056638
v -14.0 14.0 0.999997
v -16.0 14.0 0.999997
v -16.0 12.0 0.999997
v -14.0 12.0 0.999997
v -14.0 16.0 0.999998
v -16.0 16.0 0.999998
v -16.0 14.0 0.999998
v -14.0 14.0 0.999998
v -15.6875 14.874025 2.855466
v -14.3125 14.874025 2.855466
v -14.3125 16.000975 3.644529
v -15.6875 16.000975 3.644529
v -16.03125 14.544919 2.1494122
v -13.96875 14.544919 2.1494122
v -13.96875 16.080074 3.225584
v -16.03125 16.080074 3.225584
v -16.25 14.379881 1.453123
v -13.75 14.379881 1.453123
v -13.75 16.12012 2.671873
v -16.25 16.12012 2.671873
v -16.0 14.0625 1.119138
v -14.0 14.0625 1.119138
v -14.0 15.9375 1.119139
v -16.0 15.9375 1.119139
v -13.6875 -15.125975 2.855466
v -12.3125 -15.125975 2.855466
v -12.3125 -13.999026 3.644529
v -13.6875 -13.999026 3.644529
v -14.03125 -15.455082 2.1494122
v -11.96875 -15.455082 2.1494122
v -11.96875 -13.919925 3.225584
v -14.03125 -13.919925 3.225584
v -14.25 -15.620119 1.453122
v -11.75 -15.620119 1.453122
v -11.75 -13.879881 2.6718721
v -14.25 -13.879881 2.6718721
v -14.0 -15.9375 1.056638
v -12.0 -15.9375 1.056638
v -12.0 -14.0625 1.056638
v -14.0 -14.0625 1.056638
v -12.0 -14.0 0.999997
v -14.0 -14.0 0.999997
v -14.0 -16.0 0.999997
v -12.0 -16.0 0.999997
v -12.0 -12.0 0.999998
v -14.0 -12.0 0.999998
v -14.0 -14.0 0.999998
v -12.0 -14.0 0.999998
v -13.6875 -13.125975 2.855466
v -12.3125 -13.125975 2.855466
v -12.3125 -11.999026 3.644529
v -13.6875 -11.999026 3.644529
v -14.03125 -13.455081 2.1494122
v -11.96875 -13.455081 2.1494122
v -11.96875 -11.919925 3.225584
v -14.03125 -11.919925 3.225584
v -14.25 -13.620119 1.453123
v -11.75 -13.620119 1.453123
v -11.75 -11.879881 2.671873
v -14.25 -11.879881 2.671873
v -14.0 -13.9375 1.119138
v -12.0 -13.9375 1.119138
v -12.0 -12.0625 1.119139
v -14.0 -12.0625 1.119139
v -13.6875 -11.125975 2.855466
v -12.3125 -11.125975 2.855466
v -12.3125 -9.999026 3.644529
v -13.6875 -9.999026 3.644529
v -14.03125 -11.455082 2.1494122
v -11.96875 -11.455082 2.1494122
v -11.96875 -9.919925 3.225584
v -14.03125 -9.919925 3.225584
v -14.25 -11.620119 1.453122
v -11.75 -11.620119 1.453122
v -11.75 -9.879881 2.6718721
v -14.25 -9.879881 2.6718721
v -14.0 -11.9375 1.056638
v -12.0 -11.9375 1.056638
v -12.0 -10.0625 1.056638
v -14.0 -10.0625 1.056638
v -12.0 -10.0 0.999997
v -14.0 -10.0 0.999997
v -14.0 -12.0 0.999997
v -12.0 -12.0 0.999997
v -13.6875 -9.125975 2.855466
v -12.3125 -9.125975 2.855466
v -12.3125 -7.9990263 3.644529
v -13.6875 -7.9990263 3.644529
v -14.03125 -9.455082 2.1494122
v -11.96875 -9.455082 2.1494122
v -11.96875 -7.9199247 3.225584
v -14.03125 -7.9199247 3.225584
v -14.25 -9.620119 1.453122
v -11.75 -9.620119 1.453122
v -11.75 -7.879881 2.6718721
v -14.25 -7.879881 2.6718721
v -14.0 -9.9375 1.056638
v -12.0 -9.9375 1.056638
v -12.0 -8.0625 1.056638
v -14.0 -8.0625 1.056638
v -12.0 -8.0 0.999997
v -14.0 -8.0 0.999997
v -14.0 -10.0 0.999997
v -12.0 -10.0 0.999997
v -13.6875 -7.125975 2.855466
v -12.3125 -7.125975 2.855466
v -12.3125 -5.9990263 3.644529
v -13.6875 -5.9990263 3.644529
v -14.03125 -7.455082 2.1494122
v -11.96875 -7.455082 2.1494122
v -11.96875 -5.9199247 3.225584
v -14.03125 -5.9199247 3.225584
v -14.25 -7.620119 1.453122
v -11.75 -7.620119 1.453122
v -11.75 -5.879881 2.6718721
v -14.25 -5.879881 2.6718721
v -14.0 -7.9375 1.056638
v -12.0 -7.9375 1.056638
v -12.0 -6.0625 1.056638
v -14.0 -6.0625 1.056638
v -12.0 -6.0 0.999997
v -14.0 -6.0 0.999997
v -14.0 -8.0 0.999997
v -12.0 -8.0 0.999997
v -13.6875 -5.125975 2.855466
v -12.3125 -5.125975 2.855466
v -12.3125 -3.999026 3.644529
v -13.6875 -3.999026 3.644529
v -14.03125 -5.455082 2.1494122
v -11.96875 -5.455082 2.1494122
v -11.96875 -3.919925 3.225584
v -14.03125 -3.919925 3.225584
v -14.25 -5.620119 1.453122
v -11.75 -5.620119 1.453122
v -11.75 -3.879881 2.6718721
v -14.25 -3.879881 2.6718721
v -14.0 -5.9375 1.056638
v -12.0 -5.9375 1.056638
v -12.0 -4.0625 1.056638
v -14.0 -4.0625 1.056638
v -12.0 -4.0 0.999997
v -14.0 -4.0 0.999997
v -14.0 -6.0 0.999997
v -12.0 -6.0 0.999997
v -13.6875 -3.1259751 2.855466
v -12.3125 -3.1259751 2.855466
v -12.3125 -1.9990261 3.644529
v -13.6875 -1.9990261 3.644529
v -14.03125 -3.455082 2.1494122
v -11.96875 -3.455082 2.1494122
v -11.96875 -1.919925 3.225584
v -14.03125 -1.919925 3.225584
v -14.25 -3.620119 1.453122
v -11.75 -3.620119 1.453122
v -11.75 -1.8798809 2.6718721
v -14.25 -1.8798809 2.6718721
v -14.0 -3.9375 1.056638
v -12.0 -3.9375 1.056638
v -12.0 -2.0625 1.056638
v -14.0 -2.0625 1.056638
v -12.0 -2.0 0.999997
v -14.0 -2.0 0.999997
v -14.0 -4.0 0.999997
v -12.0 -4.0 0.999997
v -13.6875 -1.125975 2.855466
v -12.3125 -1.125975 2.855466
v -12.3125 9.739399E-4 3.644529
v -13.6875 9.739399E-4 3.644529
v -14.03125 -1.4550819 2.1494122
v -11.96875 -1.4550819 2.1494122
v -11.96875 0.080075026 3.225584
v -14.03125 0.080075026 3.225584
v -14.25 -1.620119 1.453122
v -11.75 -1.620119 1.453122
v -11.75 0.120119095 2.6718721
v -14.25 0.120119095 2.6718721
v -14.0 -1.9375 1.056638
v -12.0 -1.9375 1.056638
v -12.0 -0.0625 1.056638
v -14.0 -0.0625 1.056638
v -12.0 0.0 0.999997
v -14.0 0.0 0.999997
v -14.0 -2.0 0.999997
v -12.0 -2.0 0.999997
v -13.6875 0.874025 2.855466
v -12.3125 0.874025 2.855466
v -12.3125 2.000974 3.644529
v -13.6875 2.000974 3.644529
v -14.03125 0.544918 2.1494122
v -11.96875 0.544918 2.1494122
v -11.96875 2.080075 3.225584
v -14.03125 2.080075 3.225584
v -14.25 0.379881 1.453122
v -11.75 0.379881 1.453122
v -11.75 2.120119 2.6718721
v -14.25 2.120119 2.6718721
v -14.0 0.0625 1.056638
v -12.0 0.0625 1.056638
v -12.0 1.9375 1.056638
v -14.0 1.9375 1.056638
v -12.0 2.0 0.999997
v -14.0 2.0 0.999997
v -14.0 0.0 0.999997
v -12.0 0.0 0.999997
v -12.0 4.0 0.999998
v -14.0 4.0 0.999998
v -14.0 2.0 0.999998
v -12.0 2.0 0.999998
v -13.6875 2.8740249 2.855466
v -12.3125 2.8740249 2.855466
v -12.3125 4.0009737 3.644529
v -13.6875 4.0009737 3.644529
v -14.03125 2.544919 2.1494122
v -11.96875 2.544919 2.1494122
v -11.96875 4.0800753 3.225584
v -14.03125 4.0800753 3.225584
v -14.25 2.379881 1.453123
v -11.75 2.379881 1.453123
v -11.75 4.120119 2.671873
v -14.25 4.120119 2.671873
v -14.0 2.0625 1.119138
v -12.0 2.0625 1.119138
v -12.0 3.9375 1.119139
v -14.0 3.9375 1.119139
v -12.0 6.002931 3.644529
v -14.0 6.002931 3.644529
v -14.0 4.8769503 2.855466
v -12.0 4.8769503 2.855466
v -14.0 4.546875 2.1494122
v -12.0 4.546875 2.1494122
v -12.0 6.083005 3.225584
v -14.0 6.083005 3.225584
v -12.0 6.123044 2.671873
v -14.0 6.123044 2.671873
v -14.0 4.381838 1.453122
v -12.0 4.381838 1.453122
v -14.0 4.063474 1.056638
v -12.0 4.063474 1.056638
v -12.0 5.938475 1.056638
v -14.0 5.938475 1.056638
v -14.0 4.0 0.999997
v -12.0 4.0 0.999997
v -12.0 6.0 0.999998
v -14.0 6.0 0.999998
v -12.0 8.0 0.999998
v -14.0 8.0 0.999998
v -14.0 6.0 0.999998
v -12.0 6.0 0.999998
v -13.6875 6.874025 2.855466
v -12.3125 6.874025 2.855466
v -12.3125 8.000974 3.644529
v -13.6875 8.000974 3.644529
v -14.03125 6.544919 2.1494122
v -11.96875 6.544919 2.1494122
v -11.96875 8.080075 3.225584
v -14.03125 8.080075 3.225584
v -14.25 6.379881 1.453123
v -11.75 6.379881 1.453123
v -11.75 8.120119 2.671873
v -14.25 8.120119 2.671873
v -14.0 6.0625 1.119138
v -12.0 6.0625 1.119138
v -12.0 7.9375 1.119139
v -14.0 7.9375 1.119139
v -12.0 10.0 0.999998
v -14.0 10.0 0.999998
v -14.0 8.0 0.999998
v -12.0 8.0 0.999998
v -13.6875 8.874025 2.855466
v -12.3125 8.874025 2.855466
v -12.3125 10.000974 3.644529
v -13.6875 10.000974 3.644529
v -14.03125 8.544919 2.1494122
v -11.96875 8.544919 2.1494122
v -11.96875 10.080075 3.225584
v -14.03125 10.080075 3.225584
v -14.25 8.379881 1.453123
v -11.75 8.379881 1.453123
v -11.75 10.120119 2.671873
v -14.25 10.120119 2.671873
v -14.0 8.0625 1.119138
v -12.0 8.0625 1.119138
v -12.0 9.9375 1.119139
v -14.0 9.9375 1.119139
v -12.0 12.002932 3.644529
v -14.0 12.002932 3.644529
v -14.0 10.87695 2.855466
v -12.0 10.87695 2.855466
v -14.0 10.546875 2.1494122
v -12.0 10.546875 2.1494122
v -12.0 12.083005 3.225584
v -14.0 12.083005 3.225584
v -12.0 12.123044 2.671873
v -14.0 12.123044 2.671873
v -14.0 10.381838 1.453122
v -12.0 10.381838 1.453122
v -14.0 10.063474 1.056638
v -12.0 10.063474 1.056638
v -12.0 11.938475 1.056638
v -14.0 11.938475 1.056638
v -14.0 10.0 0.999997
v -12.0 10.0 0.999997
v -12.0 12.0 0.999998
v -14.0 12.0 0.999998
v -12.0 14.002932 3.644529
v -14.0 14.002932 3.644529
v -14.0 12.87695 2.855466
v -12.0 12.87695 2.855466
v -14.0 12.546875 2.1494122
v -12.0 12.546875 2.1494122
v -12.0 14.083005 3.225584
v -14.0 14.083005 3.225584
v -12.0 14.123044 2.671873
v -14.0 14.123044 2.671873
v -14.0 12.381838 1.453122
v -12.0 12.381838 1.453122
v -14.0 12.063474 1.056638
v -12.0 12.063474 1.056638
v -12.0 13.938475 1.056638
v -14.0 13.938475 1.056638
v -14.0 12.0 0.999997
v -12.0 12.0 0.999997
v -12.0 14.0 0.999998
v -14.0 14.0 0.999998
v -12.0 16.002932 3.644529
v -14.0 16.002932 3.644529
v -14.0 14.87695 2.855466
v -12.0 14.87695 2.855466
v -14.0 14.546875 2.1494122
v -12.0 14.546875 2.1494122
v -12.0 16.083004 3.225584
v -14.0 16.083004 3.225584
v -12.0 16.123043 2.671873
v -14.0 16.123043 2.671873
v -14.0 14.381838 1.453122
v -12.0 14.381838 1.453122
v -14.0 14.063474 1.056638
v -12.0 14.063474 1.056638
v -12.0 15.938475 1.056638
v -14.0 15.938475 1.056638
v -14.0 14.0 0.999997
v -12.0 14.0 0.999997
v -12.0 16.0 0.999998
v -14.0 16.0 0.999998
v -11.6875 -15.125975 2.855466
v -10.3125 -15.125975 2.855466
v -10.3125 -13.999026 3.644529
v -11.6875 -13.999026 3.644529
v -12.03125 -15.455082 2.1494122
v -9.96875 -15.455082 2.1494122
v -9.96875 -13.919925 3.225584
v -12.03125 -13.919925 3.225584
v -12.25 -15.620119 1.453122
v -9.75 -15.620119 1.453122
v -9.75 -13.879881 2.6718721
v -12.25 -13.879881 2.6718721
v -12.0 -15.9375 1.056638
v -10.0 -15.9375 1.056638
v -10.0 -14.0625 1.056638
v -12.0 -14.0625 1.056638
v -10.0 -14.0 0.999997
v -12.0 -14.0 0.999997
v -12.0 -16.0 0.999997
v -10.0 -16.0 0.999997
v -11.6875 -13.125975 2.855466
v -10.3125 -13.125975 2.855466
v -10.3125 -11.999026 3.644529
v -11.6875 -11.999026 3.644529
v -12.03125 -13.455082 2.1494122
v -9.96875 -13.455082 2.1494122
v -9.96875 -11.919925 3.225584
v -12.03125 -11.919925 3.225584
v -12.25 -13.620119 1.453122
v -9.75 -13.620119 1.453122
v -9.75 -11.879881 2.6718721
v -12.25 -11.879881 2.6718721
v -12.0 -13.9375 1.056638
v -10.0 -13.9375 1.056638
v -10.0 -12.0625 1.056638
v -12.0 -12.0625 1.056638
v -10.0 -12.0 0.999997
v -12.0 -12.0 0.999997
v -12.0 -14.0 0.999997
v -10.0 -14.0 0.999997
v -11.6875 -11.125975 2.855466
v -10.3125 -11.125975 2.855466
v -10.3125 -9.999026 3.644529
v -11.6875 -9.999026 3.644529
v -12.03125 -11.455082 2.1494122
v -9.96875 -11.455082 2.1494122
v -9.96875 -9.919925 3.225584
v -12.03125 -9.919925 3.225584
v -12.25 -11.620119 1.453122
v -9.75 -11.620119 1.453122
v -9.75 -9.879881 2.6718721
v -12.25 -9.879881 2.6718721
v -12.0 -11.9375 1.056638
v -10.0 -11.9375 1.056638
v -10.0 -10.0625 1.056638
v -12.0 -10.0625 1.056638
v -10.0 -10.0 0.999997
v -12.0 -10.0 0.999997
v -12.0 -12.0 0.999997
v -10.0 -12.0 0.999997
v -10.0 -8.0 0.999998
v -12.0 -8.0 0.999998
v -12.0 -10.0 0.999998
v -10.0 -10.0 0.999998
v -11.6875 -9.125975 2.855466
v -10.3125 -9.125975 2.855466
v -10.3125 -7.9990263 3.644529
v -11.6875 -7.9990263 3.644529
v -12.03125 -9.455081 2.1494122
v -9.96875 -9.455081 2.1494122
v -9.96875 -7.9199247 3.225584
v -12.03125 -7.9199247 3.225584
v -12.25 -9.620119 1.453123
v -9.75 -9.620119 1.453123
v -9.75 -7.879881 2.671873
v -12.25 -7.879881 2.671873
v -12.0 -9.9375 1.119138
v -10.0 -9.9375 1.119138
v -10.0 -8.0625 1.119139
v -12.0 -8.0625 1.119139
v -11.6875 -7.125975 2.855466
v -10.3125 -7.125975 2.855466
v -10.3125 -5.9990263 3.644529
v -11.6875 -5.9990263 3.644529
v -12.03125 -7.455082 2.1494122
v -9.96875 -7.455082 2.1494122
v -9.96875 -5.9199247 3.225584
v -12.03125 -5.9199247 3.225584
v -12.25 -7.620119 1.453122
v -9.75 -7.620119 1.453122
v -9.75 -5.879881 2.6718721
v -12.25 -5.879881 2.6718721
v -12.0 -7.9375 1.056638
v -10.0 -7.9375 1.056638
v -10.0 -6.0625 1.056638
v -12.0 -6.0625 1.056638
v -10.0 -6.0 0.999997
v -12.0 -6.0 0.999997
v -12.0 -8.0 0.999997
v -10.0 -8.0 0.999997
v -11.6875 -5.125975 2.855466
v -10.3125 -5.125975 2.855466
v -10.3125 -3.999026 3.644529
v -11.6875 -3.999026 3.644529
v -12.03125 -5.455082 2.1494122
v -9.96875 -5.455082 2.1494122
v -9.96875 -3.919925 3.225584
v -12.03125 -3.919925 3.225584
v -12.25 -5.620119 1.453122
v -9.75 -5.620119 1.453122
v -9.75 -3.879881 2.6718721
v -12.25 -3.879881 2.6718721
v -12.0 -5.9375 1.056638
v -10.0 -5.9375 1.056638
v -10.0 -4.0625 1.056638
v -12.0 -4.0625 1.056638
v -10.0 -4.0 0.999997
v -12.0 -4.0 0.999997
v -12.0 -6.0 0.999997
v -10.0 -6.0 0.999997
v -11.6875 -3.1259751 2.855466
v -10.3125 -3.1259751 2.855466
v -10.3125 -1.9990261 3.644529
v -11.6875 -1.9990261 3.644529
v -12.03125 -3.455082 2.1494122
v -9.96875 -3.455082 2.1494122
v -9.96875 -1.919925 3.225584
v -12.03125 -1.919925 3.225584
v -12.25 -3.620119 1.453122
v -9.75 -3.620119 1.453122
v -9.75 -1.8798809 2.6718721
v -12.25 -1.8798809 2.6718721
v -12.0 -3.9375 1.056638
v -10.0 -3.9375 1.056638
v -10.0 -2.0625 1.056638
v -12.0 -2.0625 1.056638
v -10.0 -2.0 0.999997
v -12.0 -2.0 0.999997
v -12.0 -4.0 0.999997
v -10.0 -4.0 0.999997
v -10.0 0.0 0.999998
v -12.0 0.0 0.999998
v -12.0 -2.0 0.999998
v -10.0 -2.0 0.999998
v -11.6875 -1.125975 2.855466
v -10.3125 -1.125975 2.855466
v -10.3125 9.739399E-4 3.644529
v -11.6875 9.739399E-4 3.644529
v -12.03125 -1.455081 2.1494122
v -9.96875 -1.455081 2.1494122
v -9.96875 0.080075026 3.225584
v -12.03125 0.080075026 3.225584
v -12.25 -1.620119 1.453123
v -9.75 -1.620119 1.453123
v -9.75 0.120119095 2.671873
v -12.25 0.120119095 2.671873
v -12.0 -1.9375 1.119138
v -10.0 -1.9375 1.119138
v -10.0 -0.0625 1.119139
v -12.0 -0.0625 1.119139
v -11.6875 0.874025 2.855466
v -10.3125 0.874025 2.855466
v -10.3125 2.000974 3.644529
v -11.6875 2.000974 3.644529
v -12.03125 0.544918 2.1494122
v -9.96875 0.544918 2.1494122
v -9.96875 2.080075 3.225584
v -12.03125 2.080075 3.225584
v -12.25 0.379881 1.453122
v -9.75 0.379881 1.453122
v -9.75 2.120119 2.6718721
v -12.25 2.120119 2.6718721
v -12.0 0.0625 1.056638
v -10.0 0.0625 1.056638
v -10.0 1.9375 1.056638
v -12.0 1.9375 1.056638
v -10.0 2.0 0.999997
v -12.0 2.0 0.999997
v -12.0 0.0 0.999997
v -10.0 0.0 0.999997
v -10.0 4.0 0.999998
v -12.0 4.0 0.999998
v -12.0 2.0 0.999998
v -10.0 2.0 0.999998
v -11.6875 2.8740249 2.855466
v -10.3125 2.8740249 2.855466
v -10.3125 4.0009737 3.644529
v -11.6875 4.0009737 3.644529
v -12.03125 2.544919 2.1494122
v -9.96875 2.544919 2.1494122
v -9.96875 4.0800753 3.225584
v -12.03125 4.0800753 3.225584
v -12.25 2.379881 1.453123
v -9.75 2.379881 1.453123
v -9.75 4.120119 2.671873
v -12.25 4.120119 2.671873
v -12.0 2.0625 1.119138
v -10.0 2.0625 1.119138
v -10.0 3.9375 1.119139
v -12.0 3.9375 1.119139
v -10.0 6.0 0.999998
v -12.0 6.0 0.999998
v -12.0 4.0 0.999998
v -10.0 4.0 0.999998
v -11.6875 4.874025 2.855466
v -10.3125 4.874025 2.855466
v -10.3125 6.0009737 3.644529
v -11.6875 6.0009737 3.644529
v -12.03125 4.544919 2.1494122
v -9.96875 4.544919 2.1494122
v -9.96875 6.0800753 3.225584
v -12.03125 6.0800753 3.225584
v -12.25 4.379881 1.453123
v -9.75 4.379881 1.453123
v -9.75 6.120119 2.671873
v -12.25 6.120119 2.671873
v -12.0 4.0625 1.119138
v -10.0 4.0625 1.119138
v -10.0 5.9375 1.119139
v -12.0 5.9375 1.119139
v -10.0 8.0 0.999998
v -12.0 8.0 0.999998
v -12.0 6.0 0.999998
v -10.0 6.0 0.999998
v -11.6875 6.874025 2.855466
v -10.3125 6.874025 2.855466
v -10.3125 8.000974 3.644529
v -11.6875 8.000974 3.644529
v -12.03125 6.544919 2.1494122
v -9.96875 6.544919 2.1494122
v -9.96875 8.080075 3.225584
v -12.03125 8.080075 3.225584
v -12.25 6.379881 1.453123
v -9.75 6.379881 1.453123
v -9.75 8.120119 2.671873
v -12.25 8.120119 2.671873
v -12.0 6.0625 1.119138
v -10.0 6.0625 1.119138
v -10.0 7.9375 1.119139
v -12.0 7.9375 1.119139
v -11.6875 8.874025 2.855466
v -10.3125 8.874025 2.855466
v -10.3125 10.000974 3.644529
v -11.6875 10.000974 3.644529
v -12.03125 8.544918 2.1494122
v -9.96875 8.544918 2.1494122
v -9.96875 10.080075 3.225584
v -12.03125 10.080075 3.225584
v -12.25 8.379881 1.453122
v -9.75 8.379881 1.453122
v -9.75 10.120119 2.6718721
v -12.25 10.120119 2.6718721
v -12.0 8.0625 1.056638
v -10.0 8.0625 1.056638
v -10.0 9.9375 1.056638
v -12.0 9.9375 1.056638
v -10.0 10.0 0.999997
v -12.0 10.0 0.999997
v -12.0 8.0 0.999997
v -10.0 8.0 0.999997
v -10.0 12.0 0.999998
v -12.0 12.0 0.999998
v -12.0 10.0 0.999998
v -10.0 10.0 0.999998
v -11.6875 10.874025 2.855466
v -10.3125 10.874025 2.855466
v -10.3125 12.000974 3.644529
v -11.6875 12.000974 3.644529
v -12.03125 10.544919 2.1494122
v -9.96875 10.544919 2.1494122
v -9.96875 12.080075 3.225584
v -12.03125 12.080075 3.225584
v -12.25 10.379881 1.453123
v -9.75 10.379881 1.453123
v -9.75 12.120119 2.671873
v -12.25 12.120119 2.671873
v -12.0 10.0625 1.119138
v -10.0 10.0625 1.119138
v -10.0 11.9375 1.119139
v -12.0 11.9375 1.119139
v -11.6875 12.874025 2.855466
v -10.3125 12.874025 2.855466
v -10.3125 14.000974 3.644529
v -11.6875 14.000974 3.644529
v -12.03125 12.544918 2.1494122
v -9.96875 12.544918 2.1494122
v -9.96875 14.080075 3.225584
v -12.03125 14.080075 3.225584
v -12.25 12.379881 1.453122
v -9.75 12.379881 1.453122
v -9.75 14.120119 2.6718721
v -12.25 14.120119 2.6718721
v -12.0 12.0625 1.056638
v -10.0 12.0625 1.056638
v -10.0 13.9375 1.056638
v -12.0 13.9375 1.056638
v -10.0 14.0 0.999997
v -12.0 14.0 0.999997
v -12.0 12.0 0.999997
v -10.0 12.0 0.999997
v -11.6875 14.874025 2.855466
v -10.3125 14.874025 2.855466
v -10.3125 16.000975 3.644529
v -11.6875 16.000975 3.644529
v -12.03125 14.544918 2.1494122
v -9.96875 14.544918 2.1494122
v -9.96875 16.080074 3.225584
v -12.03125 16.080074 3.225584
v -12.25 14.379881 1.453122
v -9.75 14.379881 1.453122
v -9.75 16.12012 2.6718721
v -12.25 16.12012 2.6718721
v -12.0 14.0625 1.056638
v -10.0 14.0625 1.056638
v -10.0 15.9375 1.056638
v -12.0 15.9375 1.056638
v -10.0 16.0 0.999997
v -12.0 16.0 0.999997
v -12.0 14.0 0.999997
v -10.0 14.0 0.999997
v -9.6875 -15.125975 2.855466
v -8.3125 -15.125975 2.855466
v -8.3125 -13.999026 3.644529
v -9.6875 -13.999026 3.644529
v -10.03125 -15.455082 2.1494122
v -7.96875 -15.455082 2.1494122
v -7.96875 -13.919925 3.225584
v -10.03125 -13.919925 3.225584
v -10.25 -15.620119 1.453122
v -7.75 -15.620119 1.453122
v -7.75 -13.879881 2.6718721
v -10.25 -13.879881 2.6718721
v -10.0 -15.9375 1.056638
v -8.0 -15.9375 1.056638
v -8.0 -14.0625 1.056638
v -10.0 -14.0625 1.056638
v -8.0 -14.0 0.999997
v -10.0 -14.0 0.999997
v -10.0 -16.0 0.999997
v -8.0 -16.0 0.999997
v -9.6875 -13.125975 2.855466
v -8.3125 -13.125975 2.855466
v -8.3125 -11.999026 3.644529
v -9.6875 -11.999026 3.644529
v -10.03125 -13.455082 2.1494122
v -7.96875 -13.455082 2.1494122
v -7.96875 -11.919925 3.225584
v -10.03125 -11.919925 3.225584
v -10.25 -13.620119 1.453122
v -7.75 -13.620119 1.453122
v -7.75 -11.879881 2.6718721
v -10.25 -11.879881 2.6718721
v -10.0 -13.9375 1.056638
v -8.0 -13.9375 1.056638
v -8.0 -12.0625 1.056638
v -10.0 -12.0625 1.056638
v -8.0 -12.0 0.999997
v -10.0 -12.0 0.999997
v -10.0 -14.0 0.999997
v -8.0 -14.0 0.999997
v -10.0 -12.0 0.999999
v -4.0 -12.0 0.999999
v -4.0 -4.0 0.999999
v -10.0 -4.0 0.999999
v -10.0 -4.0 0.999999
v -2.0 -4.0 0.999999
v -2.0 4.0 0.999999
v -10.0 4.0 0.999999
v -10.0 4.0 0.999999
v -2.0 4.0 0.999999
v -2.0 12.0 0.999999
v -10.0 12.0 0.999999
v -10.0 12.0 0.999999
v -2.0 12.0 0.999999
v -2.0 16.0 0.999999
v -10.0 16.0 0.999999
v -7.6875 -15.125975 2.855466
v -6.3125 -15.125975 2.855466
v -6.3125 -13.999026 3.644529
v -7.6875 -13.999026 3.644529
v -8.03125 -15.455082 2.1494122
v -5.96875 -15.455082 2.1494122
v -5.96875 -13.919925 3.225584
v -8.03125 -13.919925 3.225584
v -8.25 -15.620119 1.453122
v -5.75 -15.620119 1.453122
v -5.75 -13.879881 2.6718721
v -8.25 -13.879881 2.6718721
v -8.0 -15.9375 1.056638
v -6.0 -15.9375 1.056638
v -6.0 -14.0625 1.056638
v -8.0 -14.0625 1.056638
v -6.0 -14.0 0.999997
v -8.0 -14.0 0.999997
v -8.0 -16.0 0.999997
v -6.0 -16.0 0.999997
v -7.6875 -13.125975 2.855466
v -6.3125 -13.125975 2.855466
v -6.3125 -11.999026 3.644529
v -7.6875 -11.999026 3.644529
v -8.03125 -13.455082 2.1494122
v -5.96875 -13.455082 2.1494122
v -5.96875 -11.919925 3.225584
v -8.03125 -11.919925 3.225584
v -8.25 -13.620119 1.453122
v -5.75 -13.620119 1.453122
v -5.75 -11.879881 2.6718721
v -8.25 -11.879881 2.6718721
v -8.0 -13.9375 1.056638
v -6.0 -13.9375 1.056638
v -6.0 -12.0625 1.056638
v -8.0 -12.0625 1.056638
v -6.0 -12.0 0.999997
v -8.0 -12.0 0.999997
v -8.0 -14.0 0.999997
v -6.0 -14.0 0.999997
v -4.0 -14.0 0.999998
v -6.0 -14.0 0.999998
v -6.0 -16.0 0.999998
v -4.0 -16.0 0.999998
v -5.6875 -15.125975 2.855466
v -4.3125 -15.125975 2.855466
v -4.3125 -13.999026 3.644529
v -5.6875 -13.999026 3.644529
v -6.03125 -15.455081 2.1494122
v -3.96875 -15.455081 2.1494122
v -3.96875 -13.919925 3.225584
v -6.03125 -13.919925 3.225584
v -6.25 -15.620119 1.453123
v -3.75 -15.620119 1.453123
v -3.75 -13.879881 2.671873
v -6.25 -13.879881 2.671873
v -6.0 -15.9375 1.119138
v -4.0 -15.9375 1.119138
v -4.0 -14.0625 1.119139
v -6.0 -14.0625 1.119139
v -4.0 -11.997068 3.644529
v -6.0 -11.997068 3.644529
v -6.0 -13.12305 2.855466
v -4.0 -13.12305 2.855466
v -6.0 -13.453125 2.1494122
v -4.0 -13.453125 2.1494122
v -4.0 -11.916995 3.225584
v -6.0 -11.916995 3.225584
v -4.0 -11.876956 2.671873
v -6.0 -11.876956 2.671873
v -6.0 -13.618162 1.453122
v -4.0 -13.618162 1.453122
v -6.0 -13.936526 1.056638
v -4.0 -13.936526 1.056638
v -4.0 -12.061525 1.056638
v -6.0 -12.061525 1.056638
v -6.0 -14.0 0.999997
v -4.0 -14.0 0.999997
v -4.0 -12.0 0.999998
v -6.0 -12.0 0.999998
v -4.0 -16.0 0.49999797
v -3.0 -16.0 0.49999797
v -3.875 -16.0 0.999998
v -3.875 -12.0 0.999998
v -3.75 -16.0 0.562498
v -3.75 -12.0 0.562498
v -3.875 -12.0 0.999998
v -3.875 -16.0 0.999998
v -4.0 -12.0 1.124998
v -4.0 -16.0 1.124998
v -4.25 -12.0 1.062498
v -4.25 -16.0 1.062498
v -3.0 -12.0 0.49999797
v -4.0 -12.0 0.49999797
v -3.0 -10.75 1.062498
v -4.25 -10.75 1.062498
v -3.0 -11.0 1.124998
v -4.0 -11.0 1.124998
v -3.0 -11.125 0.999998
v -3.875 -11.125 0.999998
v -4.25 -10.75 1.062498
v -4.25 -12.0 1.062498
v -4.0 -11.0 1.124998
v -4.0 -12.0 1.124998
v -3.875 -11.125 0.999998
v -3.875 -12.0 0.999998
v -3.875 -11.125 0.999998
v -3.75 -11.25 0.562498
v -3.0 -11.25 0.562498
v -3.0 -11.125 0.999998
v -3.875 -12.0 0.999998
v -3.75 -12.0 0.562498
v -3.75 -11.25 0.562498
v -3.875 -11.125 0.999998
v -4.0 -12.0 0.49999797
v -3.0 -12.0 0.49999797
v -3.0 -11.0 0.49999797
v -4.0 -11.0 0.49999797
v -4.0 -11.0 0.999999
v 4.0 -11.0 0.999999
v 4.0 -4.0 0.999999
v -4.0 -4.0 0.999999
v 3.0 -12.0 0.49999797
v -3.0 -12.0 0.49999797
v 3.0 -16.0 0.49999797
v -3.0 -16.0 0.49999797
v -3.0 -11.0 0.49999797
v -3.0 -12.0 0.49999797
v -3.0 -11.125 0.999998
v 3.0 -11.125 0.999998
v -3.0 -11.25 0.562498
v 3.0 -11.25 0.562498
v 3.0 -11.125 0.999998
v -3.0 -11.125 0.999998
v 3.0 -11.0 1.124998
v -3.0 -11.0 1.124998
v 3.0 -10.75 1.062498
v -3.0 -10.75 1.062498
v 3.0 -12.0 0.49999797
v 3.0 -11.0 0.49999797
v -2.0 -4.0 0.999999
v 6.0 -4.0 0.999999
v 6.0 -1.0 0.999999
v -2.0 -1.0 0.999999
v -2.0 7.0 1.000001
v -2.0 -1.0 1.0
v -1.0 -1.0 1.0
v -1.0 7.0 1.000001
v -2.0 13.0 1.000001
v -2.0 7.0 1.0
v -1.0 7.0 1.0
v -1.0 13.0 1.000001
v -2.0 13.0 1.000001
v -1.0 13.0 1.0
v -1.0 14.0 1.0
v -2.0 14.0 1.000001
v -2.0 14.0 0.999999
v 6.0 14.0 0.999999
v 6.0 16.0 0.999999
v -2.0 16.0 0.999999
v 1.0 -1.0 1.0
v 1.0 7.0 1.0
v -1.0 7.0 1.0
v -1.0 -1.0 1.0
v 1.0 7.0 1.0
v 1.0 13.0 1.0
v -1.0 13.0 1.0
v -1.0 7.0 1.0
v 1.0 14.0 1.000001
v -1.0 14.0 1.0
v -1.0 13.0 1.0
v 1.0 13.0 1.000001
v 2.0 -1.0 1.000001
v 2.0 7.0 1.0
v 1.0 7.0 1.0
v 1.0 -1.0 1.000001
v 2.0 7.0 1.000001
v 2.0 13.0 1.0
v 1.0 13.0 1.0
v 1.0 7.0 1.000001
v 1.0 14.0 1.000001
v 1.0 13.0 1.0
v 2.0 13.0 1.0
v 2.0 14.0 1.000001
v 2.0 -1.0 0.999999
v 10.0 -1.0 0.999999
v 10.0 7.0 0.999999
v 2.0 7.0 0.999999
v 2.0 7.0 0.999999
v 10.0 7.0 0.999999
v 10.0 14.0 0.999999
v 2.0 14.0 0.999999
v 4.0 -12.0 0.49999797
v 3.0 -12.0 0.49999797
v 3.875 -12.0 0.999998
v 3.875 -16.0 0.999998
v 3.75 -12.0 0.562498
v 3.75 -16.0 0.562498
v 3.875 -16.0 0.999998
v 3.875 -12.0 0.999998
v 4.0 -16.0 1.124998
v 4.0 -12.0 1.124998
v 4.25 -16.0 1.062498
v 4.25 -12.0 1.062498
v 3.0 -16.0 0.49999797
v 4.0 -16.0 0.49999797
v 4.25 -12.0 1.062498
v 4.25 -10.75 1.062498
v 4.0 -12.0 1.124998
v 4.0 -11.0 1.124998
v 3.875 -12.0 0.999998
v 3.875 -11.125 0.999998
v 4.25 -10.75 1.062498
v 3.0 -10.75 1.062498
v 4.0 -11.0 1.124998
v 3.0 -11.0 1.124998
v 3.875 -11.125 0.999998
v 3.0 -11.125 0.999998
v 3.875 -11.125 0.999998
v 3.75 -11.25 0.562498
v 3.75 -12.0 0.562498
v 3.875 -12.0 0.999998
v 3.0 -11.125 0.999998
v 3.0 -11.25 0.562498
v 3.75 -11.25 0.562498
v 3.875 -11.125 0.999998
v 3.0 -11.0 0.49999797
v 3.0 -12.0 0.49999797
v 4.0 -12.0 0.49999797
v 4.0 -11.0 0.49999797
v 4.3125 -15.125975 2.855466
v 5.6875 -15.125975 2.855466
v 5.6875 -13.999026 3.644529
v 4.3125 -13.999026 3.644529
v 3.96875 -15.455082 2.1494122
v 6.03125 -15.455082 2.1494122
v 6.03125 -13.919925 3.225584
v 3.96875 -13.919925 3.225584
v 3.75 -15.620119 1.453122
v 6.25 -15.620119 1.453122
v 6.25 -13.879881 2.6718721
v 3.75 -13.879881 2.6718721
v 4.0 -15.9375 1.056638
v 6.0 -15.9375 1.056638
v 6.0 -14.0625 1.056638
v 4.0 -14.0625 1.056638
v 6.0 -14.0 0.999997
v 4.0 -14.0 0.999997
v 4.0 -16.0 0.999997
v 6.0 -16.0 0.999997
v 4.3125 -13.125975 2.855466
v 5.6875 -13.125975 2.855466
v 5.6875 -11.999026 3.644529
v 4.3125 -11.999026 3.644529
v 3.96875 -13.455082 2.1494122
v 6.03125 -13.455082 2.1494122
v 6.03125 -11.919925 3.225584
v 3.96875 -11.919925 3.225584
v 3.75 -13.620119 1.453122
v 6.25 -13.620119 1.453122
v 6.25 -11.879881 2.6718721
v 3.75 -11.879881 2.6718721
v 4.0 -13.9375 1.056638
v 6.0 -13.9375 1.056638
v 6.0 -12.0625 1.056638
v 4.0 -12.0625 1.056638
v 6.0 -12.0 0.999997
v 4.0 -12.0 0.999997
v 4.0 -14.0 0.999997
v 6.0 -14.0 0.999997
v 4.0 -12.0 0.999999
v 10.0 -12.0 0.999999
v 10.0 -4.0 0.999999
v 4.0 -4.0 0.999999
v 6.3125 -15.125975 2.855466
v 7.6875 -15.125975 2.855466
v 7.6875 -13.999026 3.644529
v 6.3125 -13.999026 3.644529
v 5.96875 -15.455082 2.1494122
v 8.03125 -15.455082 2.1494122
v 8.03125 -13.919925 3.225584
v 5.96875 -13.919925 3.225584
v 5.75 -15.620119 1.453122
v 8.25 -15.620119 1.453122
v 8.25 -13.879881 2.6718721
v 5.75 -13.879881 2.6718721
v 6.0 -15.9375 1.056638
v 8.0 -15.9375 1.056638
v 8.0 -14.0625 1.056638
v 6.0 -14.0625 1.056638
v 8.0 -14.0 0.999997
v 6.0 -14.0 0.999997
v 6.0 -16.0 0.999997
v 8.0 -16.0 0.999997
v 6.3125 -13.125975 2.855466
v 7.6875 -13.125975 2.855466
v 7.6875 -11.999026 3.644529
v 6.3125 -11.999026 3.644529
v 5.96875 -13.455082 2.1494122
v 8.03125 -13.455082 2.1494122
v 8.03125 -11.919925 3.225584
v 5.96875 -11.919925 3.225584
v 5.75 -13.620119 1.453122
v 8.25 -13.620119 1.453122
v 8.25 -11.879881 2.6718721
v 5.75 -11.879881 2.6718721
v 6.0 -13.9375 1.056638
v 8.0 -13.9375 1.056638
v 8.0 -12.0625 1.056638
v 6.0 -12.0625 1.056638
v 8.0 -12.0 0.999997
v 6.0 -12.0 0.999997
v 6.0 -14.0 0.999997
v 8.0 -14.0 0.999997
v 6.0 -4.0 0.999999
v 10.0 -4.0 0.999999
v 10.0 -1.0 0.999999
v 6.0 -1.0 0.999999
v 6.0 14.0 0.999999
v 10.0 14.0 0.999999
v 10.0 16.0 0.999999
v 6.0 16.0 0.999999
v 8.3125 -15.125975 2.855466
v 9.6875 -15.125975 2.855466
v 9.6875 -13.999026 3.644529
v 8.3125 -13.999026 3.644529
v 7.96875 -15.455082 2.1494122
v 10.03125 -15.455082 2.1494122
v 10.03125 -13.919925 3.225584
v 7.96875 -13.919925 3.225584
v 7.75 -15.620119 1.453122
v 10.25 -15.620119 1.453122
v 10.25 -13.879881 2.6718721
v 7.75 -13.879881 2.6718721
v 8.0 -15.9375 1.056638
v 10.0 -15.9375 1.056638
v 10.0 -14.0625 1.056638
v 8.0 -14.0625 1.056638
v 10.0 -14.0 0.999997
v 8.0 -14.0 0.999997
v 8.0 -16.0 0.999997
v 10.0 -16.0 0.999997
v 8.3125 -13.125975 2.855466
v 9.6875 -13.125975 2.855466
v 9.6875 -11.999026 3.644529
v 8.3125 -11.999026 3.644529
v 7.96875 -13.455082 2.1494122
v 10.03125 -13.455082 2.1494122
v 10.03125 -11.919925 3.225584
v 7.96875 -11.919925 3.225584
v 7.75 -13.620119 1.453122
v 10.25 -13.620119 1.453122
v 10.25 -11.879881 2.6718721
v 7.75 -11.879881 2.6718721
v 8.0 -13.9375 1.056638
v 10.0 -13.9375 1.056638
v 10.0 -12.0625 1.056638
v 8.0 -12.0625 1.056638
v 10.0 -12.0 0.999997
v 8.0 -12.0 0.999997
v 8.0 -14.0 0.999997
v 10.0 -14.0 0.999997
v 14.0 -13.997068 3.644529
v 10.0 -13.997068 3.644529
v 10.0 -15.12305 2.855466
v 14.0 -15.12305 2.855466
v 10.0 -15.453125 2.1494122
v 14.0 -15.453125 2.1494122
v 14.0 -13.916995 3.225584
v 10.0 -13.916995 3.225584
v 14.0 -13.876956 2.671873
v 10.0 -13.876956 2.671873
v 10.0 -15.618162 1.453122
v 14.0 -15.618162 1.453122
v 10.0 -15.936526 1.056638
v 14.0 -15.936526 1.056638
v 14.0 -14.061525 1.056638
v 10.0 -14.061525 1.056638
v 10.0 -16.0 0.999997
v 14.0 -16.0 0.999997
v 14.0 -14.0 0.999998
v 10.0 -14.0 0.999998
v 10.3125 -13.125975 2.855466
v 11.6875 -13.125975 2.855466
v 11.6875 -11.999026 3.644529
v 10.3125 -11.999026 3.644529
v 9.96875 -13.455082 2.1494122
v 12.03125 -13.455082 2.1494122
v 12.03125 -11.919925 3.225584
v 9.96875 -11.919925 3.225584
v 9.75 -13.620119 1.453122
v 12.25 -13.620119 1.453122
v 12.25 -11.879881 2.6718721
v 9.75 -11.879881 2.6718721
v 10.0 -13.9375 1.056638
v 12.0 -13.9375 1.056638
v 12.0 -12.0625 1.056638
v 10.0 -12.0625 1.056638
v 12.0 -12.0 0.999997
v 10.0 -12.0 0.999997
v 10.0 -14.0 0.999997
v 12.0 -14.0 0.999997
v 10.3125 -11.125975 2.855466
v 11.6875 -11.125975 2.855466
v 11.6875 -9.999026 3.644529
v 10.3125 -9.999026 3.644529
v 9.96875 -11.455082 2.1494122
v 12.03125 -11.455082 2.1494122
v 12.03125 -9.919925 3.225584
v 9.96875 -9.919925 3.225584
v 9.75 -11.620119 1.453122
v 12.25 -11.620119 1.453122
v 12.25 -9.879881 2.6718721
v 9.75 -9.879881 2.6718721
v 10.0 -11.9375 1.056638
v 12.0 -11.9375 1.056638
v 12.0 -10.0625 1.056638
v 10.0 -10.0625 1.056638
v 12.0 -10.0 0.999997
v 10.0 -10.0 0.999997
v 10.0 -12.0 0.999997
v 12.0 -12.0 0.999997
v 10.3125 -9.125975 2.855466
v 11.6875 -9.125975 2.855466
v 11.6875 -7.9990263 3.644529
v 10.3125 -7.9990263 3.644529
v 9.96875 -9.455082 2.1494122
v 12.03125 -9.455082 2.1494122
v 12.03125 -7.9199247 3.225584
v 9.96875 -7.9199247 3.225584
v 9.75 -9.620119 1.453122
v 12.25 -9.620119 1.453122
v 12.25 -7.879881 2.6718721
v 9.75 -7.879881 2.6718721
v 10.0 -9.9375 1.056638
v 12.0 -9.9375 1.056638
v 12.0 -8.0625 1.056638
v 10.0 -8.0625 1.056638
v 12.0 -8.0 0.999997
v 10.0 -8.0 0.999997
v 10.0 -10.0 0.999997
v 12.0 -10.0 0.999997
v 10.3125 -7.125975 2.855466
v 11.6875 -7.125975 2.855466
v 11.6875 -5.9990263 3.644529
v 10.3125 -5.9990263 3.644529
v 9.96875 -7.455082 2.1494122
v 12.03125 -7.455082 2.1494122
v 12.03125 -5.9199247 3.225584
v 9.96875 -5.9199247 3.225584
v 9.75 -7.620119 1.453122
v 12.25 -7.620119 1.453122
v 12.25 -5.879881 2.6718721
v 9.75 -5.879881 2.6718721
v 10.0 -7.9375 1.056638
v 12.0 -7.9375 1.056638
v 12.0 -6.0625 1.056638
v 10.0 -6.0625 1.056638
v 12.0 -6.0 0.999997
v 10.0 -6.0 0.999997
v 10.0 -8.0 0.999997
v 12.0 -8.0 0.999997
v 10.3125 -5.125975 2.855466
v 11.6875 -5.125975 2.855466
v 11.6875 -3.999026 3.644529
v 10.3125 -3.999026 3.644529
v 9.96875 -5.455082 2.1494122
v 12.03125 -5.455082 2.1494122
v 12.03125 -3.919925 3.225584
v 9.96875 -3.919925 3.225584
v 9.75 -5.620119 1.453122
v 12.25 -5.620119 1.453122
v 12.25 -3.879881 2.6718721
v 9.75 -3.879881 2.6718721
v 10.0 -5.9375 1.056638
v 12.0 -5.9375 1.056638
v 12.0 -4.0625 1.056638
v 10.0 -4.0625 1.056638
v 12.0 -4.0 0.999997
v 10.0 -4.0 0.999997
v 10.0 -6.0 0.999997
v 12.0 -6.0 0.999997
v 10.3125 -3.1259751 2.855466
v 11.6875 -3.1259751 2.855466
v 11.6875 -1.9990261 3.644529
v 10.3125 -1.9990261 3.644529
v 9.96875 -3.455082 2.1494122
v 12.03125 -3.455082 2.1494122
v 12.03125 -1.919925 3.225584
v 9.96875 -1.919925 3.225584
v 9.75 -3.620119 1.453122
v 12.25 -3.620119 1.453122
v 12.25 -1.8798809 2.6718721
v 9.75 -1.8798809 2.6718721
v 10.0 -3.9375 1.056638
v 12.0 -3.9375 1.056638
v 12.0 -2.0625 1.056638
v 10.0 -2.0625 1.056638
v 12.0 -2.0 0.999997
v 10.0 -2.0 0.999997
v 10.0 -4.0 0.999997
v 12.0 -4.0 0.999997
v 10.3125 -1.125975 2.855466
v 11.6875 -1.125975 2.855466
v 11.6875 9.739399E-4 3.644529
v 10.3125 9.739399E-4 3.644529
v 9.96875 -1.4550819 2.1494122
v 12.03125 -1.4550819 2.1494122
v 12.03125 0.080075026 3.225584
v 9.96875 0.080075026 3.225584
v 9.75 -1.620119 1.453122
v 12.25 -1.620119 1.453122
v 12.25 0.120119095 2.6718721
v 9.75 0.120119095 2.6718721
v 10.0 -1.9375 1.056638
v 12.0 -1.9375 1.056638
v 12.0 -0.0625 1.056638
v 10.0 -0.0625 1.056638
v 12.0 0.0 0.999997
v 10.0 0.0 0.999997
v 10.0 -2.0 0.999997
v 12.0 -2.0 0.999997
v 10.3125 0.874025 2.855466
v 11.6875 0.874025 2.855466
v 11.6875 2.000974 3.644529
v 10.3125 2.000974 3.644529
v 9.96875 0.544918 2.1494122
v 12.03125 0.544918 2.1494122
v 12.03125 2.080075 3.225584
v 9.96875 2.080075 3.225584
v 9.75 0.379881 1.453122
v 12.25 0.379881 1.453122
v 12.25 2.120119 2.6718721
v 9.75 2.120119 2.6718721
v 10.0 0.0625 1.056638
v 12.0 0.0625 1.056638
v 12.0 1.9375 1.056638
v 10.0 1.9375 1.056638
v 12.0 2.0 0.999997
v 10.0 2.0 0.999997
v 10.0 0.0 0.999997
v 12.0 0.0 0.999997
v 10.3125 2.8740249 2.855466
v 11.6875 2.8740249 2.855466
v 11.6875 4.0009737 3.644529
v 10.3125 4.0009737 3.644529
v 9.96875 2.544918 2.1494122
v 12.03125 2.544918 2.1494122
v 12.03125 4.0800753 3.225584
v 9.96875 4.0800753 3.225584
v 9.75 2.379881 1.453122
v 12.25 2.379881 1.453122
v 12.25 4.120119 2.6718721
v 9.75 4.120119 2.6718721
v 10.0 2.0625 1.056638
v 12.0 2.0625 1.056638
v 12.0 3.9375 1.056638
v 10.0 3.9375 1.056638
v 12.0 4.0 0.999997
v 10.0 4.0 0.999997
v 10.0 2.0 0.999997
v 12.0 2.0 0.999997
v 10.3125 4.874025 2.855466
v 11.6875 4.874025 2.855466
v 11.6875 6.0009737 3.644529
v 10.3125 6.0009737 3.644529
v 9.96875 4.544918 2.1494122
v 12.03125 4.544918 2.1494122
v 12.03125 6.0800753 3.225584
v 9.96875 6.0800753 3.225584
v 9.75 4.379881 1.453122
v 12.25 4.379881 1.453122
v 12.25 6.120119 2.6718721
v 9.75 6.120119 2.6718721
v 10.0 4.0625 1.056638
v 12.0 4.0625 1.056638
v 12.0 5.9375 1.056638
v 10.0 5.9375 1.056638
v 12.0 6.0 0.999997
v 10.0 6.0 0.999997
v 10.0 4.0 0.999997
v 12.0 4.0 0.999997
v 10.3125 6.874025 2.855466
v 11.6875 6.874025 2.855466
v 11.6875 8.000974 3.644529
v 10.3125 8.000974 3.644529
v 9.96875 6.544918 2.1494122
v 12.03125 6.544918 2.1494122
v 12.03125 8.080075 3.225584
v 9.96875 8.080075 3.225584
v 9.75 6.379881 1.453122
v 12.25 6.379881 1.453122
v 12.25 8.120119 2.6718721
v 9.75 8.120119 2.6718721
v 10.0 6.0625 1.056638
v 12.0 6.0625 1.056638
v 12.0 7.9375 1.056638
v 10.0 7.9375 1.056638
v 12.0 8.0 0.999997
v 10.0 8.0 0.999997
v 10.0 6.0 0.999997
v 12.0 6.0 0.999997
v 10.3125 8.874025 2.855466
v 11.6875 8.874025 2.855466
v 11.6875 10.000974 3.644529
v 10.3125 10.000974 3.644529
v 9.96875 8.544918 2.1494122
v 12.03125 8.544918 2.1494122
v 12.03125 10.080075 3.225584
v 9.96875 10.080075 3.225584
v 9.75 8.379881 1.453122
v 12.25 8.379881 1.453122
v 12.25 10.120119 2.6718721
v 9.75 10.120119 2.6718721
v 10.0 8.0625 1.056638
v 12.0 8.0625 1.056638
v 12.0 9.9375 1.056638
v 10.0 9.9375 1.056638
v 12.0 10.0 0.999997
v 10.0 10.0 0.999997
v 10.0 8.0 0.999997
v 12.0 8.0 0.999997
v 10.3125 10.874025 2.855466
v 11.6875 10.874025 2.855466
v 11.6875 12.000974 3.644529
v 10.3125 12.000974 3.644529
v 9.96875 10.544918 2.1494122
v 12.03125 10.544918 2.1494122
v 12.03125 12.080075 3.225584
v 9.96875 12.080075 3.225584
v 9.75 10.379881 1.453122
v 12.25 10.379881 1.453122
v 12.25 12.120119 2.6718721
v 9.75 12.120119 2.6718721
v 10.0 10.0625 1.056638
v 12.0 10.0625 1.056638
v 12.0 11.9375 1.056638
v 10.0 11.9375 1.056638
v 12.0 12.0 0.999997
v 10.0 12.0 0.999997
v 10.0 10.0 0.999997
v 12.0 10.0 0.999997
v 10.3125 12.874025 2.855466
v 11.6875 12.874025 2.855466
v 11.6875 14.000974 3.644529
v 10.3125 14.000974 3.644529
v 9.96875 12.544918 2.1494122
v 12.03125 12.544918 2.1494122
v 12.03125 14.080075 3.225584
v 9.96875 14.080075 3.225584
v 9.75 12.379881 1.453122
v 12.25 12.379881 1.453122
v 12.25 14.120119 2.6718721
v 9.75 14.120119 2.6718721
v 10.0 12.0625 1.056638
v 12.0 12.0625 1.056638
v 12.0 13.9375 1.056638
v 10.0 13.9375 1.056638
v 12.0 14.0 0.999997
v 10.0 14.0 0.999997
v 10.0 12.0 0.999997
v 12.0 12.0 0.999997
v 10.3125 14.874025 2.855466
v 11.6875 14.874025 2.855466
v 11.6875 16.000975 3.644529
v 10.3125 16.000975 3.644529
v 9.96875 14.544918 2.1494122
v 12.03125 14.544918 2.1494122
v 12.03125 16.080074 3.225584
v 9.96875 16.080074 3.225584
v 9.75 14.379881 1.453122
v 12.25 14.379881 1.453122
v 12.25 16.12012 2.6718721
v 9.75 16.12012 2.6718721
v 10.0 14.0625 1.056638
v 12.0 14.0625 1.056638
v 12.0 15.9375 1.056638
v 10.0 15.9375 1.056638
v 12.0 16.0 0.999997
v 10.0 16.0 0.999997
v 10.0 14.0 0.999997
v 12.0 14.0 0.999997
v 14.0 -11.997068 3.644529
v 12.0 -11.997068 3.644529
v 12.0 -13.12305 2.855466
v 14.0 -13.12305 2.855466
v 12.0 -13.453125 2.1494122
v 14.0 -13.453125 2.1494122
v 14.0 -11.916995 3.225584
v 12.0 -11.916995 3.225584
v 14.0 -11.876956 2.671873
v 12.0 -11.876956 2.671873
v 12.0 -13.618162 1.453122
v 14.0 -13.618162 1.453122
v 12.0 -13.936526 1.056638
v 14.0 -13.936526 1.056638
v 14.0 -12.061525 1.056638
v 12.0 -12.061525 1.056638
v 12.0 -14.0 0.999997
v 14.0 -14.0 0.999997
v 14.0 -12.0 0.999998
v 12.0 -12.0 0.999998
v 14.0 -9.997068 3.644529
v 12.0 -9.997068 3.644529
v 12.0 -11.12305 2.855466
v 14.0 -11.12305 2.855466
v 12.0 -11.453125 2.1494122
v 14.0 -11.453125 2.1494122
v 14.0 -9.916995 3.225584
v 12.0 -9.916995 3.225584
v 14.0 -9.876956 2.671873
v 12.0 -9.876956 2.671873
v 12.0 -11.618162 1.453122
v 14.0 -11.618162 1.453122
v 12.0 -11.936526 1.056638
v 14.0 -11.936526 1.056638
v 14.0 -10.061525 1.056638
v 12.0 -10.061525 1.056638
v 12.0 -12.0 0.999997
v 14.0 -12.0 0.999997
v 14.0 -10.0 0.999998
v 12.0 -10.0 0.999998
v 14.0 -7.997069 3.644529
v 12.0 -7.997069 3.644529
v 12.0 -9.12305 2.855466
v 14.0 -9.12305 2.855466
v 12.0 -9.453125 2.1494122
v 14.0 -9.453125 2.1494122
v 14.0 -7.916995 3.225584
v 12.0 -7.916995 3.225584
v 14.0 -7.876956 2.671873
v 12.0 -7.876956 2.671873
v 12.0 -9.618162 1.453122
v 14.0 -9.618162 1.453122
v 12.0 -9.936526 1.056638
v 14.0 -9.936526 1.056638
v 14.0 -8.061525 1.056638
v 12.0 -8.061525 1.056638
v 12.0 -10.0 0.999997
v 14.0 -10.0 0.999997
v 14.0 -8.0 0.999998
v 12.0 -8.0 0.999998
v 12.3125 -7.125975 2.855466
v 13.6875 -7.125975 2.855466
v 13.6875 -5.9990263 3.644529
v 12.3125 -5.9990263 3.644529
v 11.96875 -7.455082 2.1494122
v 14.03125 -7.455082 2.1494122
v 14.03125 -5.9199247 3.225584
v 11.96875 -5.9199247 3.225584
v 11.75 -7.620119 1.453122
v 14.25 -7.620119 1.453122
v 14.25 -5.879881 2.6718721
v 11.75 -5.879881 2.6718721
v 12.0 -7.9375 1.056638
v 14.0 -7.9375 1.056638
v 14.0 -6.0625 1.056638
v 12.0 -6.0625 1.056638
v 14.0 -6.0 0.999997
v 12.0 -6.0 0.999997
v 12.0 -8.0 0.999997
v 14.0 -8.0 0.999997
v 12.3125 -5.125975 2.855466
v 13.6875 -5.125975 2.855466
v 13.6875 -3.999026 3.644529
v 12.3125 -3.999026 3.644529
v 11.96875 -5.455082 2.1494122
v 14.03125 -5.455082 2.1494122
v 14.03125 -3.919925 3.225584
v 11.96875 -3.919925 3.225584
v 11.75 -5.620119 1.453122
v 14.25 -5.620119 1.453122
v 14.25 -3.879881 2.6718721
v 11.75 -3.879881 2.6718721
v 12.0 -5.9375 1.056638
v 14.0 -5.9375 1.056638
v 14.0 -4.0625 1.056638
v 12.0 -4.0625 1.056638
v 14.0 -4.0 0.999997
v 12.0 -4.0 0.999997
v 12.0 -6.0 0.999997
v 14.0 -6.0 0.999997
v 12.3125 -3.1259751 2.855466
v 13.6875 -3.1259751 2.855466
v 13.6875 -1.9990261 3.644529
v 12.3125 -1.9990261 3.644529
v 11.96875 -3.455082 2.1494122
v 14.03125 -3.455082 2.1494122
v 14.03125 -1.919925 3.225584
v 11.96875 -1.919925 3.225584
v 11.75 -3.620119 1.453122
v 14.25 -3.620119 1.453122
v 14.25 -1.8798809 2.6718721
v 11.75 -1.8798809 2.6718721
v 12.0 -3.9375 1.056638
v 14.0 -3.9375 1.056638
v 14.0 -2.0625 1.056638
v 12.0 -2.0625 1.056638
v 14.0 -2.0 0.999997
v 12.0 -2.0 0.999997
v 12.0 -4.0 0.999997
v 14.0 -4.0 0.999997
v 14.0 0.002931118 3.644529
v 12.0 0.002931118 3.644529
v 12.0 -1.12305 2.855466
v 14.0 -1.12305 2.855466
v 12.0 -1.453125 2.1494122
v 14.0 -1.453125 2.1494122
v 14.0 0.08300495 3.225584
v 12.0 0.08300495 3.225584
v 14.0 0.123044014 2.671873
v 12.0 0.123044014 2.671873
v 12.0 -1.618162 1.453122
v 14.0 -1.618162 1.453122
v 12.0 -1.9365261 1.056638
v 14.0 -1.9365261 1.056638
v 14.0 -0.061524987 1.056638
v 12.0 -0.061524987 1.056638
v 12.0 -2.0 0.999997
v 14.0 -2.0 0.999997
v 14.0 0.0 0.999998
v 12.0 0.0 0.999998
v 14.0 2.002931 3.644529
v 12.0 2.002931 3.644529
v 12.0 0.87695 2.855466
v 14.0 0.87695 2.855466
v 12.0 0.546875 2.1494122
v 14.0 0.546875 2.1494122
v 14.0 2.083005 3.225584
v 12.0 2.083005 3.225584
v 14.0 2.123044 2.671873
v 12.0 2.123044 2.671873
v 12.0 0.381838 1.453122
v 14.0 0.381838 1.453122
v 12.0 0.063474 1.056638
v 14.0 0.063474 1.056638
v 14.0 1.938475 1.056638
v 12.0 1.938475 1.056638
v 12.0 0.0 0.999997
v 14.0 0.0 0.999997
v 14.0 2.0 0.999998
v 12.0 2.0 0.999998
v 14.0 4.002931 3.644529
v 12.0 4.002931 3.644529
v 12.0 2.87695 2.855466
v 14.0 2.87695 2.855466
v 12.0 2.546875 2.1494122
v 14.0 2.546875 2.1494122
v 14.0 4.083005 3.225584
v 12.0 4.083005 3.225584
v 14.0 4.123044 2.671873
v 12.0 4.123044 2.671873
v 12.0 2.381838 1.453122
v 14.0 2.381838 1.453122
v 12.0 2.063474 1.056638
v 14.0 2.063474 1.056638
v 14.0 3.9384751 1.056638
v 12.0 3.9384751 1.056638
v 12.0 2.0 0.999997
v 14.0 2.0 0.999997
v 14.0 4.0 0.999998
v 12.0 4.0 0.999998
v 14.0 6.002931 3.644529
v 12.0 6.002931 3.644529
v 12.0 4.8769503 2.855466
v 14.0 4.8769503 2.855466
v 12.0 4.546875 2.1494122
v 14.0 4.546875 2.1494122
v 14.0 6.083005 3.225584
v 12.0 6.083005 3.225584
v 14.0 6.123044 2.671873
v 12.0 6.123044 2.671873
v 12.0 4.381838 1.453122
v 14.0 4.381838 1.453122
v 12.0 4.063474 1.056638
v 14.0 4.063474 1.056638
v 14.0 5.938475 1.056638
v 12.0 5.938475 1.056638
v 12.0 4.0 0.999997
v 14.0 4.0 0.999997
v 14.0 6.0 0.999998
v 12.0 6.0 0.999998
v 14.0 8.002932 3.644529
v 12.0 8.002932 3.644529
v 12.0 6.8769503 2.855466
v 14.0 6.8769503 2.855466
v 12.0 6.546875 2.1494122
v 14.0 6.546875 2.1494122
v 14.0 8.083005 3.225584
v 12.0 8.083005 3.225584
v 14.0 8.123044 2.671873
v 12.0 8.123044 2.671873
v 12.0 6.381838 1.453122
v 14.0 6.381838 1.453122
v 12.0 6.063474 1.056638
v 14.0 6.063474 1.056638
v 14.0 7.938475 1.056638
v 12.0 7.938475 1.056638
v 12.0 6.0 0.999997
v 14.0 6.0 0.999997
v 14.0 8.0 0.999998
v 12.0 8.0 0.999998
v 14.0 10.002932 3.644529
v 12.0 10.002932 3.644529
v 12.0 8.87695 2.855466
v 14.0 8.87695 2.855466
v 12.0 8.546875 2.1494122
v 14.0 8.546875 2.1494122
v 14.0 10.083005 3.225584
v 12.0 10.083005 3.225584
v 14.0 10.123044 2.671873
v 12.0 10.123044 2.671873
v 12.0 8.381838 1.453122
v 14.0 8.381838 1.453122
v 12.0 8.063474 1.056638
v 14.0 8.063474 1.056638
v 14.0 9.938475 1.056638
v 12.0 9.938475 1.056638
v 12.0 8.0 0.999997
v 14.0 8.0 0.999997
v 14.0 10.0 0.999998
v 12.0 10.0 0.999998
v 14.0 12.002932 3.644529
v 12.0 12.002932 3.644529
v 12.0 10.87695 2.855466
v 14.0 10.87695 2.855466
v 12.0 10.546875 2.1494122
v 14.0 10.546875 2.1494122
v 14.0 12.083005 3.225584
v 12.0 12.083005 3.225584
v 14.0 12.123044 2.671873
v 12.0 12.123044 2.671873
v 12.0 10.381838 1.453122
v 14.0 10.381838 1.453122
v 12.0 10.063474 1.056638
v 14.0 10.063474 1.056638
v 14.0 11.938475 1.056638
v 12.0 11.938475 1.056638
v 12.0 10.0 0.999997
v 14.0 10.0 0.999997
v 14.0 12.0 0.999998
v 12.0 12.0 0.999998
v 14.0 14.002932 3.644529
v 12.0 14.002932 3.644529
v 12.0 12.87695 2.855466
v 14.0 12.87695 2.855466
v 12.0 12.546875 2.1494122
v 14.0 12.546875 2.1494122
v 14.0 14.083005 3.225584
v 12.0 14.083005 3.225584
v 14.0 14.123044 2.671873
v 12.0 14.123044 2.671873
v 12.0 12.381838 1.453122
v 14.0 12.381838 1.453122
v 12.0 12.063474 1.056638
v 14.0 12.063474 1.056638
v 14.0 13.938475 1.056638
v 12.0 13.938475 1.056638
v 12.0 12.0 0.999997
v 14.0 12.0 0.999997
v 14.0 14.0 0.999998
v 12.0 14.0 0.999998
v 14.0 16.002932 3.644529
v 12.0 16.002932 3.644529
v 12.0 14.87695 2.855466
v 14.0 14.87695 2.855466
v 12.0 14.546875 2.1494122
v 14.0 14.546875 2.1494122
v 14.0 16.083004 3.225584
v 12.0 16.083004 3.225584
v 14.0 16.123043 2.671873
v 12.0 16.123043 2.671873
v 12.0 14.381838 1.453122
v 14.0 14.381838 1.453122
v 12.0 14.063474 1.056638
v 14.0 14.063474 1.056638
v 14.0 15.938475 1.056638
v 12.0 15.938475 1.056638
v 12.0 14.0 0.999997
v 14.0 14.0 0.999997
v 14.0 16.0 0.999998
v 12.0 16.0 0.999998
v 14.3125 -15.125975 2.855466
v 15.6875 -15.125975 2.855466
v 15.6875 -13.999026 3.644529
v 14.3125 -13.999026 3.644529
v 13.96875 -15.455082 2.1494122
v 16.03125 -15.455082 2.1494122
v 16.03125 -13.919925 3.225584
v 13.96875 -13.919925 3.225584
v 13.75 -15.620119 1.453122
v 16.25 -15.620119 1.453122
v 16.25 -13.879881 2.6718721
v 13.75 -13.879881 2.6718721
v 14.0 -15.9375 1.056638
v 16.0 -15.9375 1.056638
v 16.0 -14.0625 1.056638
v 14.0 -14.0625 1.056638
v 16.0 -14.0 0.999997
v 14.0 -14.0 0.999997
v 14.0 -16.0 0.999997
v 16.0 -16.0 0.999997
v 14.3125 -13.125975 2.855466
v 15.6875 -13.125975 2.855466
v 15.6875 -11.999026 3.644529
v 14.3125 -11.999026 3.644529
v 13.96875 -13.455082 2.1494122
v 16.03125 -13.455082 2.1494122
v 16.03125 -11.919925 3.225584
v 13.96875 -11.919925 3.225584
v 13.75 -13.620119 1.453122
v 16.25 -13.620119 1.453122
v 16.25 -11.879881 2.6718721
v 13.75 -11.879881 2.6718721
v 14.0 -13.9375 1.056638
v 16.0 -13.9375 1.056638
v 16.0 -12.0625 1.056638
v 14.0 -12.0625 1.056638
v 16.0 -12.0 0.999997
v 14.0 -12.0 0.999997
v 14.0 -14.0 0.999997
v 16.0 -14.0 0.999997
v 14.3125 -11.125975 2.855466
v 15.6875 -11.125975 2.855466
v 15.6875 -9.999026 3.644529
v 14.3125 -9.999026 3.644529
v 13.96875 -11.455082 2.1494122
v 16.03125 -11.455082 2.1494122
v 16.03125 -9.919925 3.225584
v 13.96875 -9.919925 3.225584
v 13.75 -11.620119 1.453122
v 16.25 -11.620119 1.453122
v 16.25 -9.879881 2.6718721
v 13.75 -9.879881 2.6718721
v 14.0 -11.9375 1.056638
v 16.0 -11.9375 1.056638
v 16.0 -10.0625 1.056638
v 14.0 -10.0625 1.056638
v 16.0 -10.0 0.999997
v 14.0 -10.0 0.999997
v 14.0 -12.0 0.999997
v 16.0 -12.0 0.999997
v 14.3125 -9.125975 2.855466
v 15.6875 -9.125975 2.855466
v 15.6875 -7.9990263 3.644529
v 14.3125 -7.9990263 3.644529
v 13.96875 -9.455082 2.1494122
v 16.03125 -9.455082 2.1494122
v 16.03125 -7.9199247 3.225584
v 13.96875 -7.9199247 3.225584
v 13.75 -9.620119 1.453122
v 16.25 -9.620119 1.453122
v 16.25 -7.879881 2.6718721
v 13.75 -7.879881 2.6718721
v 14.0 -9.9375 1.056638
v 16.0 -9.9375 1.056638
v 16.0 -8.0625 1.056638
v 14.0 -8.0625 1.056638
v 16.0 -8.0 0.999997
v 14.0 -8.0 0.999997
v 14.0 -10.0 0.999997
v 16.0 -10.0 0.999997
v 14.3125 -7.125975 2.855466
v 15.6875 -7.125975 2.855466
v 15.6875 -5.9990263 3.644529
v 14.3125 -5.9990263 3.644529
v 13.96875 -7.455082 2.1494122
v 16.03125 -7.455082 2.1494122
v 16.03125 -5.9199247 3.225584
v 13.96875 -5.9199247 3.225584
v 13.75 -7.620119 1.453122
v 16.25 -7.620119 1.453122
v 16.25 -5.879881 2.6718721
v 13.75 -5.879881 2.6718721
v 14.0 -7.9375 1.056638
v 16.0 -7.9375 1.056638
v 16.0 -6.0625 1.056638
v 14.0 -6.0625 1.056638
v 16.0 -6.0 0.999997
v 14.0 -6.0 0.999997
v 14.0 -8.0 0.999997
v 16.0 -8.0 0.999997
v 14.3125 -5.125975 2.855466
v 15.6875 -5.125975 2.855466
v 15.6875 -3.999026 3.644529
v 14.3125 -3.999026 3.644529
v 13.96875 -5.455082 2.1494122
v 16.03125 -5.455082 2.1494122
v 16.03125 -3.919925 3.225584
v 13.96875 -3.919925 3.225584
v 13.75 -5.620119 1.453122
v 16.25 -5.620119 1.453122
v 16.25 -3.879881 2.6718721
v 13.75 -3.879881 2.6718721
v 14.0 -5.9375 1.056638
v 16.0 -5.9375 1.056638
v 16.0 -4.0625 1.056638
v 14.0 -4.0625 1.056638
v 16.0 -4.0 0.999997
v 14.0 -4.0 0.999997
v 14.0 -6.0 0.999997
v 16.0 -6.0 0.999997
v 14.3125 -3.1259751 2.855466
v 15.6875 -3.1259751 2.855466
v 15.6875 -1.9990261 3.644529
v 14.3125 -1.9990261 3.644529
v 13.96875 -3.455082 2.1494122
v 16.03125 -3.455082 2.1494122
v 16.03125 -1.919925 3.225584
v 13.96875 -1.919925 3.225584
v 13.75 -3.620119 1.453122
v 16.25 -3.620119 1.453122
v 16.25 -1.8798809 2.6718721
v 13.75 -1.8798809 2.6718721
v 14.0 -3.9375 1.056638
v 16.0 -3.9375 1.056638
v 16.0 -2.0625 1.056638
v 14.0 -2.0625 1.056638
v 16.0 -2.0 0.999997
v 14.0 -2.0 0.999997
v 14.0 -4.0 0.999997
v 16.0 -4.0 0.999997
v 14.3125 -1.125975 2.855466
v 15.6875 -1.125975 2.855466
v 15.6875 9.739399E-4 3.644529
v 14.3125 9.739399E-4 3.644529
v 13.96875 -1.4550819 2.1494122
v 16.03125 -1.4550819 2.1494122
v 16.03125 0.080075026 3.225584
v 13.96875 0.080075026 3.225584
v 13.75 -1.620119 1.453122
v 16.25 -1.620119 1.453122
v 16.25 0.120119095 2.6718721
v 13.75 0.120119095 2.6718721
v 14.0 -1.9375 1.056638
v 16.0 -1.9375 1.056638
v 16.0 -0.0625 1.056638
v 14.0 -0.0625 1.056638
v 16.0 0.0 0.999997
v 14.0 0.0 0.999997
v 14.0 -2.0 0.999997
v 16.0 -2.0 0.999997
v 14.3125 0.874025 2.855466
v 15.6875 0.874025 2.855466
v 15.6875 2.000974 3.644529
v 14.3125 2.000974 3.644529
v 13.96875 0.544918 2.1494122
v 16.03125 0.544918 2.1494122
v 16.03125 2.080075 3.225584
v 13.96875 2.080075 3.225584
v 13.75 0.379881 1.453122
v 16.25 0.379881 1.453122
v 16.25 2.120119 2.6718721
v 13.75 2.120119 2.6718721
v 14.0 0.0625 1.056638
v 16.0 0.0625 1.056638
v 16.0 1.9375 1.056638
v 14.0 1.9375 1.056638
v 16.0 2.0 0.999997
v 14.0 2.0 0.999997
v 14.0 0.0 0.999997
v 16.0 0.0 0.999997
v 14.3125 2.8740249 2.855466
v 15.6875 2.8740249 2.855466
v 15.6875 4.0009737 3.644529
v 14.3125 4.0009737 3.644529
v 13.96875 2.544918 2.1494122
v 16.03125 2.544918 2.1494122
v 16.03125 4.0800753 3.225584
v 13.96875 4.0800753 3.225584
v 13.75 2.379881 1.453122
v 16.25 2.379881 1.453122
v 16.25 4.120119 2.6718721
v 13.75 4.120119 2.6718721
v 14.0 2.0625 1.056638
v 16.0 2.0625 1.056638
v 16.0 3.9375 1.056638
v 14.0 3.9375 1.056638
v 16.0 4.0 0.999997
v 14.0 4.0 0.999997
v 14.0 2.0 0.999997
v 16.0 2.0 0.999997
v 14.3125 4.874025 2.855466
v 15.6875 4.874025 2.855466
v 15.6875 6.0009737 3.644529
v 14.3125 6.0009737 3.644529
v 13.96875 4.544918 2.1494122
v 16.03125 4.544918 2.1494122
v 16.03125 6.0800753 3.225584
v 13.96875 6.0800753 3.225584
v 13.75 4.379881 1.453122
v 16.25 4.379881 1.453122
v 16.25 6.120119 2.6718721
v 13.75 6.120119 2.6718721
v 14.0 4.0625 1.056638
v 16.0 4.0625 1.056638
v 16.0 5.9375 1.056638
v 14.0 5.9375 1.056638
v 16.0 6.0 0.999997
v 14.0 6.0 0.999997
v 14.0 4.0 0.999997
v 16.0 4.0 0.999997
v 14.3125 6.874025 2.855466
v 15.6875 6.874025 2.855466
v 15.6875 8.000974 3.644529
v 14.3125 8.000974 3.644529
v 13.96875 6.544918 2.1494122
v 16.03125 6.544918 2.1494122
v 16.03125 8.080075 3.225584
v 13.96875 8.080075 3.225584
v 13.75 6.379881 1.453122
v 16.25 6.379881 1.453122
v 16.25 8.120119 2.6718721
v 13.75 8.120119 2.6718721
v 14.0 6.0625 1.056638
v 16.0 6.0625 1.056638
v 16.0 7.9375 1.056638
v 14.0 7.9375 1.056638
v 16.0 8.0 0.999997
v 14.0 8.0 0.999997
v 14.0 6.0 0.999997
v 16.0 6.0 0.999997
v 14.3125 8.874025 2.855466
v 15.6875 8.874025 2.855466
v 15.6875 10.000974 3.644529
v 14.3125 10.000974 3.644529
v 13.96875 8.544918 2.1494122
v 16.03125 8.544918 2.1494122
v 16.03125 10.080075 3.225584
v 13.96875 10.080075 3.225584
v 13.75 8.379881 1.453122
v 16.25 8.379881 1.453122
v 16.25 10.120119 2.6718721
v 13.75 10.120119 2.6718721
v 14.0 8.0625 1.056638
v 16.0 8.0625 1.056638
v 16.0 9.9375 1.056638
v 14.0 9.9375 1.056638
v 16.0 10.0 0.999997
v 14.0 10.0 0.999997
v 14.0 8.0 0.999997
v 16.0 8.0 0.999997
v 14.3125 10.874025 2.855466
v 15.6875 10.874025 2.855466
v 15.6875 12.000974 3.644529
v 14.3125 12.000974 3.644529
v 13.96875 10.544918 2.1494122
v 16.03125 10.544918 2.1494122
v 16.03125 12.080075 3.225584
v 13.96875 12.080075 3.225584
v 13.75 10.379881 1.453122
v 16.25 10.379881 1.453122
v 16.25 12.120119 2.6718721
v 13.75 12.120119 2.6718721
v 14.0 10.0625 1.056638
v 16.0 10.0625 1.056638
v 16.0 11.9375 1.056638
v 14.0 11.9375 1.056638
v 16.0 12.0 0.999997
v 14.0 12.0 0.999997
v 14.0 10.0 0.999997
v 16.0 10.0 0.999997
v 14.3125 12.874025 2.855466
v 15.6875 12.874025 2.855466
v 15.6875 14.000974 3.644529
v 14.3125 14.000974 3.644529
v 13.96875 12.544918 2.1494122
v 16.03125 12.544918 2.1494122
v 16.03125 14.080075 3.225584
v 13.96875 14.080075 3.225584
v 13.75 12.379881 1.453122
v 16.25 12.379881 1.453122
v 16.25 14.120119 2.6718721
v 13.75 14.120119 2.6718721
v 14.0 12.0625 1.056638
v 16.0 12.0625 1.056638
v 16.0 13.9375 1.056638
v 14.0 13.9375 1.056638
v 16.0 14.0 0.999997
v 14.0 14.0 0.999997
v 14.0 12.0 0.999997
v 16.0 12.0 0.999997
v 14.3125 14.874025 2.855466
v 15.6875 14.874025 2.855466
v 15.6875 16.000975 3.644529
v 14.3125 16.000975 3.644529
v 13.96875 14.544918 2.1494122
v 16.03125 14.544918 2.1494122
v 16.03125 16.080074 3.225584
v 13.96875 16.080074 3.225584
v 13.75 14.379881 1.453122
v 16.25 14.379881 1.453122
v 16.25 16.12012 2.6718721
v 13.75 16.12012 2.6718721
v 14.0 14.0625 1.056638
v 16.0 14.0625 1.056638
v 16.0 15.9375 1.056638
v 14.0 15.9375 1.056638
v 16.0 16.0 0.999997
v 14.0 16.0 0.999997
v 14.0 14.0 0.999997
v 16.0 14.0 0.999997
v -5.0 -16.0 0.0
v 3.0 -16.0 0.0
v 3.0 -10.0 1.013279E-6
v -5.0 -10.0 1.013279E-6
v 3.0 -16.0 0.0
v 5.0 -16.0 0.0
v 5.0 -10.0 1.013279E-6
v 3.0 -10.0 1.013279E-6
vt 0.0 -7.0
vt 1.0 -7.0
vt 1.0 0.0
vt 0.0 0.0
vt 1.0 0.0
vt 0.875 -0.5
vt 1.0 -1.0
vt 0.5 -0.875
vt 0.0 -1.0
vt 0.375 -0.125
vt 0.4375 -0.8125
vt 0.5625 -0.8125
vt 0.625 -0.125
vt 0.375 -1.0
vt 0.625 -1.0
vt 0.15625 -0.8125
vt 0.125 -1.0
vt 0.375 -1.0
vt 0.4375 -0.8125
vt 0.5625 -0.8125
vt 0.625 -1.0
vt 0.875 -1.0
vt 0.84375 -0.8125
vt 0.4375 -0.8125
vt 0.375 -0.125
vt 0.15625 -0.8125
vt 0.46875 -0.125
vt 0.53125 -0.125
vt 0.5 0.0
vt 0.5625 -0.8125
vt 0.84375 -0.8125
vt 0.625 -0.125
vt 0.0 -0.125
vt 0.0 -0.8125
vt 1.0 -0.8125
vt 1.0 -0.125
vt 0.0 -1.0
vt 1.0 -1.0
vt 0.0 0.0
vt 1.0 0.0
vt 0.078125 -0.5
vt 0.078125 -0.484375
vt 0.109375 -0.484375
vt 0.109375 -0.5
vt 0.078125 -0.5
vt 0.109375 -0.5
vt 0.109375 -0.515625
vt 0.078125 -0.515625
vt 0.046875 -0.375
vt 0.0 -0.375
vt 0.0 -0.75
vt 0.046875 -0.75
vt 0.0 -1.0
vt 0.046875 -1.0
vt 0.046875 -0.75
vt 0.0 -0.75
vt 0.078125 -0.5
vt 0.109375 -0.5
vt 0.109375 -0.515625
vt 0.078125 -0.515625
vt 0.046875 -0.375
vt 0.046875 -0.03125
vt 0.0 -0.03125
vt 0.0 -0.375
vt 0.078125 -0.5
vt 0.078125 -0.484375
vt 0.109375 -0.484375
vt 0.109375 -0.5
vt 0.078125 -0.5
vt 0.078125 -0.484375
vt 0.109375 -0.484375
vt 0.109375 -0.5
vt 0.078125 -0.5
vt 0.109375 -0.5
vt 0.109375 -0.515625
vt 0.078125 -0.515625
vt 0.046875 -0.375
vt 0.0 -0.375
vt 0.0 -0.75
vt 0.046875 -0.75
vt 0.0 -1.0
vt 0.046875 -1.0
vt 0.046875 -0.75
vt 0.0 -0.75
vt 0.078125 -0.5
vt 0.109375 -0.5
vt 0.109375 -0.515625
vt 0.078125 -0.515625
vt 0.046875 -0.375
vt 0.046875 -0.03125
vt 0.0 -0.03125
vt 0.0 -0.375
vt 0.078125 -0.5
vt 0.078125 -0.484375
vt 0.109375 -0.484375
vt 0.109375 -0.5
vt 0.0625 -1.0
vt 0.9375 -1.0
vt 0.9375 0.0
vt 0.0625 0.0
vt 0.0 -0.125
vt 0.0 -0.8125
vt 1.0 -0.8125
vt 1.0 -0.125
vt 0.0 -1.0
vt 1.0 -1.0
vt 0.0 0.0
vt 1.0 0.0
vt 1.0 0.0
vt 0.875 -0.5
vt 1.0 -1.0
vt 0.5 -0.875
vt 0.0 -1.0
vt 0.375 -0.125
vt 0.4375 -0.8125
vt 0.5625 -0.8125
vt 0.625 -0.125
vt 0.375 -1.0
vt 0.625 -1.0
vt 0.15625 -0.8125
vt 0.125 -1.0
vt 0.375 -1.0
vt 0.4375 -0.8125
vt 0.5625 -0.8125
vt 0.625 -1.0
vt 0.875 -1.0
vt 0.84375 -0.8125
vt 0.4375 -0.8125
vt 0.375 -0.125
vt 0.15625 -0.8125
vt 0.46875 -0.125
vt 0.53125 -0.125
vt 0.5 0.0
vt 0.5625 -0.8125
vt 0.84375 -0.8125
vt 0.625 -0.125
vt 0.0 -0.125
vt 0.0 -0.8125
vt 2.0 -0.8125
vt 2.0 -0.125
vt 0.0 -1.0
vt 2.0 -1.0
vt 0.0 0.0
vt 2.0 0.0
vt 0.0 -4.0
vt 6.0 -4.0
vt 6.0 0.0
vt 0.0 0.0
vt 0.0 -0.125
vt 0.0 -0.8125
vt 2.0 -0.8125
vt 2.0 -0.125
vt 0.0 -1.0
vt 2.0 -1.0
vt 0.0 0.0
vt 2.0 0.0
vt 0.078125 -0.5
vt 0.078125 -0.484375
vt 0.109375 -0.484375
vt 0.109375 -0.5
vt 0.078125 -0.5
vt 0.109375 -0.5
vt 0.109375 -0.515625
vt 0.078125 -0.515625
vt 0.046875 -0.375
vt 0.0 -0.375
vt 0.0 -0.75
vt 0.046875 -0.75
vt 0.0 -1.0
vt 0.046875 -1.0
vt 0.046875 -0.75
vt 0.0 -0.75
vt 0.078125 -0.5
vt 0.109375 -0.5
vt 0.109375 -0.515625
vt 0.078125 -0.515625
vt 0.046875 -0.375
vt 0.046875 -0.03125
vt 0.0 -0.03125
vt 0.0 -0.375
vt 0.078125 -0.5
vt 0.078125 -0.484375
vt 0.109375 -0.484375
vt 0.109375 -0.5
vt 0.078125 -0.5
vt 0.078125 -0.484375
vt 0.109375 -0.484375
vt 0.109375 -0.5
vt 0.078125 -0.5
vt 0.109375 -0.5
vt 0.109375 -0.515625
vt 0.078125 -0.515625
vt 0.046875 -0.375
vt 0.0 -0.375
vt 0.0 -0.75
vt 0.046875 -0.75
vt 0.0 -1.0
vt 0.046875 -1.0
vt 0.046875 -0.75
vt 0.0 -0.75
vt 0.078125 -0.5
vt 0.109375 -0.5
vt 0.109375 -0.515625
vt 0.078125 -0.515625
vt 0.046875 -0.375
vt 0.046875 -0.03125
vt 0.0 -0.03125
vt 0.0 -0.375
vt 0.078125 -0.5
vt 0.078125 -0.484375
vt 0.109375 -0.484375
vt 0.109375 -0.5
vt 0.0625 -1.0
vt 0.9375 -1.0
vt 0.9375 0.0
vt 0.0625 0.0
vt 0.078125 -0.5
vt 0.078125 -0.484375
vt 0.109375 -0.484375
vt 0.109375 -0.5
vt 0.078125 -0.5
vt 0.109375 -0.5
vt 0.109375 -0.515625
vt 0.078125 -0.515625
vt 0.046875 -0.375
vt 0.0 -0.375
vt 0.0 -0.75
vt 0.046875 -0.75
vt 0.0 -1.0
vt 0.046875 -1.0
vt 0.046875 -0.75
vt 0.0 -0.75
vt 0.078125 -0.5
vt 0.109375 -0.5
vt 0.109375 -0.515625
vt 0.078125 -0.515625
vt 0.046875 -0.375
vt 0.046875 -0.03125
vt 0.0 -0.03125
vt 0.0 -0.375
vt 0.078125 -0.5
vt 0.078125 -0.484375
vt 0.109375 -0.484375
vt 0.109375 -0.5
vt 0.078125 -0.5
vt 0.078125 -0.484375
vt 0.109375 -0.484375
vt 0.109375 -0.5
vt 0.078125 -0.5
vt 0.109375 -0.5
vt 0.109375 -0.515625
vt 0.078125 -0.515625
vt 0.046875 -0.375
vt 0.0 -0.375
vt 0.0 -0.75
vt 0.046875 -0.75
vt 0.0 -1.0
vt 0.046875 -1.0
vt 0.046875 -0.75
vt 0.0 -0.75
vt 0.078125 -0.5
vt 0.109375 -0.5
vt 0.109375 -0.515625
vt 0.078125 -0.515625
vt 0.046875 -0.375
vt 0.046875 -0.03125
vt 0.0 -0.03125
vt 0.0 -0.375
vt 0.078125 -0.5
vt 0.078125 -0.484375
vt 0.109375 -0.484375
vt 0.109375 -0.5
vt 0.0625 -1.0
vt 0.9375 -1.0
vt 0.9375 0.0
vt 0.0625 0.0
vt 0.0 -0.125
vt 0.0 -0.8125
vt 2.0 -0.8125
vt 2.0 -0.125
vt 0.0 -1.0
vt 2.0 -1.0
vt 0.0 0.0
vt 2.0 0.0
vt 0.0 -0.125
vt 0.0 -0.8125
vt 2.0 -0.8125
vt 2.0 -0.125
vt 0.0 -1.0
vt 2.0 -1.0
vt 0.0 0.0
vt 2.0 0.0
vt 1.0 0.0
vt 0.875 -0.5
vt 1.0 -1.0
vt 0.5 -0.875
vt 0.0 -1.0
vt 0.375 -0.125
vt 0.4375 -0.8125
vt 0.5625 -0.8125
vt 0.625 -0.125
vt 0.375 -1.0
vt 0.625 -1.0
vt 0.15625 -0.8125
vt 0.125 -1.0
vt 0.375 -1.0
vt 0.4375 -0.8125
vt 0.5625 -0.8125
vt 0.625 -1.0
vt 0.875 -1.0
vt 0.84375 -0.8125
vt 0.4375 -0.8125
vt 0.375 -0.125
vt 0.15625 -0.8125
vt 0.46875 -0.125
vt 0.53125 -0.125
vt 0.5 0.0
vt 0.5625 -0.8125
vt 0.84375 -0.8125
vt 0.625 -0.125
vt 0.0 -0.125
vt 0.0 -0.8125
vt 1.0 -0.8125
vt 1.0 -0.125
vt 0.0 -1.0
vt 1.0 -1.0
vt 0.0 0.0
vt 1.0 0.0
vt 0.078125 -0.5
vt 0.078125 -0.484375
vt 0.109375 -0.484375
vt 0.109375 -0.5
vt 0.078125 -0.5
vt 0.109375 -0.5
vt 0.109375 -0.515625
vt 0.078125 -0.515625
vt 0.046875 -0.375
vt 0.0 -0.375
vt 0.0 -0.75
vt 0.046875 -0.75
vt 0.0 -1.0
vt 0.046875 -1.0
vt 0.046875 -0.75
vt 0.0 -0.75
vt 0.078125 -0.5
vt 0.109375 -0.5
vt 0.109375 -0.515625
vt 0.078125 -0.515625
vt 0.046875 -0.375
vt 0.046875 -0.03125
vt 0.0 -0.03125
vt 0.0 -0.375
vt 0.078125 -0.5
vt 0.078125 -0.484375
vt 0.109375 -0.484375
vt 0.109375 -0.5
vt 0.078125 -0.5
vt 0.078125 -0.484375
vt 0.109375 -0.484375
vt 0.109375 -0.5
vt 0.078125 -0.5
vt 0.109375 -0.5
vt 0.109375 -0.515625
vt 0.078125 -0.515625
vt 0.046875 -0.375
vt 0.0 -0.375
vt 0.0 -0.75
vt 0.046875 -0.75
vt 0.0 -1.0
vt 0.046875 -1.0
vt 0.046875 -0.75
vt 0.0 -0.75
vt 0.078125 -0.5
vt 0.109375 -0.5
vt 0.109375 -0.515625
vt 0.078125 -0.515625
vt 0.046875 -0.375
vt 0.046875 -0.03125
vt 0.0 -0.03125
vt 0.0 -0.375
vt 0.078125 -0.5
vt 0.078125 -0.484375
vt 0.109375 -0.484375
vt 0.109375 -0.5
vt 0.0625 -1.0
vt 0.9375 -1.0
vt 0.9375 0.0
vt 0.0625 0.0
vt 0.0 -0.125
vt 0.0 -0.8125
vt 1.0 -0.8125
vt 1.0 -0.125
vt 0.0 -1.0
vt 1.0 -1.0
vt 0.0 0.0
vt 1.0 0.0
vt 1.0 0.0
vt 0.875 -0.5
vt 1.0 -1.0
vt 0.5 -0.875
vt 0.0 -1.0
vt 0.375 -0.125
vt 0.4375 -0.8125
vt 0.5625 -0.8125
vt 0.625 -0.125
vt 0.375 -1.0
vt 0.625 -1.0
vt 0.15625 -0.8125
vt 0.125 -1.0
vt 0.375 -1.0
vt 0.4375 -0.8125
vt 0.5625 -0.8125
vt 0.625 -1.0
vt 0.875 -1.0
vt 0.84375 -0.8125
vt 0.4375 -0.8125
vt 0.375 -0.125
vt 0.15625 -0.8125
vt 0.46875 -0.125
vt 0.53125 -0.125
vt 0.5 0.0
vt 0.5625 -0.8125
vt 0.84375 -0.8125
vt 0.625 -0.125
vt 0.0 -7.0
vt 1.0 -7.0
vt 1.0 0.0
vt 0.0 0.0
vt 0.0 -1.0
vt 1.0 -1.0
vt 1.0 0.0
vt 0.0 0.0
vt 0.0 -1.0
vt 0.34375 -1.0
vt 0.34375 -0.65625
vt 0.0 -0.65625
vt 0.0 -0.46875
vt 0.53125 -0.46875
vt 0.53125 0.0
vt 0.0 0.0
vt 0.34375 -1.0
vt 1.0 -1.0
vt 1.0 -0.4375
vt 0.34375 -0.4375
vt 0.53125 -0.4375
vt 1.0 -0.4375
vt 1.0 0.0
vt 0.53125 0.0
vt 0.0 -1.0
vt 0.34375 -1.0
vt 0.34375 -0.65625
vt 0.0 -0.65625
vt 0.0 -0.46875
vt 0.53125 -0.46875
vt 0.53125 0.0
vt 0.0 0.0
vt 0.34375 -1.0
vt 1.0 -1.0
vt 1.0 -0.4375
vt 0.34375 -0.4375
vt 0.53125 -0.4375
vt 1.0 -0.4375
vt 1.0 0.0
vt 0.53125 0.0
vt 0.0 -2.0
vt 1.0 -2.0
vt 1.0 -1.0
vt 0.0 -1.0
vt 0.0 -1.0
vt 0.34375 -1.0
vt 0.34375 -0.65625
vt 0.0 -0.65625
vt 0.0 -0.46875
vt 0.53125 -0.46875
vt 0.53125 0.0
vt 0.0 0.0
vt 0.34375 -1.0
vt 1.0 -1.0
vt 1.0 -0.4375
vt 0.34375 -0.4375
vt 0.53125 -0.4375
vt 1.0 -0.4375
vt 1.0 0.0
vt 0.53125 0.0
vt 0.0 -2.0
vt 1.0 -2.0
vt 1.0 -1.0
vt 0.0 -1.0
vt 0.0 -1.0
vt 0.34375 -1.0
vt 0.34375 -0.65625
vt 0.0 -0.65625
vt 0.0 -0.46875
vt 0.53125 -0.46875
vt 0.53125 0.0
vt 0.0 0.0
vt 0.34375 -1.0
vt 1.0 -1.0
vt 1.0 -0.4375
vt 0.34375 -0.4375
vt 0.53125 -0.4375
vt 1.0 -0.4375
vt 1.0 0.0
vt 0.53125 0.0
vt 0.0 -2.0
vt 1.0 -2.0
vt 1.0 -1.0
vt 0.0 -1.0
vt 0.0 -1.0
vt 0.34375 -1.0
vt 0.34375 -0.65625
vt 0.0 -0.65625
vt 0.0 -0.46875
vt 0.53125 -0.46875
vt 0.53125 0.0
vt 0.0 0.0
vt 0.34375 -1.0
vt 1.0 -1.0
vt 1.0 -0.4375
vt 0.34375 -0.4375
vt 0.53125 -0.4375
vt 1.0 -0.4375
vt 1.0 0.0
vt 0.53125 0.0
vt 0.0 -2.0
vt 1.0 -2.0
vt 1.0 -1.0
vt 0.0 -1.0
vt 0.0 -1.0
vt 1.0 -1.0
vt 1.0 0.0
vt 0.0 0.0
vt 0.0 -1.0
vt 0.34375 -1.0
vt 0.34375 -0.65625
vt 0.0 -0.65625
vt 0.0 -0.46875
vt 0.53125 -0.46875
vt 0.53125 0.0
vt 0.0 0.0
vt 0.34375 -1.0
vt 1.0 -1.0
vt 1.0 -0.4375
vt 0.34375 -0.4375
vt 0.53125 -0.4375
vt 1.0 -0.4375
vt 1.0 0.0
vt 0.53125 0.0
vt 0.0 -1.0
vt 0.34375 -1.0
vt 0.34375 -0.65625
vt 0.0 -0.65625
vt 0.0 -0.46875
vt 0.53125 -0.46875
vt 0.53125 0.0
vt 0.0 0.0
vt 0.34375 -1.0
vt 1.0 -1.0
vt 1.0 -0.4375
vt 0.34375 -0.4375
vt 0.53125 -0.4375
vt 1.0 -0.4375
vt 1.0 0.0
vt 0.53125 0.0
vt 0.0 -2.0
vt 1.0 -2.0
vt 1.0 -1.0
vt 0.0 -1.0
vt 0.0 -1.0
vt 1.0 -1.0
vt 1.0 0.0
vt 0.0 0.0
vt 0.0 -1.0
vt 0.34375 -1.0
vt 0.34375 -0.65625
vt 0.0 -0.65625
vt 0.0 -0.46875
vt 0.53125 -0.46875
vt 0.53125 0.0
vt 0.0 0.0
vt 0.34375 -1.0
vt 1.0 -1.0
vt 1.0 -0.4375
vt 0.34375 -0.4375
vt 0.53125 -0.4375
vt 1.0 -0.4375
vt 1.0 0.0
vt 0.53125 0.0
vt 0.0 -1.0
vt 0.34375 -1.0
vt 0.34375 -0.65625
vt 0.0 -0.65625
vt 0.0 -0.46875
vt 0.53125 -0.46875
vt 0.53125 0.0
vt 0.0 0.0
vt 0.34375 -1.0
vt 1.0 -1.0
vt 1.0 -0.4375
vt 0.34375 -0.4375
vt 0.53125 -0.4375
vt 1.0 -0.4375
vt 1.0 0.0
vt 0.53125 0.0
vt 0.0 -2.0
vt 1.0 -2.0
vt 1.0 -1.0
vt 0.0 -1.0
vt 0.0 -1.0
vt 0.34375 -1.0
vt 0.34375 -0.65625
vt 0.0 -0.65625
vt 0.0 -0.46875
vt 0.53125 -0.46875
vt 0.53125 0.0
vt 0.0 0.0
vt 0.34375 -1.0
vt 1.0 -1.0
vt 1.0 -0.4375
vt 0.34375 -0.4375
vt 0.53125 -0.4375
vt 1.0 -0.4375
vt 1.0 0.0
vt 0.53125 0.0
vt 0.0 -2.0
vt 1.0 -2.0
vt 1.0 -1.0
vt 0.0 -1.0
vt 0.0 -1.0
vt 0.34375 -1.0
vt 0.34375 -0.65625
vt 0.0 -0.65625
vt 0.0 -0.46875
vt 0.53125 -0.46875
vt 0.53125 0.0
vt 0.0 0.0
vt 0.34375 -1.0
vt 1.0 -1.0
vt 1.0 -0.4375
vt 0.34375 -0.4375
vt 0.53125 -0.4375
vt 1.0 -0.4375
vt 1.0 0.0
vt 0.53125 0.0
vt 0.0 -2.0
vt 1.0 -2.0
vt 1.0 -1.0
vt 0.0 -1.0
vt 0.0 -1.0
vt 0.34375 -1.0
vt 0.34375 -0.65625
vt 0.0 -0.65625
vt 0.0 -0.46875
vt 0.53125 -0.46875
vt 0.53125 0.0
vt 0.0 0.0
vt 0.34375 -1.0
vt 1.0 -1.0
vt 1.0 -0.4375
vt 0.34375 -0.4375
vt 0.53125 -0.4375
vt 1.0 -0.4375
vt 1.0 0.0
vt 0.53125 0.0
vt 0.0 -2.0
vt 1.0 -2.0
vt 1.0 -1.0
vt 0.0 -1.0
vt 0.0 -1.0
vt 0.34375 -1.0
vt 0.34375 -0.65625
vt 0.0 -0.65625
vt 0.0 -0.46875
vt 0.53125 -0.46875
vt 0.53125 0.0
vt 0.0 0.0
vt 0.34375 -1.0
vt 1.0 -1.0
vt 1.0 -0.4375
vt 0.34375 -0.4375
vt 0.53125 -0.4375
vt 1.0 -0.4375
vt 1.0 0.0
vt 0.53125 0.0
vt 0.0 -2.0
vt 1.0 -2.0
vt 1.0 -1.0
vt 0.0 -1.0
vt 0.0 -1.0
vt 0.34375 -1.0
vt 0.34375 -0.65625
vt 0.0 -0.65625
vt 0.0 -0.46875
vt 0.53125 -0.46875
vt 0.53125 0.0
vt 0.0 0.0
vt 0.34375 -1.0
vt 1.0 -1.0
vt 1.0 -0.4375
vt 0.34375 -0.4375
vt 0.53125 -0.4375
vt 1.0 -0.4375
vt 1.0 0.0
vt 0.53125 0.0
vt 0.0 -2.0
vt 1.0 -2.0
vt 1.0 -1.0
vt 0.0 -1.0
vt 0.0 -1.0
vt 0.34375 -1.0
vt 0.34375 -0.65625
vt 0.0 -0.65625
vt 0.0 -0.46875
vt 0.53125 -0.46875
vt 0.53125 0.0
vt 0.0 0.0
vt 0.34375 -1.0
vt 1.0 -1.0
vt 1.0 -0.4375
vt 0.34375 -0.4375
vt 0.53125 -0.4375
vt 1.0 -0.4375
vt 1.0 0.0
vt 0.53125 0.0
vt 0.0 -2.0
vt 1.0 -2.0
vt 1.0 -1.0
vt 0.0 -1.0
vt 0.0 -1.0
vt 1.0 -1.0
vt 1.0 0.0
vt 0.0 0.0
vt 0.0 -1.0
vt 0.34375 -1.0
vt 0.34375 -0.65625
vt 0.0 -0.65625
vt 0.0 -0.46875
vt 0.53125 -0.46875
vt 0.53125 0.0
vt 0.0 0.0
vt 0.34375 -1.0
vt 1.0 -1.0
vt 1.0 -0.4375
vt 0.34375 -0.4375
vt 0.53125 -0.4375
vt 1.0 -0.4375
vt 1.0 0.0
vt 0.53125 0.0
vt 0.0 -1.0
vt 0.34375 -1.0
vt 0.34375 -0.65625
vt 0.0 -0.65625
vt 0.0 -0.46875
vt 0.53125 -0.46875
vt 0.53125 0.0
vt 0.0 0.0
vt 0.34375 -1.0
vt 1.0 -1.0
vt 1.0 -0.4375
vt 0.34375 -0.4375
vt 0.53125 -0.4375
vt 1.0 -0.4375
vt 1.0 0.0
vt 0.53125 0.0
vt 0.0 -2.0
vt 1.0 -2.0
vt 1.0 -1.0
vt 0.0 -1.0
vt 0.0 -1.0
vt 1.0 -1.0
vt 1.0 0.0
vt 0.0 0.0
vt 0.0 -1.0
vt 0.34375 -1.0
vt 0.34375 -0.65625
vt 0.0 -0.65625
vt 0.0 -0.46875
vt 0.53125 -0.46875
vt 0.53125 0.0
vt 0.0 0.0
vt 0.34375 -1.0
vt 1.0 -1.0
vt 1.0 -0.4375
vt 0.34375 -0.4375
vt 0.53125 -0.4375
vt 1.0 -0.4375
vt 1.0 0.0
vt 0.53125 0.0
vt 0.0 -1.0
vt 0.34375 -1.0
vt 0.34375 -0.65625
vt 0.0 -0.65625
vt 0.0 -0.46875
vt 0.53125 -0.46875
vt 0.53125 0.0
vt 0.0 0.0
vt 0.34375 -1.0
vt 1.0 -1.0
vt 1.0 -0.4375
vt 0.34375 -0.4375
vt 0.53125 -0.4375
vt 1.0 -0.4375
vt 1.0 0.0
vt 0.53125 0.0
vt 0.0 -2.0
vt 1.0 -2.0
vt 1.0 -1.0
vt 0.0 -1.0
vt 0.0 -1.0
vt 0.34375 -1.0
vt 0.34375 -0.65625
vt 0.0 -0.65625
vt 0.0 -0.46875
vt 0.53125 -0.46875
vt 0.53125 0.0
vt 0.0 0.0
vt 0.34375 -1.0
vt 1.0 -1.0
vt 1.0 -0.4375
vt 0.34375 -0.4375
vt 0.53125 -0.4375
vt 1.0 -0.4375
vt 1.0 0.0
vt 0.53125 0.0
vt 0.0 -2.0
vt 1.0 -2.0
vt 1.0 -1.0
vt 0.0 -1.0
vt 0.0 -1.0
vt 0.34375 -1.0
vt 0.34375 -0.65625
vt 0.0 -0.65625
vt 0.0 -0.46875
vt 0.53125 -0.46875
vt 0.53125 0.0
vt 0.0 0.0
vt 0.34375 -1.0
vt 1.0 -1.0
vt 1.0 -0.4375
vt 0.34375 -0.4375
vt 0.53125 -0.4375
vt 1.0 -0.4375
vt 1.0 0.0
vt 0.53125 0.0
vt 0.0 -2.0
vt 1.0 -2.0
vt 1.0 -1.0
vt 0.0 -1.0
vt 0.0 -1.0
vt 0.34375 -1.0
vt 0.34375 -0.65625
vt 0.0 -0.65625
vt 0.0 -0.46875
vt 0.53125 -0.46875
vt 0.53125 0.0
vt 0.0 0.0
vt 0.34375 -1.0
vt 1.0 -1.0
vt 1.0 -0.4375
vt 0.34375 -0.4375
vt 0.53125 -0.4375
vt 1.0 -0.4375
vt 1.0 0.0
vt 0.53125 0.0
vt 0.0 -2.0
vt 1.0 -2.0
vt 1.0 -1.0
vt 0.0 -1.0
vt 0.0 -1.0
vt 0.34375 -1.0
vt 0.34375 -0.65625
vt 0.0 -0.65625
vt 0.0 -0.46875
vt 0.53125 -0.46875
vt 0.53125 0.0
vt 0.0 0.0
vt 0.34375 -1.0
vt 1.0 -1.0
vt 1.0 -0.4375
vt 0.34375 -0.4375
vt 0.53125 -0.4375
vt 1.0 -0.4375
vt 1.0 0.0
vt 0.53125 0.0
vt 0.0 -2.0
vt 1.0 -2.0
vt 1.0 -1.0
vt 0.0 -1.0
vt 0.0 -1.0
vt 0.34375 -1.0
vt 0.34375 -0.65625
vt 0.0 -0.65625
vt 0.0 -0.46875
vt 0.53125 -0.46875
vt 0.53125 0.0
vt 0.0 0.0
vt 0.34375 -1.0
vt 1.0 -1.0
vt 1.0 -0.4375
vt 0.34375 -0.4375
vt 0.53125 -0.4375
vt 1.0 -0.4375
vt 1.0 0.0
vt 0.53125 0.0
vt 0.0 -2.0
vt 1.0 -2.0
vt 1.0 -1.0
vt 0.0 -1.0
vt 0.0 -1.0
vt 0.34375 -1.0
vt 0.34375 -0.65625
vt 0.0 -0.65625
vt 0.0 -0.46875
vt 0.53125 -0.46875
vt 0.53125 0.0
vt 0.0 0.0
vt 0.34375 -1.0
vt 1.0 -1.0
vt 1.0 -0.4375
vt 0.34375 -0.4375
vt 0.53125 -0.4375
vt 1.0 -0.4375
vt 1.0 0.0
vt 0.53125 0.0
vt 0.0 -2.0
vt 1.0 -2.0
vt 1.0 -1.0
vt 0.0 -1.0
vt 0.0 -1.0
vt 1.0 -1.0
vt 1.0 0.0
vt 0.0 0.0
vt 0.0 -1.0
vt 0.34375 -1.0
vt 0.34375 -0.65625
vt 0.0 -0.65625
vt 0.0 -0.46875
vt 0.53125 -0.46875
vt 0.53125 0.0
vt 0.0 0.0
vt 0.34375 -1.0
vt 1.0 -1.0
vt 1.0 -0.4375
vt 0.34375 -0.4375
vt 0.53125 -0.4375
vt 1.0 -0.4375
vt 1.0 0.0
vt 0.53125 0.0
vt 1.0 0.59375
vt 1.5 0.59375
vt 1.5 0.9375
vt 1.0 0.9375
vt 1.0 0.03125
vt 1.5 0.03125
vt 1.5 0.5
vt 1.0 0.5
vt 1.0 0.4375
vt 1.5 0.4375
vt 1.5 1.0
vt 1.0 1.0
vt 1.0 0.03125
vt 1.5 0.03125
vt 1.5 0.4375
vt 1.0 0.4375
vt 0.0 0.0
vt 1.0 0.0
vt 1.0 1.0
vt 0.0 1.0
vt 0.0 -1.0
vt 1.0 -1.0
vt 1.0 0.0
vt 0.0 0.0
vt 0.0 -1.0
vt 0.34375 -1.0
vt 0.34375 -0.65625
vt 0.0 -0.65625
vt 0.0 -0.46875
vt 0.53125 -0.46875
vt 0.53125 0.0
vt 0.0 0.0
vt 0.34375 -1.0
vt 1.0 -1.0
vt 1.0 -0.4375
vt 0.34375 -0.4375
vt 0.53125 -0.4375
vt 1.0 -0.4375
vt 1.0 0.0
vt 0.53125 0.0
vt 0.0 -1.0
vt 1.0 -1.0
vt 1.0 0.0
vt 0.0 0.0
vt 0.0 -1.0
vt 0.34375 -1.0
vt 0.34375 -0.65625
vt 0.0 -0.65625
vt 0.0 -0.46875
vt 0.53125 -0.46875
vt 0.53125 0.0
vt 0.0 0.0
vt 0.34375 -1.0
vt 1.0 -1.0
vt 1.0 -0.4375
vt 0.34375 -0.4375
vt 0.53125 -0.4375
vt 1.0 -0.4375
vt 1.0 0.0
vt 0.53125 0.0
vt 1.0 0.59375
vt 1.5 0.59375
vt 1.5 0.9375
vt 1.0 0.9375
vt 1.0 0.03125
vt 1.5 0.03125
vt 1.5 0.5
vt 1.0 0.5
vt 1.0 0.4375
vt 1.5 0.4375
vt 1.5 1.0
vt 1.0 1.0
vt 1.0 0.03125
vt 1.5 0.03125
vt 1.5 0.4375
vt 1.0 0.4375
vt 0.0 0.0
vt 1.0 0.0
vt 1.0 1.0
vt 0.0 1.0
vt 1.0 0.59375
vt 1.5 0.59375
vt 1.5 0.9375
vt 1.0 0.9375
vt 1.0 0.03125
vt 1.5 0.03125
vt 1.5 0.5
vt 1.0 0.5
vt 1.0 0.4375
vt 1.5 0.4375
vt 1.5 1.0
vt 1.0 1.0
vt 1.0 0.03125
vt 1.5 0.03125
vt 1.5 0.4375
vt 1.0 0.4375
vt 0.0 0.0
vt 1.0 0.0
vt 1.0 1.0
vt 0.0 1.0
vt 1.0 0.59375
vt 1.5 0.59375
vt 1.5 0.9375
vt 1.0 0.9375
vt 1.0 0.03125
vt 1.5 0.03125
vt 1.5 0.5
vt 1.0 0.5
vt 1.0 0.4375
vt 1.5 0.4375
vt 1.5 1.0
vt 1.0 1.0
vt 1.0 0.03125
vt 1.5 0.03125
vt 1.5 0.4375
vt 1.0 0.4375
vt 0.0 0.0
vt 1.0 0.0
vt 1.0 1.0
vt 0.0 1.0
vt 0.0 -1.0
vt 0.34375 -1.0
vt 0.34375 -0.65625
vt 0.0 -0.65625
vt 0.0 -0.46875
vt 0.53125 -0.46875
vt 0.53125 0.0
vt 0.0 0.0
vt 0.34375 -1.0
vt 1.0 -1.0
vt 1.0 -0.4375
vt 0.34375 -0.4375
vt 0.53125 -0.4375
vt 1.0 -0.4375
vt 1.0 0.0
vt 0.53125 0.0
vt 0.0 -2.0
vt 1.0 -2.0
vt 1.0 -1.0
vt 0.0 -1.0
vt 0.0 -1.0
vt 0.34375 -1.0
vt 0.34375 -0.65625
vt 0.0 -0.65625
vt 0.0 -0.46875
vt 0.53125 -0.46875
vt 0.53125 0.0
vt 0.0 0.0
vt 0.34375 -1.0
vt 1.0 -1.0
vt 1.0 -0.4375
vt 0.34375 -0.4375
vt 0.53125 -0.4375
vt 1.0 -0.4375
vt 1.0 0.0
vt 0.53125 0.0
vt 0.0 -2.0
vt 1.0 -2.0
vt 1.0 -1.0
vt 0.0 -1.0
vt 0.0 -1.0
vt 0.34375 -1.0
vt 0.34375 -0.65625
vt 0.0 -0.65625
vt 0.0 -0.46875
vt 0.53125 -0.46875
vt 0.53125 0.0
vt 0.0 0.0
vt 0.34375 -1.0
vt 1.0 -1.0
vt 1.0 -0.4375
vt 0.34375 -0.4375
vt 0.53125 -0.4375
vt 1.0 -0.4375
vt 1.0 0.0
vt 0.53125 0.0
vt 0.0 -2.0
vt 1.0 -2.0
vt 1.0 -1.0
vt 0.0 -1.0
vt 0.0 -1.0
vt 1.0 -1.0
vt 1.0 0.0
vt 0.0 0.0
vt 0.0 -1.0
vt 0.34375 -1.0
vt 0.34375 -0.65625
vt 0.0 -0.65625
vt 0.0 -0.46875
vt 0.53125 -0.46875
vt 0.53125 0.0
vt 0.0 0.0
vt 0.34375 -1.0
vt 1.0 -1.0
vt 1.0 -0.4375
vt 0.34375 -0.4375
vt 0.53125 -0.4375
vt 1.0 -0.4375
vt 1.0 0.0
vt 0.53125 0.0
vt 0.0 -1.0
vt 0.34375 -1.0
vt 0.34375 -0.65625
vt 0.0 -0.65625
vt 0.0 -0.46875
vt 0.53125 -0.46875
vt 0.53125 0.0
vt 0.0 0.0
vt 0.34375 -1.0
vt 1.0 -1.0
vt 1.0 -0.4375
vt 0.34375 -0.4375
vt 0.53125 -0.4375
vt 1.0 -0.4375
vt 1.0 0.0
vt 0.53125 0.0
vt 0.0 -2.0
vt 1.0 -2.0
vt 1.0 -1.0
vt 0.0 -1.0
vt 0.0 -1.0
vt 0.34375 -1.0
vt 0.34375 -0.65625
vt 0.0 -0.65625
vt 0.0 -0.46875
vt 0.53125 -0.46875
vt 0.53125 0.0
vt 0.0 0.0
vt 0.34375 -1.0
vt 1.0 -1.0
vt 1.0 -0.4375
vt 0.34375 -0.4375
vt 0.53125 -0.4375
vt 1.0 -0.4375
vt 1.0 0.0
vt 0.53125 0.0
vt 0.0 -2.0
vt 1.0 -2.0
vt 1.0 -1.0
vt 0.0 -1.0
vt 0.0 -1.0
vt 0.34375 -1.0
vt 0.34375 -0.65625
vt 0.0 -0.65625
vt 0.0 -0.46875
vt 0.53125 -0.46875
vt 0.53125 0.0
vt 0.0 0.0
vt 0.34375 -1.0
vt 1.0 -1.0
vt 1.0 -0.4375
vt 0.34375 -0.4375
vt 0.53125 -0.4375
vt 1.0 -0.4375
vt 1.0 0.0
vt 0.53125 0.0
vt 0.0 -2.0
vt 1.0 -2.0
vt 1.0 -1.0
vt 0.0 -1.0
vt 0.0 -1.0
vt 1.0 -1.0
vt 1.0 0.0
vt 0.0 0.0
vt 0.0 -1.0
vt 0.34375 -1.0
vt 0.34375 -0.65625
vt 0.0 -0.65625
vt 0.0 -0.46875
vt 0.53125 -0.46875
vt 0.53125 0.0
vt 0.0 0.0
vt 0.34375 -1.0
vt 1.0 -1.0
vt 1.0 -0.4375
vt 0.34375 -0.4375
vt 0.53125 -0.4375
vt 1.0 -0.4375
vt 1.0 0.0
vt 0.53125 0.0
vt 0.0 -1.0
vt 0.34375 -1.0
vt 0.34375 -0.65625
vt 0.0 -0.65625
vt 0.0 -0.46875
vt 0.53125 -0.46875
vt 0.53125 0.0
vt 0.0 0.0
vt 0.34375 -1.0
vt 1.0 -1.0
vt 1.0 -0.4375
vt 0.34375 -0.4375
vt 0.53125 -0.4375
vt 1.0 -0.4375
vt 1.0 0.0
vt 0.53125 0.0
vt 0.0 -2.0
vt 1.0 -2.0
vt 1.0 -1.0
vt 0.0 -1.0
vt 0.0 -1.0
vt 1.0 -1.0
vt 1.0 0.0
vt 0.0 0.0
vt 0.0 -1.0
vt 0.34375 -1.0
vt 0.34375 -0.65625
vt 0.0 -0.65625
vt 0.0 -0.46875
vt 0.53125 -0.46875
vt 0.53125 0.0
vt 0.0 0.0
vt 0.34375 -1.0
vt 1.0 -1.0
vt 1.0 -0.4375
vt 0.34375 -0.4375
vt 0.53125 -0.4375
vt 1.0 -0.4375
vt 1.0 0.0
vt 0.53125 0.0
vt 0.0 -1.0
vt 1.0 -1.0
vt 1.0 0.0
vt 0.0 0.0
vt 0.0 -1.0
vt 0.34375 -1.0
vt 0.34375 -0.65625
vt 0.0 -0.65625
vt 0.0 -0.46875
vt 0.53125 -0.46875
vt 0.53125 0.0
vt 0.0 0.0
vt 0.34375 -1.0
vt 1.0 -1.0
vt 1.0 -0.4375
vt 0.34375 -0.4375
vt 0.53125 -0.4375
vt 1.0 -0.4375
vt 1.0 0.0
vt 0.53125 0.0
vt 0.0 -1.0
vt 1.0 -1.0
vt 1.0 0.0
vt 0.0 0.0
vt 0.0 -1.0
vt 0.34375 -1.0
vt 0.34375 -0.65625
vt 0.0 -0.65625
vt 0.0 -0.46875
vt 0.53125 -0.46875
vt 0.53125 0.0
vt 0.0 0.0
vt 0.34375 -1.0
vt 1.0 -1.0
vt 1.0 -0.4375
vt 0.34375 -0.4375
vt 0.53125 -0.4375
vt 1.0 -0.4375
vt 1.0 0.0
vt 0.53125 0.0
vt 0.0 -1.0
vt 0.34375 -1.0
vt 0.34375 -0.65625
vt 0.0 -0.65625
vt 0.0 -0.46875
vt 0.53125 -0.46875
vt 0.53125 0.0
vt 0.0 0.0
vt 0.34375 -1.0
vt 1.0 -1.0
vt 1.0 -0.4375
vt 0.34375 -0.4375
vt 0.53125 -0.4375
vt 1.0 -0.4375
vt 1.0 0.0
vt 0.53125 0.0
vt 0.0 -2.0
vt 1.0 -2.0
vt 1.0 -1.0
vt 0.0 -1.0
vt 0.0 -1.0
vt 1.0 -1.0
vt 1.0 0.0
vt 0.0 0.0
vt 0.0 -1.0
vt 0.34375 -1.0
vt 0.34375 -0.65625
vt 0.0 -0.65625
vt 0.0 -0.46875
vt 0.53125 -0.46875
vt 0.53125 0.0
vt 0.0 0.0
vt 0.34375 -1.0
vt 1.0 -1.0
vt 1.0 -0.4375
vt 0.34375 -0.4375
vt 0.53125 -0.4375
vt 1.0 -0.4375
vt 1.0 0.0
vt 0.53125 0.0
vt 0.0 -1.0
vt 0.34375 -1.0
vt 0.34375 -0.65625
vt 0.0 -0.65625
vt 0.0 -0.46875
vt 0.53125 -0.46875
vt 0.53125 0.0
vt 0.0 0.0
vt 0.34375 -1.0
vt 1.0 -1.0
vt 1.0 -0.4375
vt 0.34375 -0.4375
vt 0.53125 -0.4375
vt 1.0 -0.4375
vt 1.0 0.0
vt 0.53125 0.0
vt 0.0 -2.0
vt 1.0 -2.0
vt 1.0 -1.0
vt 0.0 -1.0
vt 0.0 -1.0
vt 0.34375 -1.0
vt 0.34375 -0.65625
vt 0.0 -0.65625
vt 0.0 -0.46875
vt 0.53125 -0.46875
vt 0.53125 0.0
vt 0.0 0.0
vt 0.34375 -1.0
vt 1.0 -1.0
vt 1.0 -0.4375
vt 0.34375 -0.4375
vt 0.53125 -0.4375
vt 1.0 -0.4375
vt 1.0 0.0
vt 0.53125 0.0
vt 0.0 -2.0
vt 1.0 -2.0
vt 1.0 -1.0
vt 0.0 -1.0
vt 0.0 -1.0
vt 0.34375 -1.0
vt 0.34375 -0.65625
vt 0.0 -0.65625
vt 0.0 -0.46875
vt 0.53125 -0.46875
vt 0.53125 0.0
vt 0.0 0.0
vt 0.34375 -1.0
vt 1.0 -1.0
vt 1.0 -0.4375
vt 0.34375 -0.4375
vt 0.53125 -0.4375
vt 1.0 -0.4375
vt 1.0 0.0
vt 0.53125 0.0
vt 0.0 -2.0
vt 1.0 -2.0
vt 1.0 -1.0
vt 0.0 -1.0
vt 0.0 -1.0
vt 0.34375 -1.0
vt 0.34375 -0.65625
vt 0.0 -0.65625
vt 0.0 -0.46875
vt 0.53125 -0.46875
vt 0.53125 0.0
vt 0.0 0.0
vt 0.34375 -1.0
vt 1.0 -1.0
vt 1.0 -0.4375
vt 0.34375 -0.4375
vt 0.53125 -0.4375
vt 1.0 -0.4375
vt 1.0 0.0
vt 0.53125 0.0
vt 0.0 -2.0
vt 1.0 -2.0
vt 1.0 -1.0
vt 0.0 -1.0
vt 0.0 -8.0
vt 6.0 -8.0
vt 6.0 0.0
vt 0.0 0.0
vt 0.0 -8.0
vt 8.0 -8.0
vt 8.0 0.0
vt 0.0 0.0
vt 0.0 -8.0
vt 8.0 -8.0
vt 8.0 0.0
vt 0.0 0.0
vt 0.0 -4.0
vt 8.0 -4.0
vt 8.0 0.0
vt 0.0 0.0
vt 0.0 -1.0
vt 0.34375 -1.0
vt 0.34375 -0.65625
vt 0.0 -0.65625
vt 0.0 -0.46875
vt 0.53125 -0.46875
vt 0.53125 0.0
vt 0.0 0.0
vt 0.34375 -1.0
vt 1.0 -1.0
vt 1.0 -0.4375
vt 0.34375 -0.4375
vt 0.53125 -0.4375
vt 1.0 -0.4375
vt 1.0 0.0
vt 0.53125 0.0
vt 0.0 -2.0
vt 1.0 -2.0
vt 1.0 -1.0
vt 0.0 -1.0
vt 0.0 -1.0
vt 0.34375 -1.0
vt 0.34375 -0.65625
vt 0.0 -0.65625
vt 0.0 -0.46875
vt 0.53125 -0.46875
vt 0.53125 0.0
vt 0.0 0.0
vt 0.34375 -1.0
vt 1.0 -1.0
vt 1.0 -0.4375
vt 0.34375 -0.4375
vt 0.53125 -0.4375
vt 1.0 -0.4375
vt 1.0 0.0
vt 0.53125 0.0
vt 0.0 -2.0
vt 1.0 -2.0
vt 1.0 -1.0
vt 0.0 -1.0
vt 0.0 -1.0
vt 1.0 -1.0
vt 1.0 0.0
vt 0.0 0.0
vt 0.0 -1.0
vt 0.34375 -1.0
vt 0.34375 -0.65625
vt 0.0 -0.65625
vt 0.0 -0.46875
vt 0.53125 -0.46875
vt 0.53125 0.0
vt 0.0 0.0
vt 0.34375 -1.0
vt 1.0 -1.0
vt 1.0 -0.4375
vt 0.34375 -0.4375
vt 0.53125 -0.4375
vt 1.0 -0.4375
vt 1.0 0.0
vt 0.53125 0.0
vt 1.0 0.59375
vt 1.5 0.59375
vt 1.5 0.9375
vt 1.0 0.9375
vt 1.0 0.03125
vt 1.5 0.03125
vt 1.5 0.5
vt 1.0 0.5
vt 1.0 0.4375
vt 1.5 0.4375
vt 1.5 1.0
vt 1.0 1.0
vt 1.0 0.03125
vt 1.5 0.03125
vt 1.5 0.4375
vt 1.0 0.4375
vt 0.0 0.0
vt 1.0 0.0
vt 1.0 1.0
vt 0.0 1.0
vt 2.0 -0.5
vt 2.0 -1.0
vt 6.0 -1.0
vt 6.0 -0.5
vt 2.0 -0.25
vt 2.0 -0.5
vt 6.0 -0.5
vt 6.0 -0.25
vt 2.0 0.0
vt 6.0 0.0
vt 2.0 -1.0
vt 4.0 -1.0
vt 4.0 -0.517578
vt 2.0 -0.517578
vt 0.25 0.75
vt 0.5 0.5
vt 1.5 0.5
vt 1.5 0.75
vt 0.0 1.0
vt 1.5 1.0
vt 0.5 0.5
vt 0.6875 0.0
vt 1.5 0.0
vt 1.5 0.5
vt -0.5 0.5
vt -0.5 0.0
vt 0.375 0.0
vt 0.5 0.5
vt -0.5 1.0
vt -0.5 0.75
vt 0.75 0.75
vt 1.0 1.0
vt -0.5 0.5
vt 0.5 0.5
vt 0.011719 -0.484375
vt 0.484375 -0.484375
vt 0.484375 -0.013672
vt 0.011719 -0.013672
vt 0.0 -7.0
vt 8.0 -7.0
vt 8.0 0.0
vt 0.0 0.0
vt 0.0 0.0
vt 6.0 0.0
vt 6.0 4.0
vt 0.0 4.0
vt 3.0 -0.5
vt 3.0 -1.0
vt 9.0 -1.0
vt 9.0 -0.5
vt 3.0 -0.25
vt 3.0 -0.5
vt 9.0 -0.5
vt 9.0 -0.25
vt 3.0 0.0
vt 9.0 0.0
vt 3.0 -1.0
vt 6.0 -1.0
vt 6.0 -0.517578
vt 3.0 -0.517578
vt 0.0 -3.0
vt 8.0 -3.0
vt 8.0 0.0
vt 0.0 0.0
vt 0.062496 0.007812
vt 3.937504 0.007812
vt 3.937504 0.492188
vt 0.062496 0.492188
vt 0.046871997 0.007812
vt 2.953128 0.007812
vt 2.953128 0.492188
vt 0.046871997 0.492188
vt 0.007812 -0.492188
vt 0.492188 -0.492188
vt 0.492188 -0.007812
vt 0.007812 -0.007812
vt 0.0 -2.0
vt 8.0 -2.0
vt 8.0 0.0
vt 0.0 0.0
vt 2.0 -8.0
vt 4.0 -8.0
vt 4.0 0.0
vt 2.0 0.0
vt 2.0 -6.0
vt 4.0 -6.0
vt 4.0 0.0
vt 2.0 0.0
vt 0.015624 0.007812
vt 0.984376 0.007812
vt 0.984376 0.492188
vt 0.015624 0.492188
vt 0.062496 0.007812
vt 3.937504 0.007812
vt 3.937504 0.492188
vt 0.062496 0.492188
vt 0.046871997 0.007812
vt 2.953128 0.007812
vt 2.953128 0.492188
vt 0.046871997 0.492188
vt 0.007812 -0.492188
vt 0.492188 -0.492188
vt 0.492188 -0.007812
vt 0.007812 -0.007812
vt 0.0 -8.0
vt 8.0 -8.0
vt 8.0 0.0
vt 0.0 0.0
vt 0.0 -7.0
vt 8.0 -7.0
vt 8.0 0.0
vt 0.0 0.0
vt 2.0 -0.5
vt 2.0 -1.0
vt 6.0 -1.0
vt 6.0 -0.5
vt 2.0 -0.25
vt 2.0 -0.5
vt 6.0 -0.5
vt 6.0 -0.25
vt 2.0 0.0
vt 6.0 0.0
vt 2.0 -1.0
vt 4.0 -1.0
vt 4.0 -0.517578
vt 2.0 -0.517578
vt 0.25 0.75
vt 0.5 0.5
vt 1.5 0.5
vt 1.5 0.75
vt 0.0 1.0
vt 1.5 1.0
vt 0.5 0.5
vt 0.6875 0.0
vt 1.5 0.0
vt 1.5 0.5
vt -0.5 0.5
vt -0.5 0.0
vt 0.375 0.0
vt 0.5 0.5
vt -0.5 1.0
vt -0.5 0.75
vt 0.75 0.75
vt 1.0 1.0
vt -0.5 0.5
vt 0.5 0.5
vt 0.011719 -0.484375
vt 0.484375 -0.484375
vt 0.484375 -0.013672
vt 0.011719 -0.013672
vt 0.0 -1.0
vt 0.34375 -1.0
vt 0.34375 -0.65625
vt 0.0 -0.65625
vt 0.0 -0.46875
vt 0.53125 -0.46875
vt 0.53125 0.0
vt 0.0 0.0
vt 0.34375 -1.0
vt 1.0 -1.0
vt 1.0 -0.4375
vt 0.34375 -0.4375
vt 0.53125 -0.4375
vt 1.0 -0.4375
vt 1.0 0.0
vt 0.53125 0.0
vt 0.0 -2.0
vt 1.0 -2.0
vt 1.0 -1.0
vt 0.0 -1.0
vt 0.0 -1.0
vt 0.34375 -1.0
vt 0.34375 -0.65625
vt 0.0 -0.65625
vt 0.0 -0.46875
vt 0.53125 -0.46875
vt 0.53125 0.0
vt 0.0 0.0
vt 0.34375 -1.0
vt 1.0 -1.0
vt 1.0 -0.4375
vt 0.34375 -0.4375
vt 0.53125 -0.4375
vt 1.0 -0.4375
vt 1.0 0.0
vt 0.53125 0.0
vt 0.0 -2.0
vt 1.0 -2.0
vt 1.0 -1.0
vt 0.0 -1.0
vt 0.0 -8.0
vt 6.0 -8.0
vt 6.0 0.0
vt 0.0 0.0
vt 0.0 -1.0
vt 0.34375 -1.0
vt 0.34375 -0.65625
vt 0.0 -0.65625
vt 0.0 -0.46875
vt 0.53125 -0.46875
vt 0.53125 0.0
vt 0.0 0.0
vt 0.34375 -1.0
vt 1.0 -1.0
vt 1.0 -0.4375
vt 0.34375 -0.4375
vt 0.53125 -0.4375
vt 1.0 -0.4375
vt 1.0 0.0
vt 0.53125 0.0
vt 0.0 -2.0
vt 1.0 -2.0
vt 1.0 -1.0
vt 0.0 -1.0
vt 0.0 -1.0
vt 0.34375 -1.0
vt 0.34375 -0.65625
vt 0.0 -0.65625
vt 0.0 -0.46875
vt 0.53125 -0.46875
vt 0.53125 0.0
vt 0.0 0.0
vt 0.34375 -1.0
vt 1.0 -1.0
vt 1.0 -0.4375
vt 0.34375 -0.4375
vt 0.53125 -0.4375
vt 1.0 -0.4375
vt 1.0 0.0
vt 0.53125 0.0
vt 0.0 -2.0
vt 1.0 -2.0
vt 1.0 -1.0
vt 0.0 -1.0
vt 0.0 -3.0
vt 4.0 -3.0
vt 4.0 0.0
vt 0.0 0.0
vt 0.0 -2.0
vt 4.0 -2.0
vt 4.0 0.0
vt 0.0 0.0
vt 0.0 -1.0
vt 0.34375 -1.0
vt 0.34375 -0.65625
vt 0.0 -0.65625
vt 0.0 -0.46875
vt 0.53125 -0.46875
vt 0.53125 0.0
vt 0.0 0.0
vt 0.34375 -1.0
vt 1.0 -1.0
vt 1.0 -0.4375
vt 0.34375 -0.4375
vt 0.53125 -0.4375
vt 1.0 -0.4375
vt 1.0 0.0
vt 0.53125 0.0
vt 0.0 -2.0
vt 1.0 -2.0
vt 1.0 -1.0
vt 0.0 -1.0
vt 0.0 -1.0
vt 0.34375 -1.0
vt 0.34375 -0.65625
vt 0.0 -0.65625
vt 0.0 -0.46875
vt 0.53125 -0.46875
vt 0.53125 0.0
vt 0.0 0.0
vt 0.34375 -1.0
vt 1.0 -1.0
vt 1.0 -0.4375
vt 0.34375 -0.4375
vt 0.53125 -0.4375
vt 1.0 -0.4375
vt 1.0 0.0
vt 0.53125 0.0
vt 0.0 -2.0
vt 1.0 -2.0
vt 1.0 -1.0
vt 0.0 -1.0
vt 2.0 0.59375
vt 3.0 0.59375
vt 3.0 0.9375
vt 2.0 0.9375
vt 2.0 0.03125
vt 3.0 0.03125
vt 3.0 0.5
vt 2.0 0.5
vt 2.0 0.4375
vt 3.0 0.4375
vt 3.0 1.0
vt 2.0 1.0
vt 2.0 0.03125
vt 3.0 0.03125
vt 3.0 0.4375
vt 2.0 0.4375
vt 0.0 0.0
vt 2.0 0.0
vt 2.0 1.0
vt 0.0 1.0
vt 0.0 -1.0
vt 0.34375 -1.0
vt 0.34375 -0.65625
vt 0.0 -0.65625
vt 0.0 -0.46875
vt 0.53125 -0.46875
vt 0.53125 0.0
vt 0.0 0.0
vt 0.34375 -1.0
vt 1.0 -1.0
vt 1.0 -0.4375
vt 0.34375 -0.4375
vt 0.53125 -0.4375
vt 1.0 -0.4375
vt 1.0 0.0
vt 0.53125 0.0
vt 0.0 -2.0
vt 1.0 -2.0
vt 1.0 -1.0
vt 0.0 -1.0
vt 0.0 -1.0
vt 0.34375 -1.0
vt 0.34375 -0.65625
vt 0.0 -0.65625
vt 0.0 -0.46875
vt 0.53125 -0.46875
vt 0.53125 0.0
vt 0.0 0.0
vt 0.34375 -1.0
vt 1.0 -1.0
vt 1.0 -0.4375
vt 0.34375 -0.4375
vt 0.53125 -0.4375
vt 1.0 -0.4375
vt 1.0 0.0
vt 0.53125 0.0
vt 0.0 -2.0
vt 1.0 -2.0
vt 1.0 -1.0
vt 0.0 -1.0
vt 0.0 -1.0
vt 0.34375 -1.0
vt 0.34375 -0.65625
vt 0.0 -0.65625
vt 0.0 -0.46875
vt 0.53125 -0.46875
vt 0.53125 0.0
vt 0.0 0.0
vt 0.34375 -1.0
vt 1.0 -1.0
vt 1.0 -0.4375
vt 0.34375 -0.4375
vt 0.53125 -0.4375
vt 1.0 -0.4375
vt 1.0 0.0
vt 0.53125 0.0
vt 0.0 -2.0
vt 1.0 -2.0
vt 1.0 -1.0
vt 0.0 -1.0
vt 0.0 -1.0
vt 0.34375 -1.0
vt 0.34375 -0.65625
vt 0.0 -0.65625
vt 0.0 -0.46875
vt 0.53125 -0.46875
vt 0.53125 0.0
vt 0.0 0.0
vt 0.34375 -1.0
vt 1.0 -1.0
vt 1.0 -0.4375
vt 0.34375 -0.4375
vt 0.53125 -0.4375
vt 1.0 -0.4375
vt 1.0 0.0
vt 0.53125 0.0
vt 0.0 -2.0
vt 1.0 -2.0
vt 1.0 -1.0
vt 0.0 -1.0
vt 0.0 -1.0
vt 0.34375 -1.0
vt 0.34375 -0.65625
vt 0.0 -0.65625
vt 0.0 -0.46875
vt 0.53125 -0.46875
vt 0.53125 0.0
vt 0.0 0.0
vt 0.34375 -1.0
vt 1.0 -1.0
vt 1.0 -0.4375
vt 0.34375 -0.4375
vt 0.53125 -0.4375
vt 1.0 -0.4375
vt 1.0 0.0
vt 0.53125 0.0
vt 0.0 -2.0
vt 1.0 -2.0
vt 1.0 -1.0
vt 0.0 -1.0
vt 0.0 -1.0
vt 0.34375 -1.0
vt 0.34375 -0.65625
vt 0.0 -0.65625
vt 0.0 -0.46875
vt 0.53125 -0.46875
vt 0.53125 0.0
vt 0.0 0.0
vt 0.34375 -1.0
vt 1.0 -1.0
vt 1.0 -0.4375
vt 0.34375 -0.4375
vt 0.53125 -0.4375
vt 1.0 -0.4375
vt 1.0 0.0
vt 0.53125 0.0
vt 0.0 -2.0
vt 1.0 -2.0
vt 1.0 -1.0
vt 0.0 -1.0
vt 0.0 -1.0
vt 0.34375 -1.0
vt 0.34375 -0.65625
vt 0.0 -0.65625
vt 0.0 -0.46875
vt 0.53125 -0.46875
vt 0.53125 0.0
vt 0.0 0.0
vt 0.34375 -1.0
vt 1.0 -1.0
vt 1.0 -0.4375
vt 0.34375 -0.4375
vt 0.53125 -0.4375
vt 1.0 -0.4375
vt 1.0 0.0
vt 0.53125 0.0
vt 0.0 -2.0
vt 1.0 -2.0
vt 1.0 -1.0
vt 0.0 -1.0
vt 0.0 -1.0
vt 0.34375 -1.0
vt 0.34375 -0.65625
vt 0.0 -0.65625
vt 0.0 -0.46875
vt 0.53125 -0.46875
vt 0.53125 0.0
vt 0.0 0.0
vt 0.34375 -1.0
vt 1.0 -1.0
vt 1.0 -0.4375
vt 0.34375 -0.4375
vt 0.53125 -0.4375
vt 1.0 -0.4375
vt 1.0 0.0
vt 0.53125 0.0
vt 0.0 -2.0
vt 1.0 -2.0
vt 1.0 -1.0
vt 0.0 -1.0
vt 0.0 -1.0
vt 0.34375 -1.0
vt 0.34375 -0.65625
vt 0.0 -0.65625
vt 0.0 -0.46875
vt 0.53125 -0.46875
vt 0.53125 0.0
vt 0.0 0.0
vt 0.34375 -1.0
vt 1.0 -1.0
vt 1.0 -0.4375
vt 0.34375 -0.4375
vt 0.53125 -0.4375
vt 1.0 -0.4375
vt 1.0 0.0
vt 0.53125 0.0
vt 0.0 -2.0
vt 1.0 -2.0
vt 1.0 -1.0
vt 0.0 -1.0
vt 0.0 -1.0
vt 0.34375 -1.0
vt 0.34375 -0.65625
vt 0.0 -0.65625
vt 0.0 -0.46875
vt 0.53125 -0.46875
vt 0.53125 0.0
vt 0.0 0.0
vt 0.34375 -1.0
vt 1.0 -1.0
vt 1.0 -0.4375
vt 0.34375 -0.4375
vt 0.53125 -0.4375
vt 1.0 -0.4375
vt 1.0 0.0
vt 0.53125 0.0
vt 0.0 -2.0
vt 1.0 -2.0
vt 1.0 -1.0
vt 0.0 -1.0
vt 0.0 -1.0
vt 0.34375 -1.0
vt 0.34375 -0.65625
vt 0.0 -0.65625
vt 0.0 -0.46875
vt 0.53125 -0.46875
vt 0.53125 0.0
vt 0.0 0.0
vt 0.34375 -1.0
vt 1.0 -1.0
vt 1.0 -0.4375
vt 0.34375 -0.4375
vt 0.53125 -0.4375
vt 1.0 -0.4375
vt 1.0 0.0
vt 0.53125 0.0
vt 0.0 -2.0
vt 1.0 -2.0
vt 1.0 -1.0
vt 0.0 -1.0
vt 0.0 -1.0
vt 0.34375 -1.0
vt 0.34375 -0.65625
vt 0.0 -0.65625
vt 0.0 -0.46875
vt 0.53125 -0.46875
vt 0.53125 0.0
vt 0.0 0.0
vt 0.34375 -1.0
vt 1.0 -1.0
vt 1.0 -0.4375
vt 0.34375 -0.4375
vt 0.53125 -0.4375
vt 1.0 -0.4375
vt 1.0 0.0
vt 0.53125 0.0
vt 0.0 -2.0
vt 1.0 -2.0
vt 1.0 -1.0
vt 0.0 -1.0
vt 0.0 -1.0
vt 0.34375 -1.0
vt 0.34375 -0.65625
vt 0.0 -0.65625
vt 0.0 -0.46875
vt 0.53125 -0.46875
vt 0.53125 0.0
vt 0.0 0.0
vt 0.34375 -1.0
vt 1.0 -1.0
vt 1.0 -0.4375
vt 0.34375 -0.4375
vt 0.53125 -0.4375
vt 1.0 -0.4375
vt 1.0 0.0
vt 0.53125 0.0
vt 0.0 -2.0
vt 1.0 -2.0
vt 1.0 -1.0
vt 0.0 -1.0
vt 0.0 -1.0
vt 0.34375 -1.0
vt 0.34375 -0.65625
vt 0.0 -0.65625
vt 0.0 -0.46875
vt 0.53125 -0.46875
vt 0.53125 0.0
vt 0.0 0.0
vt 0.34375 -1.0
vt 1.0 -1.0
vt 1.0 -0.4375
vt 0.34375 -0.4375
vt 0.53125 -0.4375
vt 1.0 -0.4375
vt 1.0 0.0
vt 0.53125 0.0
vt 0.0 -2.0
vt 1.0 -2.0
vt 1.0 -1.0
vt 0.0 -1.0
vt 0.0 -1.0
vt 0.34375 -1.0
vt 0.34375 -0.65625
vt 0.0 -0.65625
vt 0.0 -0.46875
vt 0.53125 -0.46875
vt 0.53125 0.0
vt 0.0 0.0
vt 0.34375 -1.0
vt 1.0 -1.0
vt 1.0 -0.4375
vt 0.34375 -0.4375
vt 0.53125 -0.4375
vt 1.0 -0.4375
vt 1.0 0.0
vt 0.53125 0.0
vt 0.0 -2.0
vt 1.0 -2.0
vt 1.0 -1.0
vt 0.0 -1.0
vt 1.0 0.59375
vt 1.5 0.59375
vt 1.5 0.9375
vt 1.0 0.9375
vt 1.0 0.03125
vt 1.5 0.03125
vt 1.5 0.5
vt 1.0 0.5
vt 1.0 0.4375
vt 1.5 0.4375
vt 1.5 1.0
vt 1.0 1.0
vt 1.0 0.03125
vt 1.5 0.03125
vt 1.5 0.4375
vt 1.0 0.4375
vt 0.0 0.0
vt 1.0 0.0
vt 1.0 1.0
vt 0.0 1.0
vt 1.0 0.59375
vt 1.5 0.59375
vt 1.5 0.9375
vt 1.0 0.9375
vt 1.0 0.03125
vt 1.5 0.03125
vt 1.5 0.5
vt 1.0 0.5
vt 1.0 0.4375
vt 1.5 0.4375
vt 1.5 1.0
vt 1.0 1.0
vt 1.0 0.03125
vt 1.5 0.03125
vt 1.5 0.4375
vt 1.0 0.4375
vt 0.0 0.0
vt 1.0 0.0
vt 1.0 1.0
vt 0.0 1.0
vt 1.0 0.59375
vt 1.5 0.59375
vt 1.5 0.9375
vt 1.0 0.9375
vt 1.0 0.03125
vt 1.5 0.03125
vt 1.5 0.5
vt 1.0 0.5
vt 1.0 0.4375
vt 1.5 0.4375
vt 1.5 1.0
vt 1.0 1.0
vt 1.0 0.03125
vt 1.5 0.03125
vt 1.5 0.4375
vt 1.0 0.4375
vt 0.0 0.0
vt 1.0 0.0
vt 1.0 1.0
vt 0.0 1.0
vt 0.0 -1.0
vt 0.34375 -1.0
vt 0.34375 -0.65625
vt 0.0 -0.65625
vt 0.0 -0.46875
vt 0.53125 -0.46875
vt 0.53125 0.0
vt 0.0 0.0
vt 0.34375 -1.0
vt 1.0 -1.0
vt 1.0 -0.4375
vt 0.34375 -0.4375
vt 0.53125 -0.4375
vt 1.0 -0.4375
vt 1.0 0.0
vt 0.53125 0.0
vt 0.0 -2.0
vt 1.0 -2.0
vt 1.0 -1.0
vt 0.0 -1.0
vt 0.0 -1.0
vt 0.34375 -1.0
vt 0.34375 -0.65625
vt 0.0 -0.65625
vt 0.0 -0.46875
vt 0.53125 -0.46875
vt 0.53125 0.0
vt 0.0 0.0
vt 0.34375 -1.0
vt 1.0 -1.0
vt 1.0 -0.4375
vt 0.34375 -0.4375
vt 0.53125 -0.4375
vt 1.0 -0.4375
vt 1.0 0.0
vt 0.53125 0.0
vt 0.0 -2.0
vt 1.0 -2.0
vt 1.0 -1.0
vt 0.0 -1.0
vt 0.0 -1.0
vt 0.34375 -1.0
vt 0.34375 -0.65625
vt 0.0 -0.65625
vt 0.0 -0.46875
vt 0.53125 -0.46875
vt 0.53125 0.0
vt 0.0 0.0
vt 0.34375 -1.0
vt 1.0 -1.0
vt 1.0 -0.4375
vt 0.34375 -0.4375
vt 0.53125 -0.4375
vt 1.0 -0.4375
vt 1.0 0.0
vt 0.53125 0.0
vt 0.0 -2.0
vt 1.0 -2.0
vt 1.0 -1.0
vt 0.0 -1.0
vt 1.0 0.59375
vt 1.5 0.59375
vt 1.5 0.9375
vt 1.0 0.9375
vt 1.0 0.03125
vt 1.5 0.03125
vt 1.5 0.5
vt 1.0 0.5
vt 1.0 0.4375
vt 1.5 0.4375
vt 1.5 1.0
vt 1.0 1.0
vt 1.0 0.03125
vt 1.5 0.03125
vt 1.5 0.4375
vt 1.0 0.4375
vt 0.0 0.0
vt 1.0 0.0
vt 1.0 1.0
vt 0.0 1.0
vt 1.0 0.59375
vt 1.5 0.59375
vt 1.5 0.9375
vt 1.0 0.9375
vt 1.0 0.03125
vt 1.5 0.03125
vt 1.5 0.5
vt 1.0 0.5
vt 1.0 0.4375
vt 1.5 0.4375
vt 1.5 1.0
vt 1.0 1.0
vt 1.0 0.03125
vt 1.5 0.03125
vt 1.5 0.4375
vt 1.0 0.4375
vt 0.0 0.0
vt 1.0 0.0
vt 1.0 1.0
vt 0.0 1.0
vt 1.0 0.59375
vt 1.5 0.59375
vt 1.5 0.9375
vt 1.0 0.9375
vt 1.0 0.03125
vt 1.5 0.03125
vt 1.5 0.5
vt 1.0 0.5
vt 1.0 0.4375
vt 1.5 0.4375
vt 1.5 1.0
vt 1.0 1.0
vt 1.0 0.03125
vt 1.5 0.03125
vt 1.5 0.4375
vt 1.0 0.4375
vt 0.0 0.0
vt 1.0 0.0
vt 1.0 1.0
vt 0.0 1.0
vt 1.0 0.59375
vt 1.5 0.59375
vt 1.5 0.9375
vt 1.0 0.9375
vt 1.0 0.03125
vt 1.5 0.03125
vt 1.5 0.5
vt 1.0 0.5
vt 1.0 0.4375
vt 1.5 0.4375
vt 1.5 1.0
vt 1.0 1.0
vt 1.0 0.03125
vt 1.5 0.03125
vt 1.5 0.4375
vt 1.0 0.4375
vt 0.0 0.0
vt 1.0 0.0
vt 1.0 1.0
vt 0.0 1.0
vt 1.0 0.59375
vt 1.5 0.59375
vt 1.5 0.9375
vt 1.0 0.9375
vt 1.0 0.03125
vt 1.5 0.03125
vt 1.5 0.5
vt 1.0 0.5
vt 1.0 0.4375
vt 1.5 0.4375
vt 1.5 1.0
vt 1.0 1.0
vt 1.0 0.03125
vt 1.5 0.03125
vt 1.5 0.4375
vt 1.0 0.4375
vt 0.0 0.0
vt 1.0 0.0
vt 1.0 1.0
vt 0.0 1.0
vt 1.0 0.59375
vt 1.5 0.59375
vt 1.5 0.9375
vt 1.0 0.9375
vt 1.0 0.03125
vt 1.5 0.03125
vt 1.5 0.5
vt 1.0 0.5
vt 1.0 0.4375
vt 1.5 0.4375
vt 1.5 1.0
vt 1.0 1.0
vt 1.0 0.03125
vt 1.5 0.03125
vt 1.5 0.4375
vt 1.0 0.4375
vt 0.0 0.0
vt 1.0 0.0
vt 1.0 1.0
vt 0.0 1.0
vt 1.0 0.59375
vt 1.5 0.59375
vt 1.5 0.9375
vt 1.0 0.9375
vt 1.0 0.03125
vt 1.5 0.03125
vt 1.5 0.5
vt 1.0 0.5
vt 1.0 0.4375
vt 1.5 0.4375
vt 1.5 1.0
vt 1.0 1.0
vt 1.0 0.03125
vt 1.5 0.03125
vt 1.5 0.4375
vt 1.0 0.4375
vt 0.0 0.0
vt 1.0 0.0
vt 1.0 1.0
vt 0.0 1.0
vt 1.0 0.59375
vt 1.5 0.59375
vt 1.5 0.9375
vt 1.0 0.9375
vt 1.0 0.03125
vt 1.5 0.03125
vt 1.5 0.5
vt 1.0 0.5
vt 1.0 0.4375
vt 1.5 0.4375
vt 1.5 1.0
vt 1.0 1.0
vt 1.0 0.03125
vt 1.5 0.03125
vt 1.5 0.4375
vt 1.0 0.4375
vt 0.0 0.0
vt 1.0 0.0
vt 1.0 1.0
vt 0.0 1.0
vt 1.0 0.59375
vt 1.5 0.59375
vt 1.5 0.9375
vt 1.0 0.9375
vt 1.0 0.03125
vt 1.5 0.03125
vt 1.5 0.5
vt 1.0 0.5
vt 1.0 0.4375
vt 1.5 0.4375
vt 1.5 1.0
vt 1.0 1.0
vt 1.0 0.03125
vt 1.5 0.03125
vt 1.5 0.4375
vt 1.0 0.4375
vt 0.0 0.0
vt 1.0 0.0
vt 1.0 1.0
vt 0.0 1.0
vt 0.0 -1.0
vt 0.34375 -1.0
vt 0.34375 -0.65625
vt 0.0 -0.65625
vt 0.0 -0.46875
vt 0.53125 -0.46875
vt 0.53125 0.0
vt 0.0 0.0
vt 0.34375 -1.0
vt 1.0 -1.0
vt 1.0 -0.4375
vt 0.34375 -0.4375
vt 0.53125 -0.4375
vt 1.0 -0.4375
vt 1.0 0.0
vt 0.53125 0.0
vt 0.0 -2.0
vt 1.0 -2.0
vt 1.0 -1.0
vt 0.0 -1.0
vt 0.0 -1.0
vt 0.34375 -1.0
vt 0.34375 -0.65625
vt 0.0 -0.65625
vt 0.0 -0.46875
vt 0.53125 -0.46875
vt 0.53125 0.0
vt 0.0 0.0
vt 0.34375 -1.0
vt 1.0 -1.0
vt 1.0 -0.4375
vt 0.34375 -0.4375
vt 0.53125 -0.4375
vt 1.0 -0.4375
vt 1.0 0.0
vt 0.53125 0.0
vt 0.0 -2.0
vt 1.0 -2.0
vt 1.0 -1.0
vt 0.0 -1.0
vt 0.0 -1.0
vt 0.34375 -1.0
vt 0.34375 -0.65625
vt 0.0 -0.65625
vt 0.0 -0.46875
vt 0.53125 -0.46875
vt 0.53125 0.0
vt 0.0 0.0
vt 0.34375 -1.0
vt 1.0 -1.0
vt 1.0 -0.4375
vt 0.34375 -0.4375
vt 0.53125 -0.4375
vt 1.0 -0.4375
vt 1.0 0.0
vt 0.53125 0.0
vt 0.0 -2.0
vt 1.0 -2.0
vt 1.0 -1.0
vt 0.0 -1.0
vt 0.0 -1.0
vt 0.34375 -1.0
vt 0.34375 -0.65625
vt 0.0 -0.65625
vt 0.0 -0.46875
vt 0.53125 -0.46875
vt 0.53125 0.0
vt 0.0 0.0
vt 0.34375 -1.0
vt 1.0 -1.0
vt 1.0 -0.4375
vt 0.34375 -0.4375
vt 0.53125 -0.4375
vt 1.0 -0.4375
vt 1.0 0.0
vt 0.53125 0.0
vt 0.0 -2.0
vt 1.0 -2.0
vt 1.0 -1.0
vt 0.0 -1.0
vt 0.0 -1.0
vt 0.34375 -1.0
vt 0.34375 -0.65625
vt 0.0 -0.65625
vt 0.0 -0.46875
vt 0.53125 -0.46875
vt 0.53125 0.0
vt 0.0 0.0
vt 0.34375 -1.0
vt 1.0 -1.0
vt 1.0 -0.4375
vt 0.34375 -0.4375
vt 0.53125 -0.4375
vt 1.0 -0.4375
vt 1.0 0.0
vt 0.53125 0.0
vt 0.0 -2.0
vt 1.0 -2.0
vt 1.0 -1.0
vt 0.0 -1.0
vt 0.0 -1.0
vt 0.34375 -1.0
vt 0.34375 -0.65625
vt 0.0 -0.65625
vt 0.0 -0.46875
vt 0.53125 -0.46875
vt 0.53125 0.0
vt 0.0 0.0
vt 0.34375 -1.0
vt 1.0 -1.0
vt 1.0 -0.4375
vt 0.34375 -0.4375
vt 0.53125 -0.4375
vt 1.0 -0.4375
vt 1.0 0.0
vt 0.53125 0.0
vt 0.0 -2.0
vt 1.0 -2.0
vt 1.0 -1.0
vt 0.0 -1.0
vt 0.0 -1.0
vt 0.34375 -1.0
vt 0.34375 -0.65625
vt 0.0 -0.65625
vt 0.0 -0.46875
vt 0.53125 -0.46875
vt 0.53125 0.0
vt 0.0 0.0
vt 0.34375 -1.0
vt 1.0 -1.0
vt 1.0 -0.4375
vt 0.34375 -0.4375
vt 0.53125 -0.4375
vt 1.0 -0.4375
vt 1.0 0.0
vt 0.53125 0.0
vt 0.0 -2.0
vt 1.0 -2.0
vt 1.0 -1.0
vt 0.0 -1.0
vt 0.0 -1.0
vt 0.34375 -1.0
vt 0.34375 -0.65625
vt 0.0 -0.65625
vt 0.0 -0.46875
vt 0.53125 -0.46875
vt 0.53125 0.0
vt 0.0 0.0
vt 0.34375 -1.0
vt 1.0 -1.0
vt 1.0 -0.4375
vt 0.34375 -0.4375
vt 0.53125 -0.4375
vt 1.0 -0.4375
vt 1.0 0.0
vt 0.53125 0.0
vt 0.0 -2.0
vt 1.0 -2.0
vt 1.0 -1.0
vt 0.0 -1.0
vt 0.0 -1.0
vt 0.34375 -1.0
vt 0.34375 -0.65625
vt 0.0 -0.65625
vt 0.0 -0.46875
vt 0.53125 -0.46875
vt 0.53125 0.0
vt 0.0 0.0
vt 0.34375 -1.0
vt 1.0 -1.0
vt 1.0 -0.4375
vt 0.34375 -0.4375
vt 0.53125 -0.4375
vt 1.0 -0.4375
vt 1.0 0.0
vt 0.53125 0.0
vt 0.0 -2.0
vt 1.0 -2.0
vt 1.0 -1.0
vt 0.0 -1.0
vt 0.0 -1.0
vt 0.34375 -1.0
vt 0.34375 -0.65625
vt 0.0 -0.65625
vt 0.0 -0.46875
vt 0.53125 -0.46875
vt 0.53125 0.0
vt 0.0 0.0
vt 0.34375 -1.0
vt 1.0 -1.0
vt 1.0 -0.4375
vt 0.34375 -0.4375
vt 0.53125 -0.4375
vt 1.0 -0.4375
vt 1.0 0.0
vt 0.53125 0.0
vt 0.0 -2.0
vt 1.0 -2.0
vt 1.0 -1.0
vt 0.0 -1.0
vt 0.0 -1.0
vt 0.34375 -1.0
vt 0.34375 -0.65625
vt 0.0 -0.65625
vt 0.0 -0.46875
vt 0.53125 -0.46875
vt 0.53125 0.0
vt 0.0 0.0
vt 0.34375 -1.0
vt 1.0 -1.0
vt 1.0 -0.4375
vt 0.34375 -0.4375
vt 0.53125 -0.4375
vt 1.0 -0.4375
vt 1.0 0.0
vt 0.53125 0.0
vt 0.0 -2.0
vt 1.0 -2.0
vt 1.0 -1.0
vt 0.0 -1.0
vt 0.0 -1.0
vt 0.34375 -1.0
vt 0.34375 -0.65625
vt 0.0 -0.65625
vt 0.0 -0.46875
vt 0.53125 -0.46875
vt 0.53125 0.0
vt 0.0 0.0
vt 0.34375 -1.0
vt 1.0 -1.0
vt 1.0 -0.4375
vt 0.34375 -0.4375
vt 0.53125 -0.4375
vt 1.0 -0.4375
vt 1.0 0.0
vt 0.53125 0.0
vt 0.0 -2.0
vt 1.0 -2.0
vt 1.0 -1.0
vt 0.0 -1.0
vt 0.0 -1.0
vt 0.34375 -1.0
vt 0.34375 -0.65625
vt 0.0 -0.65625
vt 0.0 -0.46875
vt 0.53125 -0.46875
vt 0.53125 0.0
vt 0.0 0.0
vt 0.34375 -1.0
vt 1.0 -1.0
vt 1.0 -0.4375
vt 0.34375 -0.4375
vt 0.53125 -0.4375
vt 1.0 -0.4375
vt 1.0 0.0
vt 0.53125 0.0
vt 0.0 -2.0
vt 1.0 -2.0
vt 1.0 -1.0
vt 0.0 -1.0
vt 0.0 -1.0
vt 0.34375 -1.0
vt 0.34375 -0.65625
vt 0.0 -0.65625
vt 0.0 -0.46875
vt 0.53125 -0.46875
vt 0.53125 0.0
vt 0.0 0.0
vt 0.34375 -1.0
vt 1.0 -1.0
vt 1.0 -0.4375
vt 0.34375 -0.4375
vt 0.53125 -0.4375
vt 1.0 -0.4375
vt 1.0 0.0
vt 0.53125 0.0
vt 0.0 -2.0
vt 1.0 -2.0
vt 1.0 -1.0
vt 0.0 -1.0
vt 0.0 -1.0
vt 0.34375 -1.0
vt 0.34375 -0.65625
vt 0.0 -0.65625
vt 0.0 -0.46875
vt 0.53125 -0.46875
vt 0.53125 0.0
vt 0.0 0.0
vt 0.34375 -1.0
vt 1.0 -1.0
vt 1.0 -0.4375
vt 0.34375 -0.4375
vt 0.53125 -0.4375
vt 1.0 -0.4375
vt 1.0 0.0
vt 0.53125 0.0
vt 0.0 -2.0
vt 1.0 -2.0
vt 1.0 -1.0
vt 0.0 -1.0
vt 0.0 -1.0
vt 0.34375 -1.0
vt 0.34375 -0.65625
vt 0.0 -0.65625
vt 0.0 -0.46875
vt 0.53125 -0.46875
vt 0.53125 0.0
vt 0.0 0.0
vt 0.34375 -1.0
vt 1.0 -1.0
vt 1.0 -0.4375
vt 0.34375 -0.4375
vt 0.53125 -0.4375
vt 1.0 -0.4375
vt 1.0 0.0
vt 0.53125 0.0
vt 0.0 -2.0
vt 1.0 -2.0
vt 1.0 -1.0
vt 0.0 -1.0
vt 8.0 0.0
vt 0.0 0.0
vt 0.0 -6.0
vt 8.0 -6.0
vt 2.0 0.0
vt 0.0 0.0
vt 0.0 -6.0
vt 2.0 -6.0
vn 0.0 -0.0 1.0
vn -0.0566 -0.2284 0.9719
vn -0.1348 -0.2228 0.9655
vn 0.0 0.0 1.0
vn -0.2228 -0.1348 0.9655
vn -0.2284 -0.0566 0.9719
vn -0.6073 -0.3983 0.6874
vn -0.5735 -0.3304 0.7496
vn -0.3282 -0.575 0.7495
vn -0.3983 -0.6073 0.6874
vn -0.6524 -0.1621 0.7403
vn -0.2283 -0.0566 0.9719
vn -0.2228 -0.1349 0.9655
vn -0.5739 -0.3299 0.7496
vn -0.3299 -0.5739 0.7496
vn -0.1349 -0.2228 0.9655
vn -0.0566 -0.2283 0.9719
vn -0.1621 -0.6524 0.7403
vn -0.6073 -0.3984 0.6874
vn -0.3984 -0.6073 0.6874
vn -0.6618 0.0 0.7497
vn -0.4472 0.0 0.8944
vn 0.0 -0.0 1.0
vn -0.0 -1.0 0.0
vn -0.0 1.0 -0.0
vn -0.6618 -0.0 0.7497
vn -1.0 -0.0 0.0
vn -0.0 0.0 1.0
vn -0.6618 0.0 0.7497
vn -0.4472 0.0 0.8944
vn 0.0 -0.0 1.0
vn -0.2284 0.0566 0.9719
vn -0.2228 0.1348 0.9655
vn 0.0 -0.0 1.0
vn -0.1348 0.2228 0.9655
vn -0.0566 0.2284 0.9719
vn -0.3983 0.6073 0.6874
vn -0.3304 0.5735 0.7496
vn -0.575 0.3282 0.7495
vn -0.6073 0.3983 0.6874
vn -0.1621 0.6524 0.7403
vn -0.0566 0.2283 0.9719
vn -0.1349 0.2228 0.9655
vn -0.3299 0.5739 0.7496
vn -0.5739 0.3299 0.7496
vn -0.2228 0.1349 0.9655
vn -0.2283 0.0566 0.9719
vn -0.6524 0.1621 0.7403
vn -0.3984 0.6073 0.6874
vn -0.6073 0.3984 0.6874
vn -0.0 -0.6618 0.7497
vn -0.0 -0.4472 0.8944
vn 0.0 0.0 1.0
vn 0.0 -0.0 1.0
vn 0.0 0.6618 0.7497
vn 0.0 0.4472 0.8944
vn -0.0 -0.0 1.0
vn 1.0 -0.0 0.0
vn -1.0 -0.0 -0.0
vn 0.0 -0.6618 0.7497
vn 0.0 -1.0 0.0
vn -0.0 -0.0 1.0
vn -1.0 0.0 0.0
vn 1.0 0.0 -0.0
vn -0.0 0.6618 0.7497
vn -0.0 1.0 0.0
vn 0.0 0.0 1.0
vn -0.0 -0.6618 0.7497
vn -0.0 -0.4472 0.8944
vn 0.0 0.0 1.0
vn 0.0 0.6618 0.7497
vn 0.0 0.4472 0.8944
vn -0.0 -0.0 1.0
vn 0.2284 -0.0566 0.9719
vn 0.2228 -0.1348 0.9655
vn -0.0 0.0 1.0
vn 0.1348 -0.2228 0.9655
vn 0.0566 -0.2284 0.9719
vn 0.3983 -0.6073 0.6874
vn 0.3304 -0.5735 0.7496
vn 0.575 -0.3282 0.7495
vn 0.6073 -0.3983 0.6874
vn 0.1621 -0.6524 0.7403
vn 0.0566 -0.2283 0.9719
vn 0.1349 -0.2228 0.9655
vn 0.3299 -0.5739 0.7496
vn 0.5739 -0.3299 0.7496
vn 0.2228 -0.1349 0.9655
vn 0.2283 -0.0566 0.9719
vn 0.6524 -0.1621 0.7403
vn 0.3984 -0.6073 0.6874
vn 0.6073 -0.3984 0.6874
vn 0.6618 -0.0 0.7497
vn 0.4472 -0.0 0.8944
vn -0.0 0.0 1.0
vn 0.0 1.0 0.0
vn 0.0 -1.0 -0.0
vn 0.6618 0.0 0.7497
vn 1.0 0.0 0.0
vn 0.0 -0.0 1.0
vn 0.6618 -0.0 0.7497
vn 0.4472 -0.0 0.8944
vn -0.0 0.0 1.0
vn 0.0566 0.2284 0.9719
vn 0.1348 0.2228 0.9655
vn -0.0 -0.0 1.0
vn 0.2228 0.1348 0.9655
vn 0.2284 0.0566 0.9719
vn 0.6073 0.3983 0.6874
vn 0.5735 0.3304 0.7496
vn 0.3282 0.575 0.7495
vn 0.3983 0.6073 0.6874
vn 0.6524 0.1621 0.7403
vn 0.2283 0.0566 0.9719
vn 0.2228 0.1349 0.9655
vn 0.5739 0.3299 0.7496
vn 0.3299 0.5739 0.7496
vn 0.1349 0.2228 0.9655
vn 0.0566 0.2283 0.9719
vn 0.1621 0.6524 0.7403
vn 0.6073 0.3984 0.6874
vn 0.3984 0.6073 0.6874
vn 0.0 -0.0 1.0
vn 0.0 -0.0 1.0
vn 0.0 -0.5743 0.8187
vn 0.0 -0.5744 0.8186
vn 0.0 -0.0 1.0
vn 0.0 -0.5743 0.8186
vn 0.0 -0.574 0.8188
vn 0.0 -0.5744 0.8186
vn 0.0 -0.0 1.0
vn 0.0 -0.5743 0.8186
vn 0.0 -0.574 0.8188
vn 0.0 -0.5744 0.8186
vn 0.0 -0.0 1.0
vn 0.0 -0.5743 0.8186
vn 0.0 -0.574 0.8188
vn 0.0 -0.5744 0.8186
vn 0.0 -0.0 1.0
vn 0.0 -0.5743 0.8186
vn 0.0 -0.574 0.8188
vn 0.0 -0.5744 0.8186
vn 0.0 -0.0 1.0
vn 0.0 -0.0 1.0
vn 0.0 -0.5743 0.8187
vn 0.0 -0.5744 0.8186
vn 0.0 -0.0 1.0
vn 0.0 -0.5743 0.8186
vn 0.0 -0.574 0.8188
vn 0.0 -0.5744 0.8186
vn 0.0 -0.0 1.0
vn 0.0 -0.0 1.0
vn 0.0 -0.5743 0.8187
vn 0.0 -0.5744 0.8186
vn 0.0 -0.0 1.0
vn 0.0 -0.5743 0.8186
vn 0.0 -0.574 0.8188
vn 0.0 -0.5744 0.8186
vn 0.0 -0.0 1.0
vn 0.0 -0.5743 0.8186
vn 0.0 -0.574 0.8188
vn 0.0 -0.5744 0.8186
vn 0.0 -0.0 1.0
vn 0.0 -0.5743 0.8186
vn 0.0 -0.574 0.8188
vn 0.0 -0.5744 0.8186
vn 0.0 -0.0 1.0
vn 0.0 -0.5743 0.8186
vn 0.0 -0.574 0.8188
vn 0.0 -0.5744 0.8186
vn 0.0 -0.0 1.0
vn 0.0 -0.5743 0.8186
vn 0.0 -0.574 0.8188
vn 0.0 -0.5744 0.8186
vn 0.0 -0.0 1.0
vn 0.0 -0.5743 0.8186
vn 0.0 -0.574 0.8188
vn 0.0 -0.5744 0.8186
vn 0.0 -0.0 1.0
vn 0.0 -0.5743 0.8186
vn 0.0 -0.574 0.8188
vn 0.0 -0.5744 0.8186
vn 0.0 -0.0 1.0
vn 0.0 -0.0 1.0
vn 0.0 -0.5743 0.8187
vn 0.0 -0.5744 0.8186
vn 0.0 -0.0 1.0
vn 0.0 -0.5743 0.8186
vn 0.0 -0.574 0.8188
vn 0.0 -0.5744 0.8186
vn 0.0 -0.0 1.0
vn 0.0 -0.0 1.0
vn 0.0 -0.5743 0.8187
vn 0.0 -0.5744 0.8186
vn 0.0 -0.0 1.0
vn 0.0 -0.5743 0.8186
vn 0.0 -0.574 0.8188
vn 0.0 -0.5744 0.8186
vn 0.0 -0.0 1.0
vn 0.0 -0.5743 0.8186
vn 0.0 -0.574 0.8188
vn 0.0 -0.5744 0.8186
vn 0.0 -0.0 1.0
vn 0.0 -0.5743 0.8186
vn 0.0 -0.574 0.8188
vn 0.0 -0.5744 0.8186
vn 0.0 -0.0 1.0
vn 0.0 -0.5743 0.8186
vn 0.0 -0.574 0.8188
vn 0.0 -0.5744 0.8186
vn 0.0 -0.0 1.0
vn 0.0 -0.5743 0.8186
vn 0.0 -0.574 0.8188
vn 0.0 -0.5744 0.8186
vn 0.0 -0.0 1.0
vn 0.0 -0.5743 0.8186
vn 0.0 -0.574 0.8188
vn 0.0 -0.5744 0.8186
vn 0.0 -0.0 1.0
vn 0.0 -0.5743 0.8186
vn 0.0 -0.574 0.8188
vn 0.0 -0.5744 0.8186
vn 0.0 -0.0 1.0
vn 0.0 -0.0 1.0
vn 0.0 -0.5743 0.8187
vn 0.0 -0.5744 0.8186
vn 0.0 -0.0 1.0
vn 0.0 -0.5743 0.8187
vn 5.0E-4 -0.5739 0.8189
vn 0.0 -0.5743 0.8186
vn 7.0E-4 -0.5738 0.819
vn 0.0 -0.5744 0.8186
vn 0.0012 -0.5734 0.8193
vn 0.0 -0.0 1.0
vn 0.0 -0.0 1.0
vn 0.0 -0.5743 0.8187
vn 0.0 -0.5744 0.8186
vn 0.0 -0.0 1.0
vn 0.0 -0.0 1.0
vn 0.0 -0.5743 0.8187
vn 0.0 -0.5744 0.8186
vn 0.0 -0.0 1.0
vn 0.0 -0.5743 0.8187
vn 5.0E-4 -0.5739 0.8189
vn 0.0 -0.5743 0.8186
vn 7.0E-4 -0.5738 0.819
vn 0.0 -0.5744 0.8186
vn 0.0012 -0.5734 0.8193
vn 0.0 -0.0 1.0
vn 0.0 -0.5743 0.8187
vn 5.0E-4 -0.5739 0.8189
vn 0.0 -0.5743 0.8186
vn 7.0E-4 -0.5738 0.819
vn 0.0 -0.5744 0.8186
vn 0.0012 -0.5734 0.8193
vn 0.0 -0.0 1.0
vn 0.0 -0.5743 0.8187
vn 5.0E-4 -0.5739 0.8189
vn 0.0 -0.5743 0.8186
vn 7.0E-4 -0.5738 0.819
vn 0.0 -0.5744 0.8186
vn 0.0012 -0.5734 0.8193
vn 0.0 -0.0 1.0
vn 0.0 -0.5743 0.8186
vn 0.0 -0.574 0.8188
vn 0.0 -0.5744 0.8186
vn 0.0 -0.0 1.0
vn 0.0 -0.5743 0.8186
vn 0.0 -0.574 0.8188
vn 0.0 -0.5744 0.8186
vn 0.0 -0.0 1.0
vn 0.0 -0.5743 0.8186
vn 0.0 -0.574 0.8188
vn 0.0 -0.5744 0.8186
vn 0.0 -0.0 1.0
vn 0.0 -0.0 1.0
vn 0.0 -0.5743 0.8187
vn 0.0 -0.5744 0.8186
vn 0.0 -0.0 1.0
vn 0.0 -0.5743 0.8186
vn 0.0 -0.574 0.8188
vn 0.0 -0.5744 0.8186
vn 0.0 -0.0 1.0
vn 0.0 -0.5743 0.8186
vn 0.0 -0.574 0.8188
vn 0.0 -0.5744 0.8186
vn 0.0 -0.0 1.0
vn 0.0 -0.5743 0.8186
vn 0.0 -0.574 0.8188
vn 0.0 -0.5744 0.8186
vn 0.0 -0.0 1.0
vn 0.0 -0.0 1.0
vn 0.0 -0.5743 0.8187
vn 0.0 -0.5744 0.8186
vn 0.0 -0.0 1.0
vn 0.0 -0.5743 0.8186
vn 0.0 -0.574 0.8188
vn 0.0 -0.5744 0.8186
vn 0.0 -0.0 1.0
vn 0.0 -0.0 1.0
vn 0.0 -0.5743 0.8187
vn 0.0 -0.5744 0.8186
vn 0.0 -0.0 1.0
vn 0.0 -0.0 1.0
vn 0.0 -0.5743 0.8187
vn 0.0 -0.5744 0.8186
vn 0.0 -0.0 1.0
vn 0.0 -0.0 1.0
vn 0.0 -0.5743 0.8187
vn 0.0 -0.5744 0.8186
vn 0.0 -0.0 1.0
vn 0.0 -0.5743 0.8186
vn 0.0 -0.574 0.8188
vn 0.0 -0.5744 0.8186
vn 0.0 -0.0 1.0
vn 0.0 -0.0 1.0
vn 0.0 -0.5743 0.8187
vn 0.0 -0.5744 0.8186
vn 0.0 -0.0 1.0
vn 0.0 -0.5743 0.8186
vn 0.0 -0.574 0.8188
vn 0.0 -0.5744 0.8186
vn 0.0 -0.0 1.0
vn 0.0 -0.5743 0.8186
vn 0.0 -0.574 0.8188
vn 0.0 -0.5744 0.8186
vn 0.0 -0.0 1.0
vn 0.0 -0.5743 0.8186
vn 0.0 -0.574 0.8188
vn 0.0 -0.5744 0.8186
vn 0.0 -0.0 1.0
vn 0.0 -0.5743 0.8186
vn 0.0 -0.574 0.8188
vn 0.0 -0.5744 0.8186
vn 0.0 -0.0 1.0
vn 0.0 -0.0 1.0
vn 0.0 -0.0 1.0
vn 0.0 -0.0 1.0
vn 0.0 -0.0 1.0
vn 0.0 -0.5743 0.8186
vn 0.0 -0.574 0.8188
vn 0.0 -0.5744 0.8186
vn 0.0 -0.0 1.0
vn 0.0 -0.5743 0.8186
vn 0.0 -0.574 0.8188
vn 0.0 -0.5744 0.8186
vn 0.0 -0.0 1.0
vn 0.0 -0.0 1.0
vn 0.0 -0.5743 0.8187
vn 0.0 -0.5744 0.8186
vn 0.0 -0.0 1.0
vn 0.0 -0.5743 0.8187
vn 5.0E-4 -0.5739 0.8189
vn 0.0 -0.5743 0.8186
vn 7.0E-4 -0.5738 0.819
vn 0.0 -0.5744 0.8186
vn 0.0012 -0.5734 0.8193
vn 0.0 -0.0 1.0
vn 0.9615 -8.0E-4 0.2747
vn 0.9613 -0.0 0.2755
vn 0.2669 8.0E-4 0.9637
vn 0.7071 0.0 0.7071
vn 0.2669 -8.0E-4 0.9637
vn -0.2425 3.0E-4 0.9701
vn -0.2422 0.0 0.9702
vn 0.0 0.0 1.0
vn -0.0 -0.2688 0.9632
vn 0.0 -0.7071 0.7071
vn 0.0 -0.2678 0.9635
vn 0.0 0.2425 0.9701
vn 0.0 0.2422 0.9702
vn 0.0 -0.9613 0.2755
vn 0.9613 0.0 0.2755
vn -0.2425 0.0 0.9701
vn 0.2678 0.0 0.9635
vn 0.272 0.0 0.9623
vn -0.2422 -0.0 0.9702
vn 0.7071 0.0 0.7071
vn 0.0 0.0 1.0
vn 0.0 -0.0 1.0
vn 0.0 -0.0 1.0
vn -8.0E-4 -0.9615 0.2747
vn -0.0 -0.9613 0.2755
vn 8.0E-4 -0.2669 0.9637
vn 0.0 -0.7071 0.7071
vn -8.0E-4 -0.2669 0.9637
vn 3.0E-4 0.2425 0.9701
vn 0.0 0.2422 0.9702
vn 0.0 -0.0 1.0
vn 0.0 -0.0 1.0
vn 0.0 -0.0 1.0
vn 0.0 -0.0 1.0
vn 0.0 0.0 1.0
vn 0.0 -0.0 1.0
vn 0.0 -0.0 1.0
vn 0.0 -0.0 1.0
vn -0.0 -0.0 1.0
vn -0.0 0.0 1.0
vn -0.0 0.0 1.0
vn 0.0 -0.0 1.0
vn 0.0 -0.0 1.0
vn 0.0 -0.0 1.0
vn -0.9615 8.0E-4 0.2747
vn -0.9613 0.0 0.2755
vn -0.2669 -8.0E-4 0.9637
vn -0.7071 -0.0 0.7071
vn -0.2669 8.0E-4 0.9637
vn 0.2425 -3.0E-4 0.9701
vn 0.2422 -0.0 0.9702
vn -0.0 -0.0 1.0
vn -0.2688 0.0 0.9632
vn -0.7071 -0.0 0.7071
vn -0.2678 -0.0 0.9635
vn 0.2425 -0.0 0.9701
vn 0.2422 -0.0 0.9702
vn -0.9613 -0.0 0.2755
vn 0.0 -0.9613 0.2755
vn 0.0 0.2425 0.9701
vn 0.0 -0.2678 0.9635
vn 0.0 -0.272 0.9623
vn -0.0 0.2422 0.9702
vn 0.0 -0.7071 0.7071
vn 0.0 -0.0 1.0
vn 0.0 -0.5743 0.8186
vn 0.0 -0.574 0.8188
vn 0.0 -0.5744 0.8186
vn 0.0 -0.0 1.0
vn 0.0 -0.5743 0.8186
vn 0.0 -0.574 0.8188
vn 0.0 -0.5744 0.8186
vn 0.0 -0.0 1.0
vn 0.0 -0.0 1.0
vn 0.0 -0.5743 0.8186
vn 0.0 -0.574 0.8188
vn 0.0 -0.5744 0.8186
vn 0.0 -0.0 1.0
vn 0.0 -0.5743 0.8186
vn 0.0 -0.574 0.8188
vn 0.0 -0.5744 0.8186
vn 0.0 -0.0 1.0
vn 0.0 -0.0 1.0
vn 0.0 -0.0 1.0
vn 0.0 -0.5743 0.8186
vn 0.0 -0.574 0.8188
vn 0.0 -0.5744 0.8186
vn 0.0 -0.0 1.0
vn 0.0 -0.5743 0.8186
vn 0.0 -0.574 0.8188
vn 0.0 -0.5744 0.8186
vn 0.0 -0.0 1.0
vn 0.0 -0.5743 0.8187
vn 5.0E-4 -0.5739 0.8189
vn 0.0 -0.5743 0.8186
vn 7.0E-4 -0.5738 0.819
vn 0.0 -0.5744 0.8186
vn 0.0012 -0.5734 0.8193
vn 0.0 -0.0 1.0
vn 0.0 -0.5743 0.8186
vn 0.0 -0.574 0.8188
vn 0.0 -0.5744 0.8186
vn 0.0 -0.0 1.0
vn 0.0 -0.5743 0.8186
vn 0.0 -0.574 0.8188
vn 0.0 -0.5744 0.8186
vn 0.0 -0.0 1.0
vn 0.0 -0.5743 0.8186
vn 0.0 -0.574 0.8188
vn 0.0 -0.5744 0.8186
vn 0.0 -0.0 1.0
vn 0.0 -0.5743 0.8186
vn 0.0 -0.574 0.8188
vn 0.0 -0.5744 0.8186
vn 0.0 -0.0 1.0
vn 0.0 -0.5743 0.8186
vn 0.0 -0.574 0.8188
vn 0.0 -0.5744 0.8186
vn 0.0 -0.0 1.0
vn 0.0 -0.5743 0.8186
vn 0.0 -0.574 0.8188
vn 0.0 -0.5744 0.8186
vn 0.0 -0.0 1.0
vn 0.0 -0.5743 0.8186
vn 0.0 -0.574 0.8188
vn 0.0 -0.5744 0.8186
vn 0.0 -0.0 1.0
vn 0.0 -0.5743 0.8186
vn 0.0 -0.574 0.8188
vn 0.0 -0.5744 0.8186
vn 0.0 -0.0 1.0
vn 0.0 -0.5743 0.8186
vn 0.0 -0.574 0.8188
vn 0.0 -0.5744 0.8186
vn 0.0 -0.0 1.0
vn 0.0 -0.5743 0.8186
vn 0.0 -0.574 0.8188
vn 0.0 -0.5744 0.8186
vn 0.0 -0.0 1.0
vn 0.0 -0.5743 0.8186
vn 0.0 -0.574 0.8188
vn 0.0 -0.5744 0.8186
vn 0.0 -0.0 1.0
vn 0.0 -0.5743 0.8186
vn 0.0 -0.574 0.8188
vn 0.0 -0.5744 0.8186
vn 0.0 -0.0 1.0
vn 0.0 -0.5743 0.8186
vn 0.0 -0.574 0.8188
vn 0.0 -0.5744 0.8186
vn 0.0 -0.0 1.0
vn 0.0 -0.5743 0.8186
vn 0.0 -0.574 0.8188
vn 0.0 -0.5744 0.8186
vn 0.0 -0.0 1.0
vn 0.0 -0.5743 0.8186
vn 0.0 -0.574 0.8188
vn 0.0 -0.5744 0.8186
vn 0.0 -0.0 1.0
vn 0.0 -0.5743 0.8187
vn 5.0E-4 -0.5739 0.8189
vn 0.0 -0.5743 0.8186
vn 7.0E-4 -0.5738 0.819
vn 0.0 -0.5744 0.8186
vn 0.0012 -0.5734 0.8193
vn 0.0 -0.0 1.0
vn 0.0 -0.5743 0.8187
vn 5.0E-4 -0.5739 0.8189
vn 0.0 -0.5743 0.8186
vn 7.0E-4 -0.5738 0.819
vn 0.0 -0.5744 0.8186
vn 0.0012 -0.5734 0.8193
vn 0.0 -0.0 1.0
vn 0.0 -0.5743 0.8187
vn 5.0E-4 -0.5739 0.8189
vn 0.0 -0.5743 0.8186
vn 7.0E-4 -0.5738 0.819
vn 0.0 -0.5744 0.8186
vn 0.0012 -0.5734 0.8193
vn 0.0 -0.0 1.0
vn 0.0 -0.5743 0.8186
vn 0.0 -0.574 0.8188
vn 0.0 -0.5744 0.8186
vn 0.0 -0.0 1.0
vn 0.0 -0.5743 0.8186
vn 0.0 -0.574 0.8188
vn 0.0 -0.5744 0.8186
vn 0.0 -0.0 1.0
vn 0.0 -0.5743 0.8186
vn 0.0 -0.574 0.8188
vn 0.0 -0.5744 0.8186
vn 0.0 -0.0 1.0
vn 0.0 -0.5743 0.8187
vn 5.0E-4 -0.5739 0.8189
vn 0.0 -0.5743 0.8186
vn 7.0E-4 -0.5738 0.819
vn 0.0 -0.5744 0.8186
vn 0.0012 -0.5734 0.8193
vn 0.0 -0.0 1.0
vn 0.0 -0.5743 0.8187
vn 5.0E-4 -0.5739 0.8189
vn 0.0 -0.5743 0.8186
vn 7.0E-4 -0.5738 0.819
vn 0.0 -0.5744 0.8186
vn 0.0012 -0.5734 0.8193
vn 0.0 -0.0 1.0
vn 0.0 -0.5743 0.8187
vn 5.0E-4 -0.5739 0.8189
vn 0.0 -0.5743 0.8186
vn 7.0E-4 -0.5738 0.819
vn 0.0 -0.5744 0.8186
vn 0.0012 -0.5734 0.8193
vn 0.0 -0.0 1.0
vn 0.0 -0.5743 0.8187
vn 5.0E-4 -0.5739 0.8189
vn 0.0 -0.5743 0.8186
vn 7.0E-4 -0.5738 0.819
vn 0.0 -0.5744 0.8186
vn 0.0012 -0.5734 0.8193
vn 0.0 -0.0 1.0
vn 0.0 -0.5743 0.8187
vn 5.0E-4 -0.5739 0.8189
vn 0.0 -0.5743 0.8186
vn 7.0E-4 -0.5738 0.819
vn 0.0 -0.5744 0.8186
vn 0.0012 -0.5734 0.8193
vn 0.0 -0.0 1.0
vn 0.0 -0.5743 0.8187
vn 5.0E-4 -0.5739 0.8189
vn 0.0 -0.5743 0.8186
vn 7.0E-4 -0.5738 0.819
vn 0.0 -0.5744 0.8186
vn 0.0012 -0.5734 0.8193
vn 0.0 -0.0 1.0
vn 0.0 -0.5743 0.8187
vn 5.0E-4 -0.5739 0.8189
vn 0.0 -0.5743 0.8186
vn 7.0E-4 -0.5738 0.819
vn 0.0 -0.5744 0.8186
vn 0.0012 -0.5734 0.8193
vn 0.0 -0.0 1.0
vn 0.0 -0.5743 0.8187
vn 5.0E-4 -0.5739 0.8189
vn 0.0 -0.5743 0.8186
vn 7.0E-4 -0.5738 0.819
vn 0.0 -0.5744 0.8186
vn 0.0012 -0.5734 0.8193
vn 0.0 -0.0 1.0
vn 0.0 -0.5743 0.8187
vn 5.0E-4 -0.5739 0.8189
vn 0.0 -0.5743 0.8186
vn 7.0E-4 -0.5738 0.819
vn 0.0 -0.5744 0.8186
vn 0.0012 -0.5734 0.8193
vn 0.0 -0.0 1.0
vn 0.0 -0.5743 0.8186
vn 0.0 -0.574 0.8188
vn 0.0 -0.5744 0.8186
vn 0.0 -0.0 1.0
vn 0.0 -0.5743 0.8186
vn 0.0 -0.574 0.8188
vn 0.0 -0.5744 0.8186
vn 0.0 -0.0 1.0
vn 0.0 -0.5743 0.8186
vn 0.0 -0.574 0.8188
vn 0.0 -0.5744 0.8186
vn 0.0 -0.0 1.0
vn 0.0 -0.5743 0.8186
vn 0.0 -0.574 0.8188
vn 0.0 -0.5744 0.8186
vn 0.0 -0.0 1.0
vn 0.0 -0.5743 0.8186
vn 0.0 -0.574 0.8188
vn 0.0 -0.5744 0.8186
vn 0.0 -0.0 1.0
vn 0.0 -0.5743 0.8186
vn 0.0 -0.574 0.8188
vn 0.0 -0.5744 0.8186
vn 0.0 -0.0 1.0
vn 0.0 -0.5743 0.8186
vn 0.0 -0.574 0.8188
vn 0.0 -0.5744 0.8186
vn 0.0 -0.0 1.0
vn 0.0 -0.5743 0.8186
vn 0.0 -0.574 0.8188
vn 0.0 -0.5744 0.8186
vn 0.0 -0.0 1.0
vn 0.0 -0.5743 0.8186
vn 0.0 -0.574 0.8188
vn 0.0 -0.5744 0.8186
vn 0.0 -0.0 1.0
vn 0.0 -0.5743 0.8186
vn 0.0 -0.574 0.8188
vn 0.0 -0.5744 0.8186
vn 0.0 -0.0 1.0
vn 0.0 -0.5743 0.8186
vn 0.0 -0.574 0.8188
vn 0.0 -0.5744 0.8186
vn 0.0 -0.0 1.0
vn 0.0 -0.5743 0.8186
vn 0.0 -0.574 0.8188
vn 0.0 -0.5744 0.8186
vn 0.0 -0.0 1.0
vn 0.0 -0.5743 0.8186
vn 0.0 -0.574 0.8188
vn 0.0 -0.5744 0.8186
vn 0.0 -0.0 1.0
vn 0.0 -0.5743 0.8186
vn 0.0 -0.574 0.8188
vn 0.0 -0.5744 0.8186
vn 0.0 -0.0 1.0
vn 0.0 -0.5743 0.8186
vn 0.0 -0.574 0.8188
vn 0.0 -0.5744 0.8186
vn 0.0 -0.0 1.0
vn 0.0 -0.5743 0.8186
vn 0.0 -0.574 0.8188
vn 0.0 -0.5744 0.8186
vn 0.0 -0.0 1.0
vn 0.0 -0.0 1.0
vn 0.0 -0.0 1.0
c 1.0 1.0 1.0
c 1.0 1.0 1.0
c 1.0 1.0 1.0
c 1.0 1.0 1.0
c 1.0 1.0 1.0
c 1.0 1.0 1.0
c 1.0 1.0 1.0
c 1.0 1.0 1.0
c 1.0 1.0 1.0
c 1.0 1.0 1.0
c 1.0 1.0 1.0
c 1.0 1.0 1.0
c 1.0 1.0 1.0
c 1.0 1.0 1.0
c 1.0 1.0 1.0
c 1.0 1.0 1.0
c 1.0 1.0 1.0
c 1.0 1.0 1.0
c 1.0 1.0 1.0
c 1.0 1.0 1.0
c 1.0 1.0 1.0
c 1.0 1.0 1.0
c 1.0 1.0 1.0
c 1.0 1.0 1.0
c 1.0 1.0 1.0
c 1.0 1.0 1.0
c 1.0 1.0 1.0
c 1.0 1.0 1.0
c 1.0 1.0 1.0
c 1.0 1.0 1.0
c 1.0 1.0 1.0
c 1.0 1.0 1.0
c 1.0 1.0 1.0
c 1.0 1.0 1.0
c 1.0 1.0 1.0
c 1.0 1.0 1.0
c 1.0 1.0 1.0
c 1.0 1.0 1.0
c 1.0 1.0 1.0
c 1.0 1.0 1.0
c 1.0 1.0 1.0
c 1.0 1.0 1.0
c 1.0 1.0 1.0
c 1.0 1.0 1.0
c 1.0 1.0 1.0
c 1.0 1.0 1.0
c 1.0 1.0 1.0
c 1.0 1.0 1.0
c 1.0 1.0 1.0
c 1.0 1.0 1.0
c 1.0 1.0 1.0
c 1.0 1.0 1.0
c 1.0 1.0 1.0
c 1.0 1.0 1.0
c 1.0 1.0 1.0
c 1.0 1.0 1.0
c 1.0 1.0 1.0
c 1.0 1.0 1.0
c 1.0 1.0 1.0
c 1.0 1.0 1.0
c 1.0 1.0 1.0
c 1.0 1.0 1.0
c 1.0 1.0 1.0
c 1.0 1.0 1.0
c 1.0 1.0 1.0
c 1.0 1.0 1.0
c 1.0 1.0 1.0
c 1.0 1.0 1.0
c 1.0 1.0 1.0
c 1.0 1.0 1.0
c 1.0 1.0 1.0
c 1.0 1.0 1.0
c 1.0 1.0 1.0
c 1.0 1.0 1.0
c 1.0 1.0 1.0
c 1.0 1.0 1.0
c 1.0 1.0 1.0
c 1.0 1.0 1.0
c 1.0 1.0 1.0
c 1.0 1.0 1.0
c 1.0 1.0 1.0
c 1.0 1.0 1.0
c 1.0 1.0 1.0
c 1.0 1.0 1.0
c 1.0 1.0 1.0
c 1.0 1.0 1.0
c 1.0 1.0 1.0
c 1.0 1.0 1.0
c 1.0 1.0 1.0
c 1.0 1.0 1.0
c 1.0 1.0 1.0
c 1.0 1.0 1.0
c 1.0 1.0 1.0
c 1.0 1.0 1.0
c 1.0 1.0 1.0
c 1.0 1.0 1.0
c 1.0 1.0 1.0
c 1.0 1.0 1.0
c 1.0 1.0 1.0
c 1.0 1.0 1.0
c 1.0 1.0 1.0
c 1.0 1.0 1.0
c 1.0 1.0 1.0
c 1.0 1.0 1.0
c 1.0 1.0 1.0
c 1.0 1.0 1.0
c 1.0 1.0 1.0
c 1.0 1.0 1.0
c 1.0 1.0 1.0
c 1.0 1.0 1.0
c 1.0 1.0 1.0
c 1.0 1.0 1.0
c 1.0 1.0 1.0
c 1.0 1.0 1.0
c 1.0 1.0 1.0
c 1.0 1.0 1.0
c 1.0 1.0 1.0
c 1.0 1.0 1.0
c 1.0 1.0 1.0
c 1.0 1.0 1.0
c 1.0 1.0 1.0
c 1.0 1.0 1.0
c 1.0 1.0 1.0
c 1.0 1.0 1.0
c 1.0 1.0 1.0
c 1.0 1.0 1.0
c 1.0 1.0 1.0
c 1.0 1.0 1.0
c 1.0 1.0 1.0
c 1.0 1.0 1.0
c 1.0 1.0 1.0
c 1.0 1.0 1.0
c 1.0 1.0 1.0
c 1.0 1.0 1.0
c 1.0 1.0 1.0
c 1.0 1.0 1.0
c 1.0 1.0 1.0
c 1.0 1.0 1.0
c 1.0 1.0 1.0
c 1.0 1.0 1.0
c 1.0 1.0 1.0
c 1.0 1.0 1.0
c 1.0 1.0 1.0
c 1.0 1.0 1.0
c 1.0 1.0 1.0
c 1.0 1.0 1.0
c 1.0 1.0 1.0
c 1.0 1.0 1.0
c 1.0 1.0 1.0
c 1.0 1.0 1.0
c 1.0 1.0 1.0
c 1.0 1.0 1.0
c 1.0 1.0 1.0
c 1.0 1.0 1.0
c 1.0 1.0 1.0
usemtl nsand_lm2
s off
f 1624/1605/395/88 1621/1606/395/88 1622/1607/395/88 1623/1608/395/88
f 1628/1609/396/89 1625/1610/396/89 1626/1611/396/89 1627/1612/396/89
usemtl nsandp_lm2
s off
f 1605/1589/391/84 1606/1590/391/84 1607/1591/391/84 1608/1592/391/84
f 1609/1593/392/85 1610/1594/392/85 1611/1595/392/85 1612/1596/392/85
f 1613/1597/393/86 1614/1598/393/86 1615/1599/393/86 1616/1600/393/86
f 1629/1613/397/90 1630/1614/397/90 1631/1615/397/90 1632/1616/397/90
f 1633/1617/398/91 1634/1618/398/91 1635/1619/398/91 1636/1620/398/91
f 1637/1621/399/92 1638/1622/399/92 1639/1623/399/92 1640/1624/399/92
f 1641/1625/400/93 1642/1626/400/93 1643/1627/400/93 1644/1628/400/93
usemtl ngrass_lm2
s off
f 1/1/1/1 2/2/1/1 3/3/1/1 4/4/1/1
f 153/145/54/8 154/146/54/8 155/147/54/8 156/148/54/8
f 441/425/123/19 442/426/123/19 443/427/123/19 444/428/123/19
f 1445/1429/336/70 1446/1430/336/70 1447/1431/336/70 1448/1432/336/70
f 1449/1433/337/71 1450/1434/337/71 1451/1435/337/71 1452/1436/337/71
f 1453/1437/338/72 1454/1438/338/72 1455/1439/338/72 1456/1440/338/72
f 1457/1441/339/73 1458/1442/339/73 1459/1443/339/73 1460/1444/339/73
f 1579/1563/380/80 1580/1564/380/80 1581/1565/380/80 1582/1566/380/80
f 1601/1585/390/83 1602/1586/390/83 1603/1587/390/83 1604/1588/390/83
f 1617/1601/394/87 1618/1602/394/87 1619/1603/394/87 1620/1604/394/87
f 1645/1629/401/94 1646/1630/401/94 1647/1631/401/94 1648/1632/401/94
f 1649/1633/402/95 1650/1634/402/95 1651/1635/402/95 1652/1636/402/95
f 1731/1715/432/100 1732/1716/432/100 1733/1717/432/100 1734/1718/432/100
f 1775/1759/441/103 1776/1760/441/103 1777/1761/441/103 1778/1762/441/103
f 1779/1763/442/104 1780/1764/442/104 1781/1765/442/104 1782/1766/442/104
f 28/5/2/2 29/6/3/2 30/7/4/2
f 29/6/3/2 31/8/5/2 30/7/4/2
f 30/7/4/2 31/8/5/2 32/9/6/2
f 136/109/32/6 137/110/33/6 138/111/34/6
f 137/110/33/6 139/112/35/6 138/111/34/6
f 138/111/34/6 139/112/35/6 140/113/36/6
f 324/293/74/14 325/294/75/14 326/295/76/14
f 325/294/75/14 327/296/77/14 326/295/76/14
f 326/295/76/14 327/296/77/14 328/297/78/14
f 432/397/104/18 433/398/105/18 434/399/106/18
f 433/398/105/18 435/400/107/18 434/399/106/18
f 434/399/106/18 435/400/107/18 436/401/108/18
usemtl tree01_lm2
s off
f 465/449/128/21 466/450/128/21 467/451/128/21 468/452/128/21
f 469/453/129/21 470/454/129/21 471/455/129/21 472/456/129/21
f 473/457/130/21 474/458/130/21 475/459/130/21 476/460/130/21
f 477/461/131/21 478/462/131/21 479/463/131/21 480/464/131/21
f 485/469/132/22 486/470/132/22 487/471/132/22 488/472/132/22
f 489/473/133/22 490/474/133/22 491/475/133/22 492/476/133/22
f 493/477/134/22 494/478/134/22 495/479/134/22 496/480/134/22
f 497/481/135/22 498/482/135/22 499/483/135/22 500/484/135/22
f 505/489/136/23 506/490/136/23 507/491/136/23 508/492/136/23
f 509/493/137/23 510/494/137/23 511/495/137/23 512/496/137/23
f 513/497/138/23 514/498/138/23 515/499/138/23 516/500/138/23
f 517/501/139/23 518/502/139/23 519/503/139/23 520/504/139/23
f 525/509/140/24 526/510/140/24 527/511/140/24 528/512/140/24
f 529/513/141/24 530/514/141/24 531/515/141/24 532/516/141/24
f 533/517/142/24 534/518/142/24 535/519/142/24 536/520/142/24
f 537/521/143/24 538/522/143/24 539/523/143/24 540/524/143/24
f 565/549/148/26 566/550/148/26 567/551/148/26 568/552/148/26
f 569/553/149/26 570/554/149/26 571/555/149/26 572/556/149/26
f 573/557/150/26 574/558/150/26 575/559/150/26 576/560/150/26
f 577/561/151/26 578/562/151/26 579/563/151/26 580/564/151/26
f 605/589/156/28 606/590/156/28 607/591/156/28 608/592/156/28
f 609/593/157/28 610/594/157/28 611/595/157/28 612/596/157/28
f 613/597/158/28 614/598/158/28 615/599/158/28 616/600/158/28
f 617/601/159/28 618/602/159/28 619/603/159/28 620/604/159/28
f 625/609/160/29 626/610/160/29 627/611/160/29 628/612/160/29
f 629/613/161/29 630/614/161/29 631/615/161/29 632/616/161/29
f 633/617/162/29 634/618/162/29 635/619/162/29 636/620/162/29
f 637/621/163/29 638/622/163/29 639/623/163/29 640/624/163/29
f 645/629/164/30 646/630/164/30 647/631/164/30 648/632/164/30
f 649/633/165/30 650/634/165/30 651/635/165/30 652/636/165/30
f 653/637/166/30 654/638/166/30 655/639/166/30 656/640/166/30
f 657/641/167/30 658/642/167/30 659/643/167/30 660/644/167/30
f 665/649/168/31 666/650/168/31 667/651/168/31 668/652/168/31
f 669/653/169/31 670/654/169/31 671/655/169/31 672/656/169/31
f 673/657/170/31 674/658/170/31 675/659/170/31 676/660/170/31
f 677/661/171/31 678/662/171/31 679/663/171/31 680/664/171/31
f 685/669/172/32 686/670/172/32 687/671/172/32 688/672/172/32
f 689/673/173/32 690/674/173/32 691/675/173/32 692/676/173/32
f 693/677/174/32 694/678/174/32 695/679/174/32 696/680/174/32
f 697/681/175/32 698/682/175/32 699/683/175/32 700/684/175/32
f 705/689/176/33 706/690/176/33 707/691/176/33 708/692/176/33
f 709/693/177/33 710/694/177/33 711/695/177/33 712/696/177/33
f 713/697/178/33 714/698/178/33 715/699/178/33 716/700/178/33
f 717/701/179/33 718/702/179/33 719/703/179/33 720/704/179/33
f 725/709/180/34 726/710/180/34 727/711/180/34 728/712/180/34
f 729/713/181/34 730/714/181/34 731/715/181/34 732/716/181/34
f 733/717/182/34 734/718/182/34 735/719/182/34 736/720/182/34
f 737/721/183/34 738/722/183/34 739/723/183/34 740/724/183/34
f 765/749/188/36 766/750/188/36 767/751/188/36 768/752/188/36
f 769/753/189/36 770/754/189/36 771/755/189/36 772/756/189/36
f 773/757/190/36 774/758/190/36 775/759/190/36 776/760/190/36
f 777/761/191/36 778/762/191/36 779/763/191/36 780/764/191/36
f 805/789/196/38 806/790/196/38 807/791/196/38 808/792/196/38
f 809/793/197/38 810/794/197/38 811/795/197/38 812/796/197/38
f 813/797/198/38 814/798/198/38 815/799/198/38 816/800/198/38
f 817/801/199/38 818/802/199/38 819/803/199/38 820/804/199/38
f 825/809/200/39 826/810/200/39 827/811/200/39 828/812/200/39
f 829/813/201/39 830/814/201/39 831/815/201/39 832/816/201/39
f 833/817/202/39 834/818/202/39 835/819/202/39 836/820/202/39
f 837/821/203/39 838/822/203/39 839/823/203/39 840/824/203/39
f 845/829/204/40 846/830/204/40 847/831/204/40 848/832/204/40
f 849/833/205/40 850/834/205/40 851/835/205/40 852/836/205/40
f 853/837/206/40 854/838/206/40 855/839/206/40 856/840/206/40
f 857/841/207/40 858/842/207/40 859/843/207/40 860/844/207/40
f 865/849/208/41 866/850/208/41 867/851/208/41 868/852/208/41
f 869/853/209/41 870/854/209/41 871/855/209/41 872/856/209/41
f 873/857/210/41 874/858/210/41 875/859/210/41 876/860/210/41
f 877/861/211/41 878/862/211/41 879/863/211/41 880/864/211/41
f 885/869/212/42 886/870/212/42 887/871/212/42 888/872/212/42
f 889/873/213/42 890/874/213/42 891/875/213/42 892/876/213/42
f 893/877/214/42 894/878/214/42 895/879/214/42 896/880/214/42
f 897/881/215/42 898/882/215/42 899/883/215/42 900/884/215/42
f 905/889/216/43 906/890/216/43 907/891/216/43 908/892/216/43
f 909/893/217/43 910/894/217/43 911/895/217/43 912/896/217/43
f 913/897/218/43 914/898/218/43 915/899/218/43 916/900/218/43
f 917/901/219/43 918/902/219/43 919/903/219/43 920/904/219/43
f 925/909/220/44 926/910/220/44 927/911/220/44 928/912/220/44
f 929/913/221/44 930/914/221/44 931/915/221/44 932/916/221/44
f 933/917/222/44 934/918/222/44 935/919/222/44 936/920/222/44
f 937/921/223/44 938/922/223/44 939/923/223/44 940/924/223/44
f 1085/1069/264/52 1086/1070/264/52 1087/1071/264/52 1088/1072/264/52
f 1089/1073/265/52 1090/1074/265/52 1091/1075/265/52 1092/1076/265/52
f 1093/1077/266/52 1094/1078/266/52 1095/1079/266/52 1096/1080/266/52
f 1097/1081/267/52 1098/1082/267/52 1099/1083/267/52 1100/1084/267/52
f 1105/1089/268/53 1106/1090/268/53 1107/1091/268/53 1108/1092/268/53
f 1109/1093/269/53 1110/1094/269/53 1111/1095/269/53 1112/1096/269/53
f 1113/1097/270/53 1114/1098/270/53 1115/1099/270/53 1116/1100/270/53
f 1117/1101/271/53 1118/1102/271/53 1119/1103/271/53 1120/1104/271/53
f 1125/1109/272/54 1126/1110/272/54 1127/1111/272/54 1128/1112/272/54
f 1129/1113/273/54 1130/1114/273/54 1131/1115/273/54 1132/1116/273/54
f 1133/1117/274/54 1134/1118/274/54 1135/1119/274/54 1136/1120/274/54
f 1137/1121/275/54 1138/1122/275/54 1139/1123/275/54 1140/1124/275/54
f 1165/1149/280/56 1166/1150/280/56 1167/1151/280/56 1168/1152/280/56
f 1169/1153/281/56 1170/1154/281/56 1171/1155/281/56 1172/1156/281/56
f 1173/1157/282/56 1174/1158/282/56 1175/1159/282/56 1176/1160/282/56
f 1177/1161/283/56 1178/1162/283/56 1179/1163/283/56 1180/1164/283/56
f 1185/1169/284/57 1186/1170/284/57 1187/1171/284/57 1188/1172/284/57
f 1189/1173/285/57 1190/1174/285/57 1191/1175/285/57 1192/1176/285/57
f 1193/1177/286/57 1194/1178/286/57 1195/1179/286/57 1196/1180/286/57
f 1197/1181/287/57 1198/1182/287/57 1199/1183/287/57 1200/1184/287/57
f 1205/1189/288/58 1206/1190/288/58 1207/1191/288/58 1208/1192/288/58
f 1209/1193/289/58 1210/1194/289/58 1211/1195/289/58 1212/1196/289/58
f 1213/1197/290/58 1214/1198/290/58 1215/1199/290/58 1216/1200/290/58
f 1217/1201/291/58 1218/1202/291/58 1219/1203/291/58 1220/1204/291/58
f 1245/1229/296/60 1246/1230/296/60 1247/1231/296/60 1248/1232/296/60
f 1249/1233/297/60 1250/1234/297/60 1251/1235/297/60 1252/1236/297/60
f 1253/1237/298/60 1254/1238/298/60 1255/1239/298/60 1256/1240/298/60
f 1257/1241/299/60 1258/1242/299/60 1259/1243/299/60 1260/1244/299/60
f 1325/1309/312/64 1326/1310/312/64 1327/1311/312/64 1328/1312/312/64
f 1329/1313/313/64 1330/1314/313/64 1331/1315/313/64 1332/1316/313/64
f 1333/1317/314/64 1334/1318/314/64 1335/1319/314/64 1336/1320/314/64
f 1337/1321/315/64 1338/1322/315/64 1339/1323/315/64 1340/1324/315/64
f 1365/1349/320/66 1366/1350/320/66 1367/1351/320/66 1368/1352/320/66
f 1369/1353/321/66 1370/1354/321/66 1371/1355/321/66 1372/1356/321/66
f 1373/1357/322/66 1374/1358/322/66 1375/1359/322/66 1376/1360/322/66
f 1377/1361/323/66 1378/1362/323/66 1379/1363/323/66 1380/1364/323/66
f 1385/1369/324/67 1386/1370/324/67 1387/1371/324/67 1388/1372/324/67
f 1389/1373/325/67 1390/1374/325/67 1391/1375/325/67 1392/1376/325/67
f 1393/1377/326/67 1394/1378/326/67 1395/1379/326/67 1396/1380/326/67
f 1397/1381/327/67 1398/1382/327/67 1399/1383/327/67 1400/1384/327/67
f 1405/1389/328/68 1406/1390/328/68 1407/1391/328/68 1408/1392/328/68
f 1409/1393/329/68 1410/1394/329/68 1411/1395/329/68 1412/1396/329/68
f 1413/1397/330/68 1414/1398/330/68 1415/1399/330/68 1416/1400/330/68
f 1417/1401/331/68 1418/1402/331/68 1419/1403/331/68 1420/1404/331/68
f 1425/1409/332/69 1426/1410/332/69 1427/1411/332/69 1428/1412/332/69
f 1429/1413/333/69 1430/1414/333/69 1431/1415/333/69 1432/1416/333/69
f 1433/1417/334/69 1434/1418/334/69 1435/1419/334/69 1436/1420/334/69
f 1437/1421/335/69 1438/1422/335/69 1439/1423/335/69 1440/1424/335/69
f 1461/1445/340/74 1462/1446/340/74 1463/1447/340/74 1464/1448/340/74
f 1465/1449/341/74 1466/1450/341/74 1467/1451/341/74 1468/1452/341/74
f 1469/1453/342/74 1470/1454/342/74 1471/1455/342/74 1472/1456/342/74
f 1473/1457/343/74 1474/1458/343/74 1475/1459/343/74 1476/1460/343/74
f 1481/1465/344/75 1482/1466/344/75 1483/1467/344/75 1484/1468/344/75
f 1485/1469/345/75 1486/1470/345/75 1487/1471/345/75 1488/1472/345/75
f 1489/1473/346/75 1490/1474/346/75 1491/1475/346/75 1492/1476/346/75
f 1493/1477/347/75 1494/1478/347/75 1495/1479/347/75 1496/1480/347/75
f 1691/1675/424/98 1692/1676/424/98 1693/1677/424/98 1694/1678/424/98
f 1695/1679/425/98 1696/1680/425/98 1697/1681/425/98 1698/1682/425/98
f 1699/1683/426/98 1700/1684/426/98 1701/1685/426/98 1702/1686/426/98
f 1703/1687/427/98 1704/1688/427/98 1705/1689/427/98 1706/1690/427/98
f 1711/1695/428/99 1712/1696/428/99 1713/1697/428/99 1714/1698/428/99
f 1715/1699/429/99 1716/1700/429/99 1717/1701/429/99 1718/1702/429/99
f 1719/1703/430/99 1720/1704/430/99 1721/1705/430/99 1722/1706/430/99
f 1723/1707/431/99 1724/1708/431/99 1725/1709/431/99 1726/1710/431/99
f 1735/1719/433/101 1736/1720/433/101 1737/1721/433/101 1738/1722/433/101
f 1739/1723/434/101 1740/1724/434/101 1741/1725/434/101 1742/1726/434/101
f 1743/1727/435/101 1744/1728/435/101 1745/1729/435/101 1746/1730/435/101
f 1747/1731/436/101 1748/1732/436/101 1749/1733/436/101 1750/1734/436/101
f 1755/1739/437/102 1756/1740/437/102 1757/1741/437/102 1758/1742/437/102
f 1759/1743/438/102 1760/1744/438/102 1761/1745/438/102 1762/1746/438/102
f 1763/1747/439/102 1764/1748/439/102 1765/1749/439/102 1766/1750/439/102
f 1767/1751/440/102 1768/1752/440/102 1769/1753/440/102 1770/1754/440/102
f 1783/1767/443/105 1784/1768/443/105 1785/1769/443/105 1786/1770/443/105
f 1787/1771/444/105 1788/1772/444/105 1789/1773/444/105 1790/1774/444/105
f 1791/1775/445/105 1792/1776/445/105 1793/1777/445/105 1794/1778/445/105
f 1795/1779/446/105 1796/1780/446/105 1797/1781/446/105 1798/1782/446/105
f 1803/1787/447/106 1804/1788/447/106 1805/1789/447/106 1806/1790/447/106
f 1807/1791/448/106 1808/1792/448/106 1809/1793/448/106 1810/1794/448/106
f 1811/1795/449/106 1812/1796/449/106 1813/1797/449/106 1814/1798/449/106
f 1815/1799/450/106 1816/1800/450/106 1817/1801/450/106 1818/1802/450/106
f 1843/1827/458/108 1844/1828/458/108 1845/1829/458/108 1846/1830/458/108
f 1847/1831/459/108 1848/1832/459/108 1849/1833/459/108 1850/1834/459/108
f 1851/1835/460/108 1852/1836/460/108 1853/1837/460/108 1854/1838/460/108
f 1855/1839/461/108 1856/1840/461/108 1857/1841/461/108 1858/1842/461/108
f 1863/1847/462/109 1864/1848/462/109 1865/1849/462/109 1866/1850/462/109
f 1867/1851/463/109 1868/1852/463/109 1869/1853/463/109 1870/1854/463/109
f 1871/1855/464/109 1872/1856/464/109 1873/1857/464/109 1874/1858/464/109
f 1875/1859/465/109 1876/1860/465/109 1877/1861/465/109 1878/1862/465/109
f 1883/1867/466/110 1884/1868/466/110 1885/1869/466/110 1886/1870/466/110
f 1887/1871/467/110 1888/1872/467/110 1889/1873/467/110 1890/1874/467/110
f 1891/1875/468/110 1892/1876/468/110 1893/1877/468/110 1894/1878/468/110
f 1895/1879/469/110 1896/1880/469/110 1897/1881/469/110 1898/1882/469/110
f 1903/1887/470/111 1904/1888/470/111 1905/1889/470/111 1906/1890/470/111
f 1907/1891/471/111 1908/1892/471/111 1909/1893/471/111 1910/1894/471/111
f 1911/1895/472/111 1912/1896/472/111 1913/1897/472/111 1914/1898/472/111
f 1915/1899/473/111 1916/1900/473/111 1917/1901/473/111 1918/1902/473/111
f 1923/1907/474/112 1924/1908/474/112 1925/1909/474/112 1926/1910/474/112
f 1927/1911/475/112 1928/1912/475/112 1929/1913/475/112 1930/1914/475/112
f 1931/1915/476/112 1932/1916/476/112 1933/1917/476/112 1934/1918/476/112
f 1935/1919/477/112 1936/1920/477/112 1937/1921/477/112 1938/1922/477/112
f 1943/1927/478/113 1944/1928/478/113 1945/1929/478/113 1946/1930/478/113
f 1947/1931/479/113 1948/1932/479/113 1949/1933/479/113 1950/1934/479/113
f 1951/1935/480/113 1952/1936/480/113 1953/1937/480/113 1954/1938/480/113
f 1955/1939/481/113 1956/1940/481/113 1957/1941/481/113 1958/1942/481/113
f 1963/1947/482/114 1964/1948/482/114 1965/1949/482/114 1966/1950/482/114
f 1967/1951/483/114 1968/1952/483/114 1969/1953/483/114 1970/1954/483/114
f 1971/1955/484/114 1972/1956/484/114 1973/1957/484/114 1974/1958/484/114
f 1975/1959/485/114 1976/1960/485/114 1977/1961/485/114 1978/1962/485/114
f 1983/1967/486/115 1984/1968/486/115 1985/1969/486/115 1986/1970/486/115
f 1987/1971/487/115 1988/1972/487/115 1989/1973/487/115 1990/1974/487/115
f 1991/1975/488/115 1992/1976/488/115 1993/1977/488/115 1994/1978/488/115
f 1995/1979/489/115 1996/1980/489/115 1997/1981/489/115 1998/1982/489/115
f 2003/1987/490/116 2004/1988/490/116 2005/1989/490/116 2006/1990/490/116
f 2007/1991/491/116 2008/1992/491/116 2009/1993/491/116 2010/1994/491/116
f 2011/1995/492/116 2012/1996/492/116 2013/1997/492/116 2014/1998/492/116
f 2015/1999/493/116 2016/2000/493/116 2017/2001/493/116 2018/2002/493/116
f 2023/2007/494/117 2024/2008/494/117 2025/2009/494/117 2026/2010/494/117
f 2027/2011/495/117 2028/2012/495/117 2029/2013/495/117 2030/2014/495/117
f 2031/2015/496/117 2032/2016/496/117 2033/2017/496/117 2034/2018/496/117
f 2035/2019/497/117 2036/2020/497/117 2037/2021/497/117 2038/2022/497/117
f 2043/2027/498/118 2044/2028/498/118 2045/2029/498/118 2046/2030/498/118
f 2047/2031/499/118 2048/2032/499/118 2049/2033/499/118 2050/2034/499/118
f 2051/2035/500/118 2052/2036/500/118 2053/2037/500/118 2054/2038/500/118
f 2055/2039/501/118 2056/2040/501/118 2057/2041/501/118 2058/2042/501/118
f 2063/2047/502/119 2064/2048/502/119 2065/2049/502/119 2066/2050/502/119
f 2067/2051/503/119 2068/2052/503/119 2069/2053/503/119 2070/2054/503/119
f 2071/2055/504/119 2072/2056/504/119 2073/2057/504/119 2074/2058/504/119
f 2075/2059/505/119 2076/2060/505/119 2077/2061/505/119 2078/2062/505/119
f 2083/2067/506/120 2084/2068/506/120 2085/2069/506/120 2086/2070/506/120
f 2087/2071/507/120 2088/2072/507/120 2089/2073/507/120 2090/2074/507/120
f 2091/2075/508/120 2092/2076/508/120 2093/2077/508/120 2094/2078/508/120
f 2095/2079/509/120 2096/2080/509/120 2097/2081/509/120 2098/2082/509/120
f 2103/2087/510/121 2104/2088/510/121 2105/2089/510/121 2106/2090/510/121
f 2107/2091/511/121 2108/2092/511/121 2109/2093/511/121 2110/2094/511/121
f 2111/2095/512/121 2112/2096/512/121 2113/2097/512/121 2114/2098/512/121
f 2115/2099/513/121 2116/2100/513/121 2117/2101/513/121 2118/2102/513/121
f 2123/2107/514/122 2124/2108/514/122 2125/2109/514/122 2126/2110/514/122
f 2127/2111/515/122 2128/2112/515/122 2129/2113/515/122 2130/2114/515/122
f 2131/2115/516/122 2132/2116/516/122 2133/2117/516/122 2134/2118/516/122
f 2135/2119/517/122 2136/2120/517/122 2137/2121/517/122 2138/2122/517/122
f 2203/2187/539/126 2204/2188/539/126 2205/2189/539/126 2206/2190/539/126
f 2207/2191/540/126 2208/2192/540/126 2209/2193/540/126 2210/2194/540/126
f 2211/2195/541/126 2212/2196/541/126 2213/2197/541/126 2214/2198/541/126
f 2215/2199/542/126 2216/2200/542/126 2217/2201/542/126 2218/2202/542/126
f 2223/2207/543/127 2224/2208/543/127 2225/2209/543/127 2226/2210/543/127
f 2227/2211/544/127 2228/2212/544/127 2229/2213/544/127 2230/2214/544/127
f 2231/2215/545/127 2232/2216/545/127 2233/2217/545/127 2234/2218/545/127
f 2235/2219/546/127 2236/2220/546/127 2237/2221/546/127 2238/2222/546/127
f 2243/2227/547/128 2244/2228/547/128 2245/2229/547/128 2246/2230/547/128
f 2247/2231/548/128 2248/2232/548/128 2249/2233/548/128 2250/2234/548/128
f 2251/2235/549/128 2252/2236/549/128 2253/2237/549/128 2254/2238/549/128
f 2255/2239/550/128 2256/2240/550/128 2257/2241/550/128 2258/2242/550/128
f 2443/2427/614/138 2444/2428/614/138 2445/2429/614/138 2446/2430/614/138
f 2447/2431/615/138 2448/2432/615/138 2449/2433/615/138 2450/2434/615/138
f 2451/2435/616/138 2452/2436/616/138 2453/2437/616/138 2454/2438/616/138
f 2455/2439/617/138 2456/2440/617/138 2457/2441/617/138 2458/2442/617/138
f 2463/2447/618/139 2464/2448/618/139 2465/2449/618/139 2466/2450/618/139
f 2467/2451/619/139 2468/2452/619/139 2469/2453/619/139 2470/2454/619/139
f 2471/2455/620/139 2472/2456/620/139 2473/2457/620/139 2474/2458/620/139
f 2475/2459/621/139 2476/2460/621/139 2477/2461/621/139 2478/2462/621/139
f 2483/2467/622/140 2484/2468/622/140 2485/2469/622/140 2486/2470/622/140
f 2487/2471/623/140 2488/2472/623/140 2489/2473/623/140 2490/2474/623/140
f 2491/2475/624/140 2492/2476/624/140 2493/2477/624/140 2494/2478/624/140
f 2495/2479/625/140 2496/2480/625/140 2497/2481/625/140 2498/2482/625/140
f 2503/2487/626/141 2504/2488/626/141 2505/2489/626/141 2506/2490/626/141
f 2507/2491/627/141 2508/2492/627/141 2509/2493/627/141 2510/2494/627/141
f 2511/2495/628/141 2512/2496/628/141 2513/2497/628/141 2514/2498/628/141
f 2515/2499/629/141 2516/2500/629/141 2517/2501/629/141 2518/2502/629/141
f 2523/2507/630/142 2524/2508/630/142 2525/2509/630/142 2526/2510/630/142
f 2527/2511/631/142 2528/2512/631/142 2529/2513/631/142 2530/2514/631/142
f 2531/2515/632/142 2532/2516/632/142 2533/2517/632/142 2534/2518/632/142
f 2535/2519/633/142 2536/2520/633/142 2537/2521/633/142 2538/2522/633/142
f 2543/2527/634/143 2544/2528/634/143 2545/2529/634/143 2546/2530/634/143
f 2547/2531/635/143 2548/2532/635/143 2549/2533/635/143 2550/2534/635/143
f 2551/2535/636/143 2552/2536/636/143 2553/2537/636/143 2554/2538/636/143
f 2555/2539/637/143 2556/2540/637/143 2557/2541/637/143 2558/2542/637/143
f 2563/2547/638/144 2564/2548/638/144 2565/2549/638/144 2566/2550/638/144
f 2567/2551/639/144 2568/2552/639/144 2569/2553/639/144 2570/2554/639/144
f 2571/2555/640/144 2572/2556/640/144 2573/2557/640/144 2574/2558/640/144
f 2575/2559/641/144 2576/2560/641/144 2577/2561/641/144 2578/2562/641/144
f 2583/2567/642/145 2584/2568/642/145 2585/2569/642/145 2586/2570/642/145
f 2587/2571/643/145 2588/2572/643/145 2589/2573/643/145 2590/2574/643/145
f 2591/2575/644/145 2592/2576/644/145 2593/2577/644/145 2594/2578/644/145
f 2595/2579/645/145 2596/2580/645/145 2597/2581/645/145 2598/2582/645/145
f 2603/2587/646/146 2604/2588/646/146 2605/2589/646/146 2606/2590/646/146
f 2607/2591/647/146 2608/2592/647/146 2609/2593/647/146 2610/2594/647/146
f 2611/2595/648/146 2612/2596/648/146 2613/2597/648/146 2614/2598/648/146
f 2615/2599/649/146 2616/2600/649/146 2617/2601/649/146 2618/2602/649/146
f 2623/2607/650/147 2624/2608/650/147 2625/2609/650/147 2626/2610/650/147
f 2627/2611/651/147 2628/2612/651/147 2629/2613/651/147 2630/2614/651/147
f 2631/2615/652/147 2632/2616/652/147 2633/2617/652/147 2634/2618/652/147
f 2635/2619/653/147 2636/2620/653/147 2637/2621/653/147 2638/2622/653/147
f 2643/2627/654/148 2644/2628/654/148 2645/2629/654/148 2646/2630/654/148
f 2647/2631/655/148 2648/2632/655/148 2649/2633/655/148 2650/2634/655/148
f 2651/2635/656/148 2652/2636/656/148 2653/2637/656/148 2654/2638/656/148
f 2655/2639/657/148 2656/2640/657/148 2657/2641/657/148 2658/2642/657/148
f 2663/2647/658/149 2664/2648/658/149 2665/2649/658/149 2666/2650/658/149
f 2667/2651/659/149 2668/2652/659/149 2669/2653/659/149 2670/2654/659/149
f 2671/2655/660/149 2672/2656/660/149 2673/2657/660/149 2674/2658/660/149
f 2675/2659/661/149 2676/2660/661/149 2677/2661/661/149 2678/2662/661/149
f 2683/2667/662/150 2684/2668/662/150 2685/2669/662/150 2686/2670/662/150
f 2687/2671/663/150 2688/2672/663/150 2689/2673/663/150 2690/2674/663/150
f 2691/2675/664/150 2692/2676/664/150 2693/2677/664/150 2694/2678/664/150
f 2695/2679/665/150 2696/2680/665/150 2697/2681/665/150 2698/2682/665/150
f 2703/2687/666/151 2704/2688/666/151 2705/2689/666/151 2706/2690/666/151
f 2707/2691/667/151 2708/2692/667/151 2709/2693/667/151 2710/2694/667/151
f 2711/2695/668/151 2712/2696/668/151 2713/2697/668/151 2714/2698/668/151
f 2715/2699/669/151 2716/2700/669/151 2717/2701/669/151 2718/2702/669/151
f 2723/2707/670/152 2724/2708/670/152 2725/2709/670/152 2726/2710/670/152
f 2727/2711/671/152 2728/2712/671/152 2729/2713/671/152 2730/2714/671/152
f 2731/2715/672/152 2732/2716/672/152 2733/2717/672/152 2734/2718/672/152
f 2735/2719/673/152 2736/2720/673/152 2737/2721/673/152 2738/2722/673/152
f 2743/2727/674/153 2744/2728/674/153 2745/2729/674/153 2746/2730/674/153
f 2747/2731/675/153 2748/2732/675/153 2749/2733/675/153 2750/2734/675/153
f 2751/2735/676/153 2752/2736/676/153 2753/2737/676/153 2754/2738/676/153
f 2755/2739/677/153 2756/2740/677/153 2757/2741/677/153 2758/2742/677/153
usemtl tshadow_lm2
s off
f 447/429/124/20 448/430/124/20 445/431/124/20 446/432/124/20
f 483/465/131/21 484/466/131/21 481/467/131/21 482/468/131/21
f 503/485/135/22 504/486/135/22 501/487/135/22 502/488/135/22
f 523/505/139/23 524/506/139/23 521/507/139/23 522/508/139/23
f 543/525/143/24 544/526/143/24 541/527/143/24 542/528/143/24
f 547/529/144/25 548/530/144/25 545/531/144/25 546/532/144/25
f 583/565/151/26 584/566/151/26 581/567/151/26 582/568/151/26
f 587/569/152/27 588/570/152/27 585/571/152/27 586/572/152/27
f 623/605/159/28 624/606/159/28 621/607/159/28 622/608/159/28
f 643/625/163/29 644/626/163/29 641/627/163/29 642/628/163/29
f 663/645/167/30 664/646/167/30 661/647/167/30 662/648/167/30
f 683/665/171/31 684/666/171/31 681/667/171/31 682/668/171/31
f 703/685/175/32 704/686/175/32 701/687/175/32 702/688/175/32
f 723/705/179/33 724/706/179/33 721/707/179/33 722/708/179/33
f 743/725/183/34 744/726/183/34 741/727/183/34 742/728/183/34
f 747/729/184/35 748/730/184/35 745/731/184/35 746/732/184/35
f 783/765/191/36 784/766/191/36 781/767/191/36 782/768/191/36
f 787/769/192/37 788/770/192/37 785/771/192/37 786/772/192/37
f 823/805/199/38 824/806/199/38 821/807/199/38 822/808/199/38
f 843/825/203/39 844/826/203/39 841/827/203/39 842/828/203/39
f 863/845/207/40 864/846/207/40 861/847/207/40 862/848/207/40
f 883/865/211/41 884/866/211/41 881/867/211/41 882/868/211/41
f 903/885/215/42 904/886/215/42 901/887/215/42 902/888/215/42
f 923/905/219/43 924/906/219/43 921/907/219/43 922/908/219/43
f 943/925/223/44 944/926/223/44 941/927/223/44 942/928/223/44
f 947/929/224/45 948/930/224/45 945/931/224/45 946/932/224/45
f 981/965/234/46 982/966/234/46 983/967/234/46 984/968/234/46
f 987/969/235/47 988/970/235/47 985/971/235/47 986/972/235/47
f 1007/989/239/48 1008/990/239/48 1005/991/239/48 1006/992/239/48
f 1041/1025/249/49 1042/1026/249/49 1043/1027/249/49 1044/1028/249/49
f 1061/1045/256/50 1062/1046/256/50 1063/1047/256/50 1064/1048/256/50
f 1081/1065/263/51 1082/1066/263/51 1083/1067/263/51 1084/1068/263/51
f 1103/1085/267/52 1104/1086/267/52 1101/1087/267/52 1102/1088/267/52
f 1123/1105/271/53 1124/1106/271/53 1121/1107/271/53 1122/1108/271/53
f 1143/1125/275/54 1144/1126/275/54 1141/1127/275/54 1142/1128/275/54
f 1147/1129/276/55 1148/1130/276/55 1145/1131/276/55 1146/1132/276/55
f 1183/1165/283/56 1184/1166/283/56 1181/1167/283/56 1182/1168/283/56
f 1203/1185/287/57 1204/1186/287/57 1201/1187/287/57 1202/1188/287/57
f 1223/1205/291/58 1224/1206/291/58 1221/1207/291/58 1222/1208/291/58
f 1227/1209/292/59 1228/1210/292/59 1225/1211/292/59 1226/1212/292/59
f 1263/1245/299/60 1264/1246/299/60 1261/1247/299/60 1262/1248/299/60
f 1267/1249/300/61 1268/1250/300/61 1265/1251/300/61 1266/1252/300/61
f 1287/1269/304/62 1288/1270/304/62 1285/1271/304/62 1286/1272/304/62
f 1307/1289/308/63 1308/1290/308/63 1305/1291/308/63 1306/1292/308/63
f 1343/1325/315/64 1344/1326/315/64 1341/1327/315/64 1342/1328/315/64
f 1347/1329/316/65 1348/1330/316/65 1345/1331/316/65 1346/1332/316/65
f 1383/1365/323/66 1384/1366/323/66 1381/1367/323/66 1382/1368/323/66
f 1403/1385/327/67 1404/1386/327/67 1401/1387/327/67 1402/1388/327/67
f 1423/1405/331/68 1424/1406/331/68 1421/1407/331/68 1422/1408/331/68
f 1443/1425/335/69 1444/1426/335/69 1441/1427/335/69 1442/1428/335/69
f 1479/1461/343/74 1480/1462/343/74 1477/1463/343/74 1478/1464/343/74
f 1499/1481/347/75 1500/1482/347/75 1497/1483/347/75 1498/1484/347/75
f 1503/1485/348/76 1504/1486/348/76 1501/1487/348/76 1502/1488/348/76
f 1537/1521/358/77 1538/1522/358/77 1539/1523/358/77 1540/1524/358/77
f 1709/1691/427/98 1710/1692/427/98 1707/1693/427/98 1708/1694/427/98
f 1729/1711/431/99 1730/1712/431/99 1727/1713/431/99 1728/1714/431/99
f 1753/1735/436/101 1754/1736/436/101 1751/1737/436/101 1752/1738/436/101
f 1773/1755/440/102 1774/1756/440/102 1771/1757/440/102 1772/1758/440/102
f 1801/1783/446/105 1802/1784/446/105 1799/1785/446/105 1800/1786/446/105
f 1821/1803/450/106 1822/1804/450/106 1819/1805/450/106 1820/1806/450/106
f 1839/1823/457/107 1840/1824/457/107 1841/1825/457/107 1842/1826/457/107
f 1861/1843/461/108 1862/1844/461/108 1859/1845/461/108 1860/1846/461/108
f 1881/1863/465/109 1882/1864/465/109 1879/1865/465/109 1880/1866/465/109
f 1901/1883/469/110 1902/1884/469/110 1899/1885/469/110 1900/1886/469/110
f 1921/1903/473/111 1922/1904/473/111 1919/1905/473/111 1920/1906/473/111
f 1941/1923/477/112 1942/1924/477/112 1939/1925/477/112 1940/1926/477/112
f 1961/1943/481/113 1962/1944/481/113 1959/1945/481/113 1960/1946/481/113
f 1981/1963/485/114 1982/1964/485/114 1979/1965/485/114 1980/1966/485/114
f 2001/1983/489/115 2002/1984/489/115 1999/1985/489/115 2000/1986/489/115
f 2021/2003/493/116 2022/2004/493/116 2019/2005/493/116 2020/2006/493/116
f 2041/2023/497/117 2042/2024/497/117 2039/2025/497/117 2040/2026/497/117
f 2061/2043/501/118 2062/2044/501/118 2059/2045/501/118 2060/2046/501/118
f 2081/2063/505/119 2082/2064/505/119 2079/2065/505/119 2080/2066/505/119
f 2101/2083/509/120 2102/2084/509/120 2099/2085/509/120 2100/2086/509/120
f 2121/2103/513/121 2122/2104/513/121 2119/2105/513/121 2120/2106/513/121
f 2141/2123/517/122 2142/2124/517/122 2139/2125/517/122 2140/2126/517/122
f 2159/2143/524/123 2160/2144/524/123 2161/2145/524/123 2162/2146/524/123
f 2179/2163/531/124 2180/2164/531/124 2181/2165/531/124 2182/2166/531/124
f 2199/2183/538/125 2200/2184/538/125 2201/2185/538/125 2202/2186/538/125
f 2221/2203/542/126 2222/2204/542/126 2219/2205/542/126 2220/2206/542/126
f 2241/2223/546/127 2242/2224/546/127 2239/2225/546/127 2240/2226/546/127
f 2261/2243/550/128 2262/2244/550/128 2259/2245/550/128 2260/2246/550/128
f 2279/2263/557/129 2280/2264/557/129 2281/2265/557/129 2282/2266/557/129
f 2299/2283/564/130 2300/2284/564/130 2301/2285/564/130 2302/2286/564/130
f 2319/2303/571/131 2320/2304/571/131 2321/2305/571/131 2322/2306/571/131
f 2339/2323/578/132 2340/2324/578/132 2341/2325/578/132 2342/2326/578/132
f 2359/2343/585/133 2360/2344/585/133 2361/2345/585/133 2362/2346/585/133
f 2379/2363/592/134 2380/2364/592/134 2381/2365/592/134 2382/2366/592/134
f 2399/2383/599/135 2400/2384/599/135 2401/2385/599/135 2402/2386/599/135
f 2419/2403/606/136 2420/2404/606/136 2421/2405/606/136 2422/2406/606/136
f 2439/2423/613/137 2440/2424/613/137 2441/2425/613/137 2442/2426/613/137
f 2461/2443/617/138 2462/2444/617/138 2459/2445/617/138 2460/2446/617/138
f 2481/2463/621/139 2482/2464/621/139 2479/2465/621/139 2480/2466/621/139
f 2501/2483/625/140 2502/2484/625/140 2499/2485/625/140 2500/2486/625/140
f 2521/2503/629/141 2522/2504/629/141 2519/2505/629/141 2520/2506/629/141
f 2541/2523/633/142 2542/2524/633/142 2539/2525/633/142 2540/2526/633/142
f 2561/2543/637/143 2562/2544/637/143 2559/2545/637/143 2560/2546/637/143
f 2581/2563/641/144 2582/2564/641/144 2579/2565/641/144 2580/2566/641/144
f 2601/2583/645/145 2602/2584/645/145 2599/2585/645/145 2600/2586/645/145
f 2621/2603/649/146 2622/2604/649/146 2619/2605/649/146 2620/2606/649/146
f 2641/2623/653/147 2642/2624/653/147 2639/2625/653/147 2640/2626/653/147
f 2661/2643/657/148 2662/2644/657/148 2659/2645/657/148 2660/2646/657/148
f 2681/2663/661/149 2682/2664/661/149 2679/2665/661/149 2680/2666/661/149
f 2701/2683/665/150 2702/2684/665/150 2699/2685/665/150 2700/2686/665/150
f 2721/2703/669/151 2722/2704/669/151 2719/2705/669/151 2720/2706/669/151
f 2741/2723/673/152 2742/2724/673/152 2739/2725/673/152 2740/2726/673/152
f 2761/2743/677/153 2762/2744/677/153 2759/2745/677/153 2760/2746/677/153
usemtl tree04_2_lm1
s off
f 449/433/125/20 450/434/125/20 451/435/125/20 452/436/125/20
f 453/437/126/20 454/438/126/20 455/439/126/20 456/440/126/20
f 457/441/126/20 458/442/126/20 459/443/126/20 460/444/126/20
f 461/445/127/20 462/446/127/20 463/447/127/20 464/448/127/20
f 549/533/145/25 550/534/145/25 551/535/145/25 552/536/145/25
f 553/537/146/25 554/538/146/25 555/539/146/25 556/540/146/25
f 557/541/146/25 558/542/146/25 559/543/146/25 560/544/146/25
f 561/545/147/25 562/546/147/25 563/547/147/25 564/548/147/25
f 589/573/153/27 590/574/153/27 591/575/153/27 592/576/153/27
f 593/577/154/27 594/578/154/27 595/579/154/27 596/580/154/27
f 597/581/154/27 598/582/154/27 599/583/154/27 600/584/154/27
f 601/585/155/27 602/586/155/27 603/587/155/27 604/588/155/27
f 749/733/185/35 750/734/185/35 751/735/185/35 752/736/185/35
f 753/737/186/35 754/738/186/35 755/739/186/35 756/740/186/35
f 757/741/186/35 758/742/186/35 759/743/186/35 760/744/186/35
f 761/745/187/35 762/746/187/35 763/747/187/35 764/748/187/35
f 789/773/193/37 790/774/193/37 791/775/193/37 792/776/193/37
f 793/777/194/37 794/778/194/37 795/779/194/37 796/780/194/37
f 797/781/194/37 798/782/194/37 799/783/194/37 800/784/194/37
f 801/785/195/37 802/786/195/37 803/787/195/37 804/788/195/37
f 949/933/225/45 950/934/225/45 951/935/225/45 952/936/225/45
f 953/937/226/45 954/938/226/45 955/939/226/45 956/940/226/45
f 957/941/226/45 958/942/226/45 959/943/226/45 960/944/226/45
f 961/945/227/45 962/946/227/45 963/947/227/45 964/948/227/45
f 989/973/236/47 990/974/236/47 991/975/236/47 992/976/236/47
f 993/977/237/47 994/978/237/47 995/979/237/47 996/980/237/47
f 997/981/237/47 998/982/237/47 999/983/237/47 1000/984/237/47
f 1001/985/238/47 1002/986/238/47 1003/987/238/47 1004/988/238/47
f 1009/993/240/48 1010/994/240/48 1011/995/240/48 1012/996/240/48
f 1013/997/241/48 1014/998/241/48 1015/999/241/48 1016/1000/241/48
f 1017/1001/241/48 1018/1002/241/48 1019/1003/241/48 1020/1004/241/48
f 1021/1005/242/48 1022/1006/242/48 1023/1007/242/48 1024/1008/242/48
f 1149/1133/277/55 1150/1134/277/55 1151/1135/277/55 1152/1136/277/55
f 1153/1137/278/55 1154/1138/278/55 1155/1139/278/55 1156/1140/278/55
f 1157/1141/278/55 1158/1142/278/55 1159/1143/278/55 1160/1144/278/55
f 1161/1145/279/55 1162/1146/279/55 1163/1147/279/55 1164/1148/279/55
f 1229/1213/293/59 1230/1214/293/59 1231/1215/293/59 1232/1216/293/59
f 1233/1217/294/59 1234/1218/294/59 1235/1219/294/59 1236/1220/294/59
f 1237/1221/294/59 1238/1222/294/59 1239/1223/294/59 1240/1224/294/59
f 1241/1225/295/59 1242/1226/295/59 1243/1227/295/59 1244/1228/295/59
f 1269/1253/301/61 1270/1254/301/61 1271/1255/301/61 1272/1256/301/61
f 1273/1257/302/61 1274/1258/302/61 1275/1259/302/61 1276/1260/302/61
f 1277/1261/302/61 1278/1262/302/61 1279/1263/302/61 1280/1264/302/61
f 1281/1265/303/61 1282/1266/303/61 1283/1267/303/61 1284/1268/303/61
f 1289/1273/305/62 1290/1274/305/62 1291/1275/305/62 1292/1276/305/62
f 1293/1277/306/62 1294/1278/306/62 1295/1279/306/62 1296/1280/306/62
f 1297/1281/306/62 1298/1282/306/62 1299/1283/306/62 1300/1284/306/62
f 1301/1285/307/62 1302/1286/307/62 1303/1287/307/62 1304/1288/307/62
f 1309/1293/309/63 1310/1294/309/63 1311/1295/309/63 1312/1296/309/63
f 1313/1297/310/63 1314/1298/310/63 1315/1299/310/63 1316/1300/310/63
f 1317/1301/310/63 1318/1302/310/63 1319/1303/310/63 1320/1304/310/63
f 1321/1305/311/63 1322/1306/311/63 1323/1307/311/63 1324/1308/311/63
f 1349/1333/317/65 1350/1334/317/65 1351/1335/317/65 1352/1336/317/65
f 1353/1337/318/65 1354/1338/318/65 1355/1339/318/65 1356/1340/318/65
f 1357/1341/318/65 1358/1342/318/65 1359/1343/318/65 1360/1344/318/65
f 1361/1345/319/65 1362/1346/319/65 1363/1347/319/65 1364/1348/319/65
f 1505/1489/349/76 1506/1490/349/76 1507/1491/349/76 1508/1492/349/76
f 1509/1493/350/76 1510/1494/350/76 1511/1495/350/76 1512/1496/350/76
f 1513/1497/350/76 1514/1498/350/76 1515/1499/350/76 1516/1500/350/76
f 1517/1501/351/76 1518/1502/351/76 1519/1503/351/76 1520/1504/351/76
usemtl lakep_lm2
s off
f 1554/1535/366/78 1541/1536/366/78 1542/1537/366/78 1553/1538/366/78
f 1575/1559/379/79 1576/1560/379/79 1577/1561/379/79 1578/1562/379/79
f 1600/1581/389/82 1587/1582/389/82 1588/1583/389/82 1599/1584/389/82
f 1666/1647/410/96 1653/1648/410/96 1654/1649/410/96 1665/1650/410/96
f 1687/1671/423/97 1688/1672/423/97 1689/1673/423/97 1690/1674/423/97
usemtl conttree_b_lm2
s off
f 975/957/232/46 976/958/233/46 973/959/232/46 974/960/233/46
f 977/961/234/46 978/962/234/46 979/963/234/46 980/964/234/46
f 1035/1017/247/49 1036/1018/248/49 1033/1019/247/49 1034/1020/248/49
f 1037/1021/249/49 1038/1022/249/49 1039/1023/249/49 1040/1024/249/49
f 1055/1037/254/50 1056/1038/255/50 1053/1039/254/50 1054/1040/255/50
f 1057/1041/256/50 1058/1042/256/50 1059/1043/256/50 1060/1044/256/50
f 1075/1057/261/51 1076/1058/262/51 1073/1059/261/51 1074/1060/262/51
f 1077/1061/263/51 1078/1062/263/51 1079/1063/263/51 1080/1064/263/51
f 1531/1513/356/77 1532/1514/357/77 1529/1515/356/77 1530/1516/357/77
f 1533/1517/358/77 1534/1518/358/77 1535/1519/358/77 1536/1520/358/77
f 1833/1815/455/107 1834/1816/456/107 1831/1817/455/107 1832/1818/456/107
f 1835/1819/457/107 1836/1820/457/107 1837/1821/457/107 1838/1822/457/107
f 2153/2135/522/123 2154/2136/523/123 2151/2137/522/123 2152/2138/523/123
f 2155/2139/524/123 2156/2140/524/123 2157/2141/524/123 2158/2142/524/123
f 2173/2155/529/124 2174/2156/530/124 2171/2157/529/124 2172/2158/530/124
f 2175/2159/531/124 2176/2160/531/124 2177/2161/531/124 2178/2162/531/124
f 2193/2175/536/125 2194/2176/537/125 2191/2177/536/125 2192/2178/537/125
f 2195/2179/538/125 2196/2180/538/125 2197/2181/538/125 2198/2182/538/125
f 2273/2255/555/129 2274/2256/556/129 2271/2257/555/129 2272/2258/556/129
f 2275/2259/557/129 2276/2260/557/129 2277/2261/557/129 2278/2262/557/129
f 2293/2275/562/130 2294/2276/563/130 2291/2277/562/130 2292/2278/563/130
f 2295/2279/564/130 2296/2280/564/130 2297/2281/564/130 2298/2282/564/130
f 2313/2295/569/131 2314/2296/570/131 2311/2297/569/131 2312/2298/570/131
f 2315/2299/571/131 2316/2300/571/131 2317/2301/571/131 2318/2302/571/131
f 2333/2315/576/132 2334/2316/577/132 2331/2317/576/132 2332/2318/577/132
f 2335/2319/578/132 2336/2320/578/132 2337/2321/578/132 2338/2322/578/132
f 2353/2335/583/133 2354/2336/584/133 2351/2337/583/133 2352/2338/584/133
f 2355/2339/585/133 2356/2340/585/133 2357/2341/585/133 2358/2342/585/133
f 2373/2355/590/134 2374/2356/591/134 2371/2357/590/134 2372/2358/591/134
f 2375/2359/592/134 2376/2360/592/134 2377/2361/592/134 2378/2362/592/134
f 2393/2375/597/135 2394/2376/598/135 2391/2377/597/135 2392/2378/598/135
f 2395/2379/599/135 2396/2380/599/135 2397/2381/599/135 2398/2382/599/135
f 2413/2395/604/136 2414/2396/605/136 2411/2397/604/136 2412/2398/605/136
f 2415/2399/606/136 2416/2400/606/136 2417/2401/606/136 2418/2402/606/136
f 2433/2415/611/137 2434/2416/612/137 2431/2417/611/137 2432/2418/612/137
f 2435/2419/613/137 2436/2420/613/137 2437/2421/613/137 2438/2422/613/137
usemtl conttree_t_lm2
s off
f 967/949/228/46 968/950/229/46 965/951/228/46 966/952/229/46
f 969/953/230/46 970/954/231/46 971/955/230/46 972/956/231/46
f 1027/1009/243/49 1028/1010/244/49 1025/1011/243/49 1026/1012/244/49
f 1029/1013/245/49 1030/1014/246/49 1031/1015/245/49 1032/1016/246/49
f 1047/1029/250/50 1048/1030/251/50 1045/1031/250/50 1046/1032/251/50
f 1049/1033/252/50 1050/1034/253/50 1051/1035/252/50 1052/1036/253/50
f 1067/1049/257/51 1068/1050/258/51 1065/1051/257/51 1066/1052/258/51
f 1069/1053/259/51 1070/1054/260/51 1071/1055/259/51 1072/1056/260/51
f 1523/1505/352/77 1524/1506/353/77 1521/1507/352/77 1522/1508/353/77
f 1525/1509/354/77 1526/1510/355/77 1527/1511/354/77 1528/1512/355/77
f 1825/1807/451/107 1826/1808/452/107 1823/1809/451/107 1824/1810/452/107
f 1827/1811/453/107 1828/1812/454/107 1829/1813/453/107 1830/1814/454/107
f 2145/2127/518/123 2146/2128/519/123 2143/2129/518/123 2144/2130/519/123
f 2147/2131/520/123 2148/2132/521/123 2149/2133/520/123 2150/2134/521/123
f 2165/2147/525/124 2166/2148/526/124 2163/2149/525/124 2164/2150/526/124
f 2167/2151/527/124 2168/2152/528/124 2169/2153/527/124 2170/2154/528/124
f 2185/2167/532/125 2186/2168/533/125 2183/2169/532/125 2184/2170/533/125
f 2187/2171/534/125 2188/2172/535/125 2189/2173/534/125 2190/2174/535/125
f 2265/2247/551/129 2266/2248/552/129 2263/2249/551/129 2264/2250/552/129
f 2267/2251/553/129 2268/2252/554/129 2269/2253/553/129 2270/2254/554/129
f 2285/2267/558/130 2286/2268/559/130 2283/2269/558/130 2284/2270/559/130
f 2287/2271/560/130 2288/2272/561/130 2289/2273/560/130 2290/2274/561/130
f 2305/2287/565/131 2306/2288/566/131 2303/2289/565/131 2304/2290/566/131
f 2307/2291/567/131 2308/2292/568/131 2309/2293/567/131 2310/2294/568/131
f 2325/2307/572/132 2326/2308/573/132 2323/2309/572/132 2324/2310/573/132
f 2327/2311/574/132 2328/2312/575/132 2329/2313/574/132 2330/2314/575/132
f 2345/2327/579/133 2346/2328/580/133 2343/2329/579/133 2344/2330/580/133
f 2347/2331/581/133 2348/2332/582/133 2349/2333/581/133 2350/2334/582/133
f 2365/2347/586/134 2366/2348/587/134 2363/2349/586/134 2364/2350/587/134
f 2367/2351/588/134 2368/2352/589/134 2369/2353/588/134 2370/2354/589/134
f 2385/2367/593/135 2386/2368/594/135 2383/2369/593/135 2384/2370/594/135
f 2387/2371/595/135 2388/2372/596/135 2389/2373/595/135 2390/2374/596/135
f 2405/2387/600/136 2406/2388/601/136 2403/2389/600/136 2404/2390/601/136
f 2407/2391/602/136 2408/2392/603/136 2409/2393/602/136 2410/2394/603/136
f 2425/2407/607/137 2426/2408/608/137 2423/2409/607/137 2424/2410/608/137
f 2427/2411/609/137 2428/2412/610/137 2429/2413/609/137 2430/2414/610/137
usemtl file1Material
s off
f 5/10/7/2 6/11/8/2 7/12/9/2 8/13/10/2
f 6/11/8/2 9/14/5/2 10/15/3/2 7/12/9/2
f 11/16/11/2 12/17/12/2 13/18/13/2 14/19/14/2
f 15/20/15/2 16/21/16/2 17/22/17/2 18/23/18/2
f 37/33/21/3 38/34/21/3 39/35/21/3 40/36/21/3
f 38/34/21/3 41/37/22/3 42/38/22/3 39/35/21/3
f 43/39/23/3 37/33/21/3 40/36/21/3 44/40/23/3
f 105/101/29/5 106/102/29/5 107/103/29/5 108/104/29/5
f 106/102/29/5 109/105/30/5 110/106/30/5 107/103/29/5
f 111/107/31/5 105/101/29/5 108/104/29/5 112/108/31/5
f 113/114/37/6 114/115/38/6 115/116/39/6 116/117/40/6
f 114/115/38/6 117/118/35/6 118/119/33/6 115/116/39/6
f 119/120/41/6 120/121/42/6 121/122/43/6 122/123/44/6
f 123/124/45/6 124/125/46/6 125/126/47/6 126/127/48/6
f 145/137/51/7 146/138/51/7 147/139/51/7 148/140/51/7
f 146/138/51/7 149/141/52/7 150/142/52/7 147/139/51/7
f 151/143/53/7 145/137/51/7 148/140/51/7 152/144/53/7
f 157/149/55/9 158/150/55/9 159/151/55/9 160/152/55/9
f 158/150/55/9 161/153/56/9 162/154/56/9 159/151/55/9
f 163/155/57/9 157/149/55/9 160/152/55/9 164/156/57/9
f 285/277/68/12 286/278/68/12 287/279/68/12 288/280/68/12
f 286/278/68/12 289/281/69/12 290/282/69/12 287/279/68/12
f 291/283/70/12 285/277/68/12 288/280/68/12 292/284/70/12
f 293/285/71/13 294/286/71/13 295/287/71/13 296/288/71/13
f 294/286/71/13 297/289/72/13 298/290/72/13 295/287/71/13
f 299/291/73/13 293/285/71/13 296/288/71/13 300/292/73/13
f 301/298/79/14 302/299/80/14 303/300/81/14 304/301/82/14
f 302/299/80/14 305/302/77/14 306/303/75/14 303/300/81/14
f 307/304/83/14 308/305/84/14 309/306/85/14 310/307/86/14
f 311/308/87/14 312/309/88/14 313/310/89/14 314/311/90/14
f 333/321/93/15 334/322/93/15 335/323/93/15 336/324/93/15
f 334/322/93/15 337/325/94/15 338/326/94/15 335/323/93/15
f 339/327/95/15 333/321/93/15 336/324/93/15 340/328/95/15
f 401/389/101/17 402/390/101/17 403/391/101/17 404/392/101/17
f 402/390/101/17 405/393/102/17 406/394/102/17 403/391/101/17
f 407/395/103/17 401/389/101/17 404/392/101/17 408/396/103/17
f 409/402/109/18 410/403/110/18 411/404/111/18 412/405/112/18
f 410/403/110/18 413/406/107/18 414/407/105/18 411/404/111/18
f 415/408/113/18 416/409/114/18 417/410/115/18 418/411/116/18
f 419/412/117/18 420/413/118/18 421/414/119/18 422/415/120/18
f 19/24/14/2 20/25/19/2 21/26/11/2
f 22/27/19/2 23/28/20/2 24/29/4/2
f 25/30/15/2 26/31/18/2 27/32/20/2
f 127/128/44/6 128/129/49/6 129/130/41/6
f 130/131/49/6 131/132/50/6 132/133/34/6
f 133/134/45/6 134/135/48/6 135/136/50/6
f 315/312/86/14 316/313/91/14 317/314/83/14
f 318/315/91/14 319/316/92/14 320/317/76/14
f 321/318/87/14 322/319/90/14 323/320/92/14
f 423/416/116/18 424/417/121/18 425/418/113/18
f 426/419/121/18 427/420/122/18 428/421/106/18
f 429/422/117/18 430/423/120/18 431/424/122/18
usemtl newstep_lm21
s off
f 45/41/24/4 46/42/24/4 47/43/24/4 48/44/24/4
f 49/45/25/4 50/46/25/4 51/47/25/4 52/48/25/4
f 53/49/26/4 54/50/26/4 55/51/26/4 56/52/26/4
f 57/53/27/4 58/54/27/4 59/55/27/4 60/56/27/4
f 61/57/24/4 62/58/24/4 63/59/24/4 64/60/24/4
f 65/61/28/4 66/62/28/4 67/63/28/4 68/64/28/4
f 69/65/25/4 70/66/25/4 71/67/25/4 72/68/25/4
f 73/69/24/4 74/70/24/4 75/71/24/4 76/72/24/4
f 77/73/25/4 78/74/25/4 79/75/25/4 80/76/25/4
f 81/77/26/4 82/78/26/4 83/79/26/4 84/80/26/4
f 85/81/27/4 86/82/27/4 87/83/27/4 88/84/27/4
f 89/85/24/4 90/86/24/4 91/87/24/4 92/88/24/4
f 93/89/28/4 94/90/28/4 95/91/28/4 96/92/28/4
f 97/93/25/4 98/94/25/4 99/95/25/4 100/96/25/4
f 101/97/26/4 102/98/26/4 103/99/26/4 104/100/26/4
f 165/157/58/10 166/158/58/10 167/159/58/10 168/160/58/10
f 169/161/59/10 170/162/59/10 171/163/59/10 172/164/59/10
f 173/165/60/10 174/166/60/10 175/167/60/10 176/168/60/10
f 177/169/61/10 178/170/61/10 179/171/61/10 180/172/61/10
f 181/173/58/10 182/174/58/10 183/175/58/10 184/176/58/10
f 185/177/62/10 186/178/62/10 187/179/62/10 188/180/62/10
f 189/181/59/10 190/182/59/10 191/183/59/10 192/184/59/10
f 193/185/58/10 194/186/58/10 195/187/58/10 196/188/58/10
f 197/189/59/10 198/190/59/10 199/191/59/10 200/192/59/10
f 201/193/60/10 202/194/60/10 203/195/60/10 204/196/60/10
f 205/197/61/10 206/198/61/10 207/199/61/10 208/200/61/10
f 209/201/58/10 210/202/58/10 211/203/58/10 212/204/58/10
f 213/205/62/10 214/206/62/10 215/207/62/10 216/208/62/10
f 217/209/59/10 218/210/59/10 219/211/59/10 220/212/59/10
f 221/213/60/10 222/214/60/10 223/215/60/10 224/216/60/10
f 225/217/63/11 226/218/63/11 227/219/63/11 228/220/63/11
f 229/221/64/11 230/222/64/11 231/223/64/11 232/224/64/11
f 233/225/65/11 234/226/65/11 235/227/65/11 236/228/65/11
f 237/229/66/11 238/230/66/11 239/231/66/11 240/232/66/11
f 241/233/63/11 242/234/63/11 243/235/63/11 244/236/63/11
f 245/237/67/11 246/238/67/11 247/239/67/11 248/240/67/11
f 249/241/64/11 250/242/64/11 251/243/64/11 252/244/64/11
f 253/245/63/11 254/246/63/11 255/247/63/11 256/248/63/11
f 257/249/64/11 258/250/64/11 259/251/64/11 260/252/64/11
f 261/253/65/11 262/254/65/11 263/255/65/11 264/256/65/11
f 265/257/66/11 266/258/66/11 267/259/66/11 268/260/66/11
f 269/261/63/11 270/262/63/11 271/263/63/11 272/264/63/11
f 273/265/67/11 274/266/67/11 275/267/67/11 276/268/67/11
f 277/269/64/11 278/270/64/11 279/271/64/11 280/272/64/11
f 281/273/65/11 282/274/65/11 283/275/65/11 284/276/65/11
f 341/329/96/16 342/330/96/16 343/331/96/16 344/332/96/16
f 345/333/97/16 346/334/97/16 347/335/97/16 348/336/97/16
f 349/337/98/16 350/338/98/16 351/339/98/16 352/340/98/16
f 353/341/99/16 354/342/99/16 355/343/99/16 356/344/99/16
f 357/345/96/16 358/346/96/16 359/347/96/16 360/348/96/16
f 361/349/100/16 362/350/100/16 363/351/100/16 364/352/100/16
f 365/353/97/16 366/354/97/16 367/355/97/16 368/356/97/16
f 369/357/96/16 370/358/96/16 371/359/96/16 372/360/96/16
f 373/361/97/16 374/362/97/16 375/363/97/16 376/364/97/16
f 377/365/98/16 378/366/98/16 379/367/98/16 380/368/98/16
f 381/369/99/16 382/370/99/16 383/371/99/16 384/372/99/16
f 385/373/96/16 386/374/96/16 387/375/96/16 388/376/96/16
f 389/377/100/16 390/378/100/16 391/379/100/16 392/380/100/16
f 393/381/97/16 394/382/97/16 395/383/97/16 396/384/97/16
f 397/385/98/16 398/386/98/16 399/387/98/16 400/388/98/16
usemtl seaside3_lm67
s off
f 1543/1525/359/78 1545/1526/360/78 1546/1527/359/78 1544/1528/360/78
f 1550/1529/361/78 1548/1530/362/78 1547/1531/362/78 1549/1532/363/78
f 1552/1533/364/78 1550/1529/361/78 1549/1532/363/78 1551/1534/365/78
f 1558/1539/367/79 1560/1540/368/79 1559/1541/368/79 1557/1542/369/79
f 1556/1543/370/79 1558/1539/367/79 1557/1542/369/79 1555/1544/371/79
f 1567/1545/372/79 1568/1546/372/79 1569/1547/372/79 1570/1548/372/79
f 1571/1549/373/79 1572/1550/373/79 1573/1551/373/79 1574/1552/373/79
f 1562/1553/374/79 1564/1554/375/79 1563/1555/376/79 1561/1556/377/79
f 1564/1554/375/79 1566/1557/378/79 1565/1558/378/79 1563/1555/376/79
f 1589/1571/382/82 1591/1572/383/82 1592/1573/382/82 1590/1574/383/82
f 1596/1575/384/82 1594/1576/385/82 1593/1577/385/82 1595/1578/386/82
f 1598/1579/387/82 1596/1575/384/82 1595/1578/386/82 1597/1580/388/82
f 1655/1637/403/96 1657/1638/404/96 1658/1639/403/96 1656/1640/404/96
f 1662/1641/405/96 1660/1642/406/96 1659/1643/406/96 1661/1644/407/96
f 1664/1645/408/96 1662/1641/405/96 1661/1644/407/96 1663/1646/409/96
f 1670/1651/411/97 1672/1652/412/97 1671/1653/412/97 1669/1654/413/97
f 1668/1655/414/97 1670/1651/411/97 1669/1654/413/97 1667/1656/415/97
f 1679/1657/416/97 1680/1658/416/97 1681/1659/416/97 1682/1660/416/97
f 1683/1661/417/97 1684/1662/417/97 1685/1663/417/97 1686/1664/417/97
f 1674/1665/418/97 1676/1666/419/97 1675/1667/420/97 1673/1668/421/97
f 1676/1666/419/97 1678/1669/422/97 1677/1670/422/97 1675/1667/420/97
usemtl lake_lm2
s off
f 1586/1567/381/81 1585/1568/381/81 1583/1569/381/81 1584/1570/381/81
usemtl puddle_b
s off
f 2765/2747/678/154 2766/2748/678/154 2763/2749/678/154 2764/2750/678/154
f 2769/2751/679/155 2770/2752/679/155 2767/2753/679/155 2768/2754/679/155
