# Map made with Elit3D version 0.6.2
mtllib test.mtl
# Planes
o layer_0_tile_488
v 0.000000 -0.002000 0.000000
v 1.000000 -0.002000 0.000000
v 1.000000 -0.002000 1.000000
v 0.000000 -0.002000 1.000000
v 0.000000 -0.002000 1.000000
v 1.000000 -0.002000 1.000000
v 1.000000 -0.002000 2.000000
v 0.000000 -0.002000 2.000000
v 0.000000 -0.002000 2.000000
v 1.000000 -0.002000 2.000000
v 1.000000 -0.002000 3.000000
v 0.000000 -0.002000 3.000000
v 0.000000 -0.002000 3.000000
v 1.000000 -0.002000 3.000000
v 1.000000 -0.002000 4.000000
v 0.000000 -0.002000 4.000000
v 0.000000 -0.002000 4.000000
v 1.000000 -0.002000 4.000000
v 1.000000 -0.002000 5.000000
v 0.000000 -0.002000 5.000000
v 0.000000 -0.002000 5.000000
v 1.000000 -0.002000 5.000000
v 1.000000 -0.002000 6.000000
v 0.000000 -0.002000 6.000000
v 0.000000 -0.002000 6.000000
v 1.000000 -0.002000 6.000000
v 1.000000 -0.002000 7.000000
v 0.000000 -0.002000 7.000000
v 0.000000 -0.002000 7.000000
v 1.000000 -0.002000 7.000000
v 1.000000 -0.002000 8.000000
v 0.000000 -0.002000 8.000000
v 0.000000 -0.002000 8.000000
v 1.000000 -0.002000 8.000000
v 1.000000 -0.002000 9.000000
v 0.000000 -0.002000 9.000000
v 0.000000 -0.002000 9.000000
v 1.000000 -0.002000 9.000000
v 1.000000 -0.002000 10.000000
v 0.000000 -0.002000 10.000000
v 0.000000 -0.002000 10.000000
v 1.000000 -0.002000 10.000000
v 1.000000 -0.002000 11.000000
v 0.000000 -0.002000 11.000000
v 0.000000 -0.002000 11.000000
v 1.000000 -0.002000 11.000000
v 1.000000 -0.002000 12.000000
v 0.000000 -0.002000 12.000000
v 0.000000 -0.002000 12.000000
v 1.000000 -0.002000 12.000000
v 1.000000 -0.002000 13.000000
v 0.000000 -0.002000 13.000000
v 0.000000 -0.002000 13.000000
v 1.000000 -0.002000 13.000000
v 1.000000 -0.002000 14.000000
v 0.000000 -0.002000 14.000000
v 0.000000 -0.002000 14.000000
v 1.000000 -0.002000 14.000000
v 1.000000 -0.002000 15.000000
v 0.000000 -0.002000 15.000000
v 0.000000 -0.002000 15.000000
v 1.000000 -0.002000 15.000000
v 1.000000 -0.002000 16.000000
v 0.000000 -0.002000 16.000000
v 0.000000 -0.002000 16.000000
v 1.000000 -0.002000 16.000000
v 1.000000 -0.002000 17.000000
v 0.000000 -0.002000 17.000000
v 0.000000 -0.002000 17.000000
v 1.000000 -0.002000 17.000000
v 1.000000 -0.002000 18.000000
v 0.000000 -0.002000 18.000000
v 0.000000 -0.002000 18.000000
v 1.000000 -0.002000 18.000000
v 1.000000 -0.002000 19.000000
v 0.000000 -0.002000 19.000000
v 0.000000 -0.002000 19.000000
v 1.000000 -0.002000 19.000000
v 1.000000 -0.002000 20.000000
v 0.000000 -0.002000 20.000000
v 0.000000 -0.002000 20.000000
v 1.000000 -0.002000 20.000000
v 1.000000 -0.002000 21.000000
v 0.000000 -0.002000 21.000000
v 0.000000 -0.002000 21.000000
v 1.000000 -0.002000 21.000000
v 1.000000 -0.002000 22.000000
v 0.000000 -0.002000 22.000000
v 0.000000 -0.002000 22.000000
v 1.000000 -0.002000 22.000000
v 1.000000 -0.002000 23.000000
v 0.000000 -0.002000 23.000000
v 0.000000 -0.002000 23.000000
v 1.000000 -0.002000 23.000000
v 1.000000 -0.002000 24.000000
v 0.000000 -0.002000 24.000000
v 0.000000 -0.002000 24.000000
v 1.000000 -0.002000 24.000000
v 1.000000 -0.002000 25.000000
v 0.000000 -0.002000 25.000000
v 0.000000 -0.002000 25.000000
v 1.000000 -0.002000 25.000000
v 1.000000 -0.002000 26.000000
v 0.000000 -0.002000 26.000000
v 0.000000 -0.002000 26.000000
v 1.000000 -0.002000 26.000000
v 1.000000 -0.002000 27.000000
v 0.000000 -0.002000 27.000000
v 0.000000 -0.002000 27.000000
v 1.000000 -0.002000 27.000000
v 1.000000 -0.002000 28.000000
v 0.000000 -0.002000 28.000000
v 0.000000 -0.002000 28.000000
v 1.000000 -0.002000 28.000000
v 1.000000 -0.002000 29.000000
v 0.000000 -0.002000 29.000000
v 0.000000 -0.002000 29.000000
v 1.000000 -0.002000 29.000000
v 1.000000 -0.002000 30.000000
v 0.000000 -0.002000 30.000000
v 0.000000 -0.002000 30.000000
v 1.000000 -0.002000 30.000000
v 1.000000 -0.002000 31.000000
v 0.000000 -0.002000 31.000000
v 0.000000 -0.002000 31.000000
v 1.000000 -0.002000 31.000000
v 1.000000 -0.002000 32.000000
v 0.000000 -0.002000 32.000000
v 0.000000 -0.002000 32.000000
v 1.000000 -0.002000 32.000000
v 1.000000 -0.002000 33.000000
v 0.000000 -0.002000 33.000000
v 0.000000 -0.002000 33.000000
v 1.000000 -0.002000 33.000000
v 1.000000 -0.002000 34.000000
v 0.000000 -0.002000 34.000000
v 0.000000 -0.002000 34.000000
v 1.000000 -0.002000 34.000000
v 1.000000 -0.002000 35.000000
v 0.000000 -0.002000 35.000000
v 1.000000 -0.002000 0.000000
v 2.000000 -0.002000 0.000000
v 2.000000 -0.002000 1.000000
v 1.000000 -0.002000 1.000000
v 1.000000 -0.002000 1.000000
v 2.000000 -0.002000 1.000000
v 2.000000 -0.002000 2.000000
v 1.000000 -0.002000 2.000000
v 1.000000 -0.002000 2.000000
v 2.000000 -0.002000 2.000000
v 2.000000 -0.002000 3.000000
v 1.000000 -0.002000 3.000000
v 1.000000 -0.002000 4.000000
v 2.000000 -0.002000 4.000000
v 2.000000 -0.002000 5.000000
v 1.000000 -0.002000 5.000000
v 1.000000 -0.002000 5.000000
v 2.000000 -0.002000 5.000000
v 2.000000 -0.002000 6.000000
v 1.000000 -0.002000 6.000000
v 1.000000 -0.002000 7.000000
v 2.000000 -0.002000 7.000000
v 2.000000 -0.002000 8.000000
v 1.000000 -0.002000 8.000000
v 1.000000 -0.002000 9.000000
v 2.000000 -0.002000 9.000000
v 2.000000 -0.002000 10.000000
v 1.000000 -0.002000 10.000000
v 1.000000 -0.002000 10.000000
v 2.000000 -0.002000 10.000000
v 2.000000 -0.002000 11.000000
v 1.000000 -0.002000 11.000000
v 1.000000 -0.002000 11.000000
v 2.000000 -0.002000 11.000000
v 2.000000 -0.002000 12.000000
v 1.000000 -0.002000 12.000000
v 1.000000 -0.002000 12.000000
v 2.000000 -0.002000 12.000000
v 2.000000 -0.002000 13.000000
v 1.000000 -0.002000 13.000000
v 1.000000 -0.002000 13.000000
v 2.000000 -0.002000 13.000000
v 2.000000 -0.002000 14.000000
v 1.000000 -0.002000 14.000000
v 1.000000 -0.002000 14.000000
v 2.000000 -0.002000 14.000000
v 2.000000 -0.002000 15.000000
v 1.000000 -0.002000 15.000000
v 1.000000 -0.002000 15.000000
v 2.000000 -0.002000 15.000000
v 2.000000 -0.002000 16.000000
v 1.000000 -0.002000 16.000000
v 1.000000 -0.002000 16.000000
v 2.000000 -0.002000 16.000000
v 2.000000 -0.002000 17.000000
v 1.000000 -0.002000 17.000000
v 1.000000 -0.002000 17.000000
v 2.000000 -0.002000 17.000000
v 2.000000 -0.002000 18.000000
v 1.000000 -0.002000 18.000000
v 1.000000 -0.002000 18.000000
v 2.000000 -0.002000 18.000000
v 2.000000 -0.002000 19.000000
v 1.000000 -0.002000 19.000000
v 1.000000 -0.002000 19.000000
v 2.000000 -0.002000 19.000000
v 2.000000 -0.002000 20.000000
v 1.000000 -0.002000 20.000000
v 1.000000 -0.002000 20.000000
v 2.000000 -0.002000 20.000000
v 2.000000 -0.002000 21.000000
v 1.000000 -0.002000 21.000000
v 1.000000 -0.002000 21.000000
v 2.000000 -0.002000 21.000000
v 2.000000 -0.002000 22.000000
v 1.000000 -0.002000 22.000000
v 1.000000 -0.002000 22.000000
v 2.000000 -0.002000 22.000000
v 2.000000 -0.002000 23.000000
v 1.000000 -0.002000 23.000000
v 1.000000 -0.002000 23.000000
v 2.000000 -0.002000 23.000000
v 2.000000 -0.002000 24.000000
v 1.000000 -0.002000 24.000000
v 1.000000 -0.002000 25.000000
v 2.000000 -0.002000 25.000000
v 2.000000 -0.002000 26.000000
v 1.000000 -0.002000 26.000000
v 1.000000 -0.002000 26.000000
v 2.000000 -0.002000 26.000000
v 2.000000 -0.002000 27.000000
v 1.000000 -0.002000 27.000000
v 1.000000 -0.002000 27.000000
v 2.000000 -0.002000 27.000000
v 2.000000 -0.002000 28.000000
v 1.000000 -0.002000 28.000000
v 1.000000 -0.002000 28.000000
v 2.000000 -0.002000 28.000000
v 2.000000 -0.002000 29.000000
v 1.000000 -0.002000 29.000000
v 1.000000 -0.002000 29.000000
v 2.000000 -0.002000 29.000000
v 2.000000 -0.002000 30.000000
v 1.000000 -0.002000 30.000000
v 1.000000 -0.002000 30.000000
v 2.000000 -0.002000 30.000000
v 2.000000 -0.002000 31.000000
v 1.000000 -0.002000 31.000000
v 1.000000 -0.002000 31.000000
v 2.000000 -0.002000 31.000000
v 2.000000 -0.002000 32.000000
v 1.000000 -0.002000 32.000000
v 1.000000 -0.002000 32.000000
v 2.000000 -0.002000 32.000000
v 2.000000 -0.002000 33.000000
v 1.000000 -0.002000 33.000000
v 1.000000 -0.002000 33.000000
v 2.000000 -0.002000 33.000000
v 2.000000 -0.002000 34.000000
v 1.000000 -0.002000 34.000000
v 1.000000 -0.002000 34.000000
v 2.000000 -0.002000 34.000000
v 2.000000 -0.002000 35.000000
v 1.000000 -0.002000 35.000000
v 2.000000 -0.002000 0.000000
v 3.000000 -0.002000 0.000000
v 3.000000 -0.002000 1.000000
v 2.000000 -0.002000 1.000000
v 2.000000 -0.002000 1.000000
v 3.000000 -0.002000 1.000000
v 3.000000 -0.002000 2.000000
v 2.000000 -0.002000 2.000000
v 2.000000 -0.002000 2.000000
v 3.000000 -0.002000 2.000000
v 3.000000 -0.002000 3.000000
v 2.000000 -0.002000 3.000000
v 2.000000 -0.002000 3.000000
v 3.000000 -0.002000 3.000000
v 3.000000 -0.002000 4.000000
v 2.000000 -0.002000 4.000000
v 2.000000 -0.002000 4.000000
v 3.000000 -0.002000 4.000000
v 3.000000 -0.002000 5.000000
v 2.000000 -0.002000 5.000000
v 2.000000 -0.002000 5.000000
v 3.000000 -0.002000 5.000000
v 3.000000 -0.002000 6.000000
v 2.000000 -0.002000 6.000000
v 2.000000 -0.002000 6.000000
v 3.000000 -0.002000 6.000000
v 3.000000 -0.002000 7.000000
v 2.000000 -0.002000 7.000000
v 2.000000 -0.002000 7.000000
v 3.000000 -0.002000 7.000000
v 3.000000 -0.002000 8.000000
v 2.000000 -0.002000 8.000000
v 2.000000 -0.002000 8.000000
v 3.000000 -0.002000 8.000000
v 3.000000 -0.002000 9.000000
v 2.000000 -0.002000 9.000000
v 2.000000 -0.002000 9.000000
v 3.000000 -0.002000 9.000000
v 3.000000 -0.002000 10.000000
v 2.000000 -0.002000 10.000000
v 2.000000 -0.002000 10.000000
v 3.000000 -0.002000 10.000000
v 3.000000 -0.002000 11.000000
v 2.000000 -0.002000 11.000000
v 2.000000 -0.002000 11.000000
v 3.000000 -0.002000 11.000000
v 3.000000 -0.002000 12.000000
v 2.000000 -0.002000 12.000000
v 2.000000 -0.002000 12.000000
v 3.000000 -0.002000 12.000000
v 3.000000 -0.002000 13.000000
v 2.000000 -0.002000 13.000000
v 2.000000 -0.002000 13.000000
v 3.000000 -0.002000 13.000000
v 3.000000 -0.002000 14.000000
v 2.000000 -0.002000 14.000000
v 2.000000 -0.002000 14.000000
v 3.000000 -0.002000 14.000000
v 3.000000 -0.002000 15.000000
v 2.000000 -0.002000 15.000000
v 2.000000 -0.002000 15.000000
v 3.000000 -0.002000 15.000000
v 3.000000 -0.002000 16.000000
v 2.000000 -0.002000 16.000000
v 2.000000 -0.002000 17.000000
v 3.000000 -0.002000 17.000000
v 3.000000 -0.002000 18.000000
v 2.000000 -0.002000 18.000000
v 2.000000 -0.002000 18.000000
v 3.000000 -0.002000 18.000000
v 3.000000 -0.002000 19.000000
v 2.000000 -0.002000 19.000000
v 2.000000 -0.002000 19.000000
v 3.000000 -0.002000 19.000000
v 3.000000 -0.002000 20.000000
v 2.000000 -0.002000 20.000000
v 2.000000 -0.002000 21.000000
v 3.000000 -0.002000 21.000000
v 3.000000 -0.002000 22.000000
v 2.000000 -0.002000 22.000000
v 2.000000 -0.002000 22.000000
v 3.000000 -0.002000 22.000000
v 3.000000 -0.002000 23.000000
v 2.000000 -0.002000 23.000000
v 2.000000 -0.002000 23.000000
v 3.000000 -0.002000 23.000000
v 3.000000 -0.002000 24.000000
v 2.000000 -0.002000 24.000000
v 2.000000 -0.002000 24.000000
v 3.000000 -0.002000 24.000000
v 3.000000 -0.002000 25.000000
v 2.000000 -0.002000 25.000000
v 2.000000 -0.002000 25.000000
v 3.000000 -0.002000 25.000000
v 3.000000 -0.002000 26.000000
v 2.000000 -0.002000 26.000000
v 2.000000 -0.002000 26.000000
v 3.000000 -0.002000 26.000000
v 3.000000 -0.002000 27.000000
v 2.000000 -0.002000 27.000000
v 2.000000 -0.002000 28.000000
v 3.000000 -0.002000 28.000000
v 3.000000 -0.002000 29.000000
v 2.000000 -0.002000 29.000000
v 2.000000 -0.002000 29.000000
v 3.000000 -0.002000 29.000000
v 3.000000 -0.002000 30.000000
v 2.000000 -0.002000 30.000000
v 2.000000 -0.002000 30.000000
v 3.000000 -0.002000 30.000000
v 3.000000 -0.002000 31.000000
v 2.000000 -0.002000 31.000000
v 2.000000 -0.002000 31.000000
v 3.000000 -0.002000 31.000000
v 3.000000 -0.002000 32.000000
v 2.000000 -0.002000 32.000000
v 2.000000 -0.002000 32.000000
v 3.000000 -0.002000 32.000000
v 3.000000 -0.002000 33.000000
v 2.000000 -0.002000 33.000000
v 2.000000 -0.002000 33.000000
v 3.000000 -0.002000 33.000000
v 3.000000 -0.002000 34.000000
v 2.000000 -0.002000 34.000000
v 2.000000 -0.002000 34.000000
v 3.000000 -0.002000 34.000000
v 3.000000 -0.002000 35.000000
v 2.000000 -0.002000 35.000000
v 3.000000 -0.002000 0.000000
v 4.000000 -0.002000 0.000000
v 4.000000 -0.002000 1.000000
v 3.000000 -0.002000 1.000000
v 3.000000 -0.002000 1.000000
v 4.000000 -0.002000 1.000000
v 4.000000 -0.002000 2.000000
v 3.000000 -0.002000 2.000000
v 3.000000 -0.002000 2.000000
v 4.000000 -0.002000 2.000000
v 4.000000 -0.002000 3.000000
v 3.000000 -0.002000 3.000000
v 3.000000 -0.002000 3.000000
v 4.000000 -0.002000 3.000000
v 4.000000 -0.002000 4.000000
v 3.000000 -0.002000 4.000000
v 3.000000 -0.002000 6.000000
v 4.000000 -0.002000 6.000000
v 4.000000 -0.002000 7.000000
v 3.000000 -0.002000 7.000000
v 3.000000 -0.002000 7.000000
v 4.000000 -0.002000 7.000000
v 4.000000 -0.002000 8.000000
v 3.000000 -0.002000 8.000000
v 3.000000 -0.002000 8.000000
v 4.000000 -0.002000 8.000000
v 4.000000 -0.002000 9.000000
v 3.000000 -0.002000 9.000000
v 3.000000 -0.002000 9.000000
v 4.000000 -0.002000 9.000000
v 4.000000 -0.002000 10.000000
v 3.000000 -0.002000 10.000000
v 3.000000 -0.002000 11.000000
v 4.000000 -0.002000 11.000000
v 4.000000 -0.002000 12.000000
v 3.000000 -0.002000 12.000000
v 3.000000 -0.002000 12.000000
v 4.000000 -0.002000 12.000000
v 4.000000 -0.002000 13.000000
v 3.000000 -0.002000 13.000000
v 3.000000 -0.002000 14.000000
v 4.000000 -0.002000 14.000000
v 4.000000 -0.002000 15.000000
v 3.000000 -0.002000 15.000000
v 3.000000 -0.002000 15.000000
v 4.000000 -0.002000 15.000000
v 4.000000 -0.002000 16.000000
v 3.000000 -0.002000 16.000000
v 3.000000 -0.002000 16.000000
v 4.000000 -0.002000 16.000000
v 4.000000 -0.002000 17.000000
v 3.000000 -0.002000 17.000000
v 3.000000 -0.002000 17.000000
v 4.000000 -0.002000 17.000000
v 4.000000 -0.002000 18.000000
v 3.000000 -0.002000 18.000000
v 3.000000 -0.002000 18.000000
v 4.000000 -0.002000 18.000000
v 4.000000 -0.002000 19.000000
v 3.000000 -0.002000 19.000000
v 3.000000 -0.002000 19.000000
v 4.000000 -0.002000 19.000000
v 4.000000 -0.002000 20.000000
v 3.000000 -0.002000 20.000000
v 3.000000 -0.002000 20.000000
v 4.000000 -0.002000 20.000000
v 4.000000 -0.002000 21.000000
v 3.000000 -0.002000 21.000000
v 3.000000 -0.002000 21.000000
v 4.000000 -0.002000 21.000000
v 4.000000 -0.002000 22.000000
v 3.000000 -0.002000 22.000000
v 3.000000 -0.002000 22.000000
v 4.000000 -0.002000 22.000000
v 4.000000 -0.002000 23.000000
v 3.000000 -0.002000 23.000000
v 3.000000 -0.002000 24.000000
v 4.000000 -0.002000 24.000000
v 4.000000 -0.002000 25.000000
v 3.000000 -0.002000 25.000000
v 3.000000 -0.002000 25.000000
v 4.000000 -0.002000 25.000000
v 4.000000 -0.002000 26.000000
v 3.000000 -0.002000 26.000000
v 3.000000 -0.002000 26.000000
v 4.000000 -0.002000 26.000000
v 4.000000 -0.002000 27.000000
v 3.000000 -0.002000 27.000000
v 3.000000 -0.002000 27.000000
v 4.000000 -0.002000 27.000000
v 4.000000 -0.002000 28.000000
v 3.000000 -0.002000 28.000000
v 3.000000 -0.002000 28.000000
v 4.000000 -0.002000 28.000000
v 4.000000 -0.002000 29.000000
v 3.000000 -0.002000 29.000000
v 3.000000 -0.002000 29.000000
v 4.000000 -0.002000 29.000000
v 4.000000 -0.002000 30.000000
v 3.000000 -0.002000 30.000000
v 3.000000 -0.002000 30.000000
v 4.000000 -0.002000 30.000000
v 4.000000 -0.002000 31.000000
v 3.000000 -0.002000 31.000000
v 3.000000 -0.002000 31.000000
v 4.000000 -0.002000 31.000000
v 4.000000 -0.002000 32.000000
v 3.000000 -0.002000 32.000000
v 3.000000 -0.002000 32.000000
v 4.000000 -0.002000 32.000000
v 4.000000 -0.002000 33.000000
v 3.000000 -0.002000 33.000000
v 3.000000 -0.002000 33.000000
v 4.000000 -0.002000 33.000000
v 4.000000 -0.002000 34.000000
v 3.000000 -0.002000 34.000000
v 3.000000 -0.002000 34.000000
v 4.000000 -0.002000 34.000000
v 4.000000 -0.002000 35.000000
v 3.000000 -0.002000 35.000000
v 4.000000 -0.002000 0.000000
v 5.000000 -0.002000 0.000000
v 5.000000 -0.002000 1.000000
v 4.000000 -0.002000 1.000000
v 4.000000 -0.002000 1.000000
v 5.000000 -0.002000 1.000000
v 5.000000 -0.002000 2.000000
v 4.000000 -0.002000 2.000000
v 4.000000 -0.002000 2.000000
v 5.000000 -0.002000 2.000000
v 5.000000 -0.002000 3.000000
v 4.000000 -0.002000 3.000000
v 4.000000 -0.002000 3.000000
v 5.000000 -0.002000 3.000000
v 5.000000 -0.002000 4.000000
v 4.000000 -0.002000 4.000000
v 4.000000 -0.002000 4.000000
v 5.000000 -0.002000 4.000000
v 5.000000 -0.002000 5.000000
v 4.000000 -0.002000 5.000000
v 4.000000 -0.002000 5.000000
v 5.000000 -0.002000 5.000000
v 5.000000 -0.002000 6.000000
v 4.000000 -0.002000 6.000000
v 4.000000 -0.002000 6.000000
v 5.000000 -0.002000 6.000000
v 5.000000 -0.002000 7.000000
v 4.000000 -0.002000 7.000000
v 4.000000 -0.002000 7.000000
v 5.000000 -0.002000 7.000000
v 5.000000 -0.002000 8.000000
v 4.000000 -0.002000 8.000000
v 4.000000 -0.002000 8.000000
v 5.000000 -0.002000 8.000000
v 5.000000 -0.002000 9.000000
v 4.000000 -0.002000 9.000000
v 4.000000 -0.002000 9.000000
v 5.000000 -0.002000 9.000000
v 5.000000 -0.002000 10.000000
v 4.000000 -0.002000 10.000000
v 4.000000 -0.002000 10.000000
v 5.000000 -0.002000 10.000000
v 5.000000 -0.002000 11.000000
v 4.000000 -0.002000 11.000000
v 4.000000 -0.002000 11.000000
v 5.000000 -0.002000 11.000000
v 5.000000 -0.002000 12.000000
v 4.000000 -0.002000 12.000000
v 4.000000 -0.002000 12.000000
v 5.000000 -0.002000 12.000000
v 5.000000 -0.002000 13.000000
v 4.000000 -0.002000 13.000000
v 4.000000 -0.002000 13.000000
v 5.000000 -0.002000 13.000000
v 5.000000 -0.002000 14.000000
v 4.000000 -0.002000 14.000000
v 4.000000 -0.002000 14.000000
v 5.000000 -0.002000 14.000000
v 5.000000 -0.002000 15.000000
v 4.000000 -0.002000 15.000000
v 4.000000 -0.002000 15.000000
v 5.000000 -0.002000 15.000000
v 5.000000 -0.002000 16.000000
v 4.000000 -0.002000 16.000000
v 4.000000 -0.002000 16.000000
v 5.000000 -0.002000 16.000000
v 5.000000 -0.002000 17.000000
v 4.000000 -0.002000 17.000000
v 4.000000 -0.002000 17.000000
v 5.000000 -0.002000 17.000000
v 5.000000 -0.002000 18.000000
v 4.000000 -0.002000 18.000000
v 4.000000 -0.002000 18.000000
v 5.000000 -0.002000 18.000000
v 5.000000 -0.002000 19.000000
v 4.000000 -0.002000 19.000000
v 4.000000 -0.002000 19.000000
v 5.000000 -0.002000 19.000000
v 5.000000 -0.002000 20.000000
v 4.000000 -0.002000 20.000000
v 4.000000 -0.002000 20.000000
v 5.000000 -0.002000 20.000000
v 5.000000 -0.002000 21.000000
v 4.000000 -0.002000 21.000000
v 4.000000 -0.002000 21.000000
v 5.000000 -0.002000 21.000000
v 5.000000 -0.002000 22.000000
v 4.000000 -0.002000 22.000000
v 4.000000 -0.002000 22.000000
v 5.000000 -0.002000 22.000000
v 5.000000 -0.002000 23.000000
v 4.000000 -0.002000 23.000000
v 4.000000 -0.002000 23.000000
v 5.000000 -0.002000 23.000000
v 5.000000 -0.002000 24.000000
v 4.000000 -0.002000 24.000000
v 4.000000 -0.002000 24.000000
v 5.000000 -0.002000 24.000000
v 5.000000 -0.002000 25.000000
v 4.000000 -0.002000 25.000000
v 4.000000 -0.002000 25.000000
v 5.000000 -0.002000 25.000000
v 5.000000 -0.002000 26.000000
v 4.000000 -0.002000 26.000000
v 4.000000 -0.002000 26.000000
v 5.000000 -0.002000 26.000000
v 5.000000 -0.002000 27.000000
v 4.000000 -0.002000 27.000000
v 4.000000 -0.002000 27.000000
v 5.000000 -0.002000 27.000000
v 5.000000 -0.002000 28.000000
v 4.000000 -0.002000 28.000000
v 4.000000 -0.002000 28.000000
v 5.000000 -0.002000 28.000000
v 5.000000 -0.002000 29.000000
v 4.000000 -0.002000 29.000000
v 4.000000 -0.002000 29.000000
v 5.000000 -0.002000 29.000000
v 5.000000 -0.002000 30.000000
v 4.000000 -0.002000 30.000000
v 4.000000 -0.002000 30.000000
v 5.000000 -0.002000 30.000000
v 5.000000 -0.002000 31.000000
v 4.000000 -0.002000 31.000000
v 4.000000 -0.002000 31.000000
v 5.000000 -0.002000 31.000000
v 5.000000 -0.002000 32.000000
v 4.000000 -0.002000 32.000000
v 4.000000 -0.002000 32.000000
v 5.000000 -0.002000 32.000000
v 5.000000 -0.002000 33.000000
v 4.000000 -0.002000 33.000000
v 4.000000 -0.002000 33.000000
v 5.000000 -0.002000 33.000000
v 5.000000 -0.002000 34.000000
v 4.000000 -0.002000 34.000000
v 4.000000 -0.002000 34.000000
v 5.000000 -0.002000 34.000000
v 5.000000 -0.002000 35.000000
v 4.000000 -0.002000 35.000000
v 5.000000 -0.002000 0.000000
v 6.000000 -0.002000 0.000000
v 6.000000 -0.002000 1.000000
v 5.000000 -0.002000 1.000000
v 5.000000 -0.002000 1.000000
v 6.000000 -0.002000 1.000000
v 6.000000 -0.002000 2.000000
v 5.000000 -0.002000 2.000000
v 5.000000 -0.002000 2.000000
v 6.000000 -0.002000 2.000000
v 6.000000 -0.002000 3.000000
v 5.000000 -0.002000 3.000000
v 5.000000 -0.002000 3.000000
v 6.000000 -0.002000 3.000000
v 6.000000 -0.002000 4.000000
v 5.000000 -0.002000 4.000000
v 5.000000 -0.002000 4.000000
v 6.000000 -0.002000 4.000000
v 6.000000 -0.002000 5.000000
v 5.000000 -0.002000 5.000000
v 5.000000 -0.002000 5.000000
v 6.000000 -0.002000 5.000000
v 6.000000 -0.002000 6.000000
v 5.000000 -0.002000 6.000000
v 5.000000 -0.002000 6.000000
v 6.000000 -0.002000 6.000000
v 6.000000 -0.002000 7.000000
v 5.000000 -0.002000 7.000000
v 5.000000 -0.002000 7.000000
v 6.000000 -0.002000 7.000000
v 6.000000 -0.002000 8.000000
v 5.000000 -0.002000 8.000000
v 5.000000 -0.002000 8.000000
v 6.000000 -0.002000 8.000000
v 6.000000 -0.002000 9.000000
v 5.000000 -0.002000 9.000000
v 5.000000 -0.002000 9.000000
v 6.000000 -0.002000 9.000000
v 6.000000 -0.002000 10.000000
v 5.000000 -0.002000 10.000000
v 5.000000 -0.002000 10.000000
v 6.000000 -0.002000 10.000000
v 6.000000 -0.002000 11.000000
v 5.000000 -0.002000 11.000000
v 5.000000 -0.002000 11.000000
v 6.000000 -0.002000 11.000000
v 6.000000 -0.002000 12.000000
v 5.000000 -0.002000 12.000000
v 5.000000 -0.002000 12.000000
v 6.000000 -0.002000 12.000000
v 6.000000 -0.002000 13.000000
v 5.000000 -0.002000 13.000000
v 5.000000 -0.002000 14.000000
v 6.000000 -0.002000 14.000000
v 6.000000 -0.002000 15.000000
v 5.000000 -0.002000 15.000000
v 5.000000 -0.002000 15.000000
v 6.000000 -0.002000 15.000000
v 6.000000 -0.002000 16.000000
v 5.000000 -0.002000 16.000000
v 5.000000 -0.002000 16.000000
v 6.000000 -0.002000 16.000000
v 6.000000 -0.002000 17.000000
v 5.000000 -0.002000 17.000000
v 5.000000 -0.002000 17.000000
v 6.000000 -0.002000 17.000000
v 6.000000 -0.002000 18.000000
v 5.000000 -0.002000 18.000000
v 5.000000 -0.002000 18.000000
v 6.000000 -0.002000 18.000000
v 6.000000 -0.002000 19.000000
v 5.000000 -0.002000 19.000000
v 5.000000 -0.002000 19.000000
v 6.000000 -0.002000 19.000000
v 6.000000 -0.002000 20.000000
v 5.000000 -0.002000 20.000000
v 5.000000 -0.002000 20.000000
v 6.000000 -0.002000 20.000000
v 6.000000 -0.002000 21.000000
v 5.000000 -0.002000 21.000000
v 5.000000 -0.002000 21.000000
v 6.000000 -0.002000 21.000000
v 6.000000 -0.002000 22.000000
v 5.000000 -0.002000 22.000000
v 5.000000 -0.002000 22.000000
v 6.000000 -0.002000 22.000000
v 6.000000 -0.002000 23.000000
v 5.000000 -0.002000 23.000000
v 5.000000 -0.002000 23.000000
v 6.000000 -0.002000 23.000000
v 6.000000 -0.002000 24.000000
v 5.000000 -0.002000 24.000000
v 5.000000 -0.002000 24.000000
v 6.000000 -0.002000 24.000000
v 6.000000 -0.002000 25.000000
v 5.000000 -0.002000 25.000000
v 5.000000 -0.002000 25.000000
v 6.000000 -0.002000 25.000000
v 6.000000 -0.002000 26.000000
v 5.000000 -0.002000 26.000000
v 5.000000 -0.002000 26.000000
v 6.000000 -0.002000 26.000000
v 6.000000 -0.002000 27.000000
v 5.000000 -0.002000 27.000000
v 5.000000 -0.002000 27.000000
v 6.000000 -0.002000 27.000000
v 6.000000 -0.002000 28.000000
v 5.000000 -0.002000 28.000000
v 5.000000 -0.002000 28.000000
v 6.000000 -0.002000 28.000000
v 6.000000 -0.002000 29.000000
v 5.000000 -0.002000 29.000000
v 5.000000 -0.002000 29.000000
v 6.000000 -0.002000 29.000000
v 6.000000 -0.002000 30.000000
v 5.000000 -0.002000 30.000000
v 5.000000 -0.002000 30.000000
v 6.000000 -0.002000 30.000000
v 6.000000 -0.002000 31.000000
v 5.000000 -0.002000 31.000000
v 5.000000 -0.002000 31.000000
v 6.000000 -0.002000 31.000000
v 6.000000 -0.002000 32.000000
v 5.000000 -0.002000 32.000000
v 5.000000 -0.002000 32.000000
v 6.000000 -0.002000 32.000000
v 6.000000 -0.002000 33.000000
v 5.000000 -0.002000 33.000000
v 5.000000 -0.002000 33.000000
v 6.000000 -0.002000 33.000000
v 6.000000 -0.002000 34.000000
v 5.000000 -0.002000 34.000000
v 5.000000 -0.002000 34.000000
v 6.000000 -0.002000 34.000000
v 6.000000 -0.002000 35.000000
v 5.000000 -0.002000 35.000000
v 6.000000 -0.002000 0.000000
v 7.000000 -0.002000 0.000000
v 7.000000 -0.002000 1.000000
v 6.000000 -0.002000 1.000000
v 6.000000 -0.002000 1.000000
v 7.000000 -0.002000 1.000000
v 7.000000 -0.002000 2.000000
v 6.000000 -0.002000 2.000000
v 6.000000 -0.002000 2.000000
v 7.000000 -0.002000 2.000000
v 7.000000 -0.002000 3.000000
v 6.000000 -0.002000 3.000000
v 6.000000 -0.002000 3.000000
v 7.000000 -0.002000 3.000000
v 7.000000 -0.002000 4.000000
v 6.000000 -0.002000 4.000000
v 6.000000 -0.002000 6.000000
v 7.000000 -0.002000 6.000000
v 7.000000 -0.002000 7.000000
v 6.000000 -0.002000 7.000000
v 6.000000 -0.002000 7.000000
v 7.000000 -0.002000 7.000000
v 7.000000 -0.002000 8.000000
v 6.000000 -0.002000 8.000000
v 6.000000 -0.002000 9.000000
v 7.000000 -0.002000 9.000000
v 7.000000 -0.002000 10.000000
v 6.000000 -0.002000 10.000000
v 6.000000 -0.002000 10.000000
v 7.000000 -0.002000 10.000000
v 7.000000 -0.002000 11.000000
v 6.000000 -0.002000 11.000000
v 6.000000 -0.002000 11.000000
v 7.000000 -0.002000 11.000000
v 7.000000 -0.002000 12.000000
v 6.000000 -0.002000 12.000000
v 6.000000 -0.002000 12.000000
v 7.000000 -0.002000 12.000000
v 7.000000 -0.002000 13.000000
v 6.000000 -0.002000 13.000000
v 6.000000 -0.002000 13.000000
v 7.000000 -0.002000 13.000000
v 7.000000 -0.002000 14.000000
v 6.000000 -0.002000 14.000000
v 6.000000 -0.002000 14.000000
v 7.000000 -0.002000 14.000000
v 7.000000 -0.002000 15.000000
v 6.000000 -0.002000 15.000000
v 6.000000 -0.002000 15.000000
v 7.000000 -0.002000 15.000000
v 7.000000 -0.002000 16.000000
v 6.000000 -0.002000 16.000000
v 6.000000 -0.002000 16.000000
v 7.000000 -0.002000 16.000000
v 7.000000 -0.002000 17.000000
v 6.000000 -0.002000 17.000000
v 6.000000 -0.002000 17.000000
v 7.000000 -0.002000 17.000000
v 7.000000 -0.002000 18.000000
v 6.000000 -0.002000 18.000000
v 6.000000 -0.002000 18.000000
v 7.000000 -0.002000 18.000000
v 7.000000 -0.002000 19.000000
v 6.000000 -0.002000 19.000000
v 6.000000 -0.002000 19.000000
v 7.000000 -0.002000 19.000000
v 7.000000 -0.002000 20.000000
v 6.000000 -0.002000 20.000000
v 6.000000 -0.002000 20.000000
v 7.000000 -0.002000 20.000000
v 7.000000 -0.002000 21.000000
v 6.000000 -0.002000 21.000000
v 6.000000 -0.002000 21.000000
v 7.000000 -0.002000 21.000000
v 7.000000 -0.002000 22.000000
v 6.000000 -0.002000 22.000000
v 6.000000 -0.002000 22.000000
v 7.000000 -0.002000 22.000000
v 7.000000 -0.002000 23.000000
v 6.000000 -0.002000 23.000000
v 6.000000 -0.002000 23.000000
v 7.000000 -0.002000 23.000000
v 7.000000 -0.002000 24.000000
v 6.000000 -0.002000 24.000000
v 6.000000 -0.002000 24.000000
v 7.000000 -0.002000 24.000000
v 7.000000 -0.002000 25.000000
v 6.000000 -0.002000 25.000000
v 6.000000 -0.002000 26.000000
v 7.000000 -0.002000 26.000000
v 7.000000 -0.002000 27.000000
v 6.000000 -0.002000 27.000000
v 6.000000 -0.002000 27.000000
v 7.000000 -0.002000 27.000000
v 7.000000 -0.002000 28.000000
v 6.000000 -0.002000 28.000000
v 6.000000 -0.002000 28.000000
v 7.000000 -0.002000 28.000000
v 7.000000 -0.002000 29.000000
v 6.000000 -0.002000 29.000000
v 6.000000 -0.002000 29.000000
v 7.000000 -0.002000 29.000000
v 7.000000 -0.002000 30.000000
v 6.000000 -0.002000 30.000000
v 6.000000 -0.002000 30.000000
v 7.000000 -0.002000 30.000000
v 7.000000 -0.002000 31.000000
v 6.000000 -0.002000 31.000000
v 6.000000 -0.002000 31.000000
v 7.000000 -0.002000 31.000000
v 7.000000 -0.002000 32.000000
v 6.000000 -0.002000 32.000000
v 6.000000 -0.002000 32.000000
v 7.000000 -0.002000 32.000000
v 7.000000 -0.002000 33.000000
v 6.000000 -0.002000 33.000000
v 6.000000 -0.002000 33.000000
v 7.000000 -0.002000 33.000000
v 7.000000 -0.002000 34.000000
v 6.000000 -0.002000 34.000000
v 6.000000 -0.002000 34.000000
v 7.000000 -0.002000 34.000000
v 7.000000 -0.002000 35.000000
v 6.000000 -0.002000 35.000000
v 7.000000 -0.002000 0.000000
v 8.000000 -0.002000 0.000000
v 8.000000 -0.002000 1.000000
v 7.000000 -0.002000 1.000000
v 7.000000 -0.002000 1.000000
v 8.000000 -0.002000 1.000000
v 8.000000 -0.002000 2.000000
v 7.000000 -0.002000 2.000000
v 7.000000 -0.002000 2.000000
v 8.000000 -0.002000 2.000000
v 8.000000 -0.002000 3.000000
v 7.000000 -0.002000 3.000000
v 7.000000 -0.002000 3.000000
v 8.000000 -0.002000 3.000000
v 8.000000 -0.002000 4.000000
v 7.000000 -0.002000 4.000000
v 7.000000 -0.002000 4.000000
v 8.000000 -0.002000 4.000000
v 8.000000 -0.002000 5.000000
v 7.000000 -0.002000 5.000000
v 7.000000 -0.002000 5.000000
v 8.000000 -0.002000 5.000000
v 8.000000 -0.002000 6.000000
v 7.000000 -0.002000 6.000000
v 7.000000 -0.002000 6.000000
v 8.000000 -0.002000 6.000000
v 8.000000 -0.002000 7.000000
v 7.000000 -0.002000 7.000000
v 7.000000 -0.002000 7.000000
v 8.000000 -0.002000 7.000000
v 8.000000 -0.002000 8.000000
v 7.000000 -0.002000 8.000000
v 7.000000 -0.002000 8.000000
v 8.000000 -0.002000 8.000000
v 8.000000 -0.002000 9.000000
v 7.000000 -0.002000 9.000000
v 7.000000 -0.002000 9.000000
v 8.000000 -0.002000 9.000000
v 8.000000 -0.002000 10.000000
v 7.000000 -0.002000 10.000000
v 7.000000 -0.002000 10.000000
v 8.000000 -0.002000 10.000000
v 8.000000 -0.002000 11.000000
v 7.000000 -0.002000 11.000000
v 7.000000 -0.002000 11.000000
v 8.000000 -0.002000 11.000000
v 8.000000 -0.002000 12.000000
v 7.000000 -0.002000 12.000000
v 7.000000 -0.002000 12.000000
v 8.000000 -0.002000 12.000000
v 8.000000 -0.002000 13.000000
v 7.000000 -0.002000 13.000000
v 7.000000 -0.002000 13.000000
v 8.000000 -0.002000 13.000000
v 8.000000 -0.002000 14.000000
v 7.000000 -0.002000 14.000000
v 7.000000 -0.002000 14.000000
v 8.000000 -0.002000 14.000000
v 8.000000 -0.002000 15.000000
v 7.000000 -0.002000 15.000000
v 7.000000 -0.002000 15.000000
v 8.000000 -0.002000 15.000000
v 8.000000 -0.002000 16.000000
v 7.000000 -0.002000 16.000000
v 7.000000 -0.002000 16.000000
v 8.000000 -0.002000 16.000000
v 8.000000 -0.002000 17.000000
v 7.000000 -0.002000 17.000000
v 7.000000 -0.002000 17.000000
v 8.000000 -0.002000 17.000000
v 8.000000 -0.002000 18.000000
v 7.000000 -0.002000 18.000000
v 7.000000 -0.002000 18.000000
v 8.000000 -0.002000 18.000000
v 8.000000 -0.002000 19.000000
v 7.000000 -0.002000 19.000000
v 7.000000 -0.002000 19.000000
v 8.000000 -0.002000 19.000000
v 8.000000 -0.002000 20.000000
v 7.000000 -0.002000 20.000000
v 7.000000 -0.002000 20.000000
v 8.000000 -0.002000 20.000000
v 8.000000 -0.002000 21.000000
v 7.000000 -0.002000 21.000000
v 7.000000 -0.002000 21.000000
v 8.000000 -0.002000 21.000000
v 8.000000 -0.002000 22.000000
v 7.000000 -0.002000 22.000000
v 7.000000 -0.002000 22.000000
v 8.000000 -0.002000 22.000000
v 8.000000 -0.002000 23.000000
v 7.000000 -0.002000 23.000000
v 7.000000 -0.002000 23.000000
v 8.000000 -0.002000 23.000000
v 8.000000 -0.002000 24.000000
v 7.000000 -0.002000 24.000000
v 7.000000 -0.002000 24.000000
v 8.000000 -0.002000 24.000000
v 8.000000 -0.002000 25.000000
v 7.000000 -0.002000 25.000000
v 7.000000 -0.002000 25.000000
v 8.000000 -0.002000 25.000000
v 8.000000 -0.002000 26.000000
v 7.000000 -0.002000 26.000000
v 7.000000 -0.002000 27.000000
v 8.000000 -0.002000 27.000000
v 8.000000 -0.002000 28.000000
v 7.000000 -0.002000 28.000000
v 7.000000 -0.002000 28.000000
v 8.000000 -0.002000 28.000000
v 8.000000 -0.002000 29.000000
v 7.000000 -0.002000 29.000000
v 7.000000 -0.002000 29.000000
v 8.000000 -0.002000 29.000000
v 8.000000 -0.002000 30.000000
v 7.000000 -0.002000 30.000000
v 7.000000 -0.002000 30.000000
v 8.000000 -0.002000 30.000000
v 8.000000 -0.002000 31.000000
v 7.000000 -0.002000 31.000000
v 7.000000 -0.002000 31.000000
v 8.000000 -0.002000 31.000000
v 8.000000 -0.002000 32.000000
v 7.000000 -0.002000 32.000000
v 7.000000 -0.002000 32.000000
v 8.000000 -0.002000 32.000000
v 8.000000 -0.002000 33.000000
v 7.000000 -0.002000 33.000000
v 7.000000 -0.002000 33.000000
v 8.000000 -0.002000 33.000000
v 8.000000 -0.002000 34.000000
v 7.000000 -0.002000 34.000000
v 7.000000 -0.002000 34.000000
v 8.000000 -0.002000 34.000000
v 8.000000 -0.002000 35.000000
v 7.000000 -0.002000 35.000000
v 8.000000 -0.002000 0.000000
v 9.000000 -0.002000 0.000000
v 9.000000 -0.002000 1.000000
v 8.000000 -0.002000 1.000000
v 8.000000 -0.002000 1.000000
v 9.000000 -0.002000 1.000000
v 9.000000 -0.002000 2.000000
v 8.000000 -0.002000 2.000000
v 8.000000 -0.002000 2.000000
v 9.000000 -0.002000 2.000000
v 9.000000 -0.002000 3.000000
v 8.000000 -0.002000 3.000000
v 8.000000 -0.002000 3.000000
v 9.000000 -0.002000 3.000000
v 9.000000 -0.002000 4.000000
v 8.000000 -0.002000 4.000000
v 8.000000 -0.002000 4.000000
v 9.000000 -0.002000 4.000000
v 9.000000 -0.002000 5.000000
v 8.000000 -0.002000 5.000000
v 8.000000 -0.002000 5.000000
v 9.000000 -0.002000 5.000000
v 9.000000 -0.002000 6.000000
v 8.000000 -0.002000 6.000000
v 8.000000 -0.002000 6.000000
v 9.000000 -0.002000 6.000000
v 9.000000 -0.002000 7.000000
v 8.000000 -0.002000 7.000000
v 8.000000 -0.002000 7.000000
v 9.000000 -0.002000 7.000000
v 9.000000 -0.002000 8.000000
v 8.000000 -0.002000 8.000000
v 8.000000 -0.002000 8.000000
v 9.000000 -0.002000 8.000000
v 9.000000 -0.002000 9.000000
v 8.000000 -0.002000 9.000000
v 8.000000 -0.002000 9.000000
v 9.000000 -0.002000 9.000000
v 9.000000 -0.002000 10.000000
v 8.000000 -0.002000 10.000000
v 8.000000 -0.002000 10.000000
v 9.000000 -0.002000 10.000000
v 9.000000 -0.002000 11.000000
v 8.000000 -0.002000 11.000000
v 8.000000 -0.002000 11.000000
v 9.000000 -0.002000 11.000000
v 9.000000 -0.002000 12.000000
v 8.000000 -0.002000 12.000000
v 8.000000 -0.002000 12.000000
v 9.000000 -0.002000 12.000000
v 9.000000 -0.002000 13.000000
v 8.000000 -0.002000 13.000000
v 8.000000 -0.002000 13.000000
v 9.000000 -0.002000 13.000000
v 9.000000 -0.002000 14.000000
v 8.000000 -0.002000 14.000000
v 8.000000 -0.002000 14.000000
v 9.000000 -0.002000 14.000000
v 9.000000 -0.002000 15.000000
v 8.000000 -0.002000 15.000000
v 8.000000 -0.002000 15.000000
v 9.000000 -0.002000 15.000000
v 9.000000 -0.002000 16.000000
v 8.000000 -0.002000 16.000000
v 8.000000 -0.002000 16.000000
v 9.000000 -0.002000 16.000000
v 9.000000 -0.002000 17.000000
v 8.000000 -0.002000 17.000000
v 8.000000 -0.002000 17.000000
v 9.000000 -0.002000 17.000000
v 9.000000 -0.002000 18.000000
v 8.000000 -0.002000 18.000000
v 8.000000 -0.002000 19.000000
v 9.000000 -0.002000 19.000000
v 9.000000 -0.002000 20.000000
v 8.000000 -0.002000 20.000000
v 8.000000 -0.002000 20.000000
v 9.000000 -0.002000 20.000000
v 9.000000 -0.002000 21.000000
v 8.000000 -0.002000 21.000000
v 8.000000 -0.002000 21.000000
v 9.000000 -0.002000 21.000000
v 9.000000 -0.002000 22.000000
v 8.000000 -0.002000 22.000000
v 8.000000 -0.002000 22.000000
v 9.000000 -0.002000 22.000000
v 9.000000 -0.002000 23.000000
v 8.000000 -0.002000 23.000000
v 8.000000 -0.002000 24.000000
v 9.000000 -0.002000 24.000000
v 9.000000 -0.002000 25.000000
v 8.000000 -0.002000 25.000000
v 8.000000 -0.002000 25.000000
v 9.000000 -0.002000 25.000000
v 9.000000 -0.002000 26.000000
v 8.000000 -0.002000 26.000000
v 8.000000 -0.002000 26.000000
v 9.000000 -0.002000 26.000000
v 9.000000 -0.002000 27.000000
v 8.000000 -0.002000 27.000000
v 8.000000 -0.002000 27.000000
v 9.000000 -0.002000 27.000000
v 9.000000 -0.002000 28.000000
v 8.000000 -0.002000 28.000000
v 8.000000 -0.002000 28.000000
v 9.000000 -0.002000 28.000000
v 9.000000 -0.002000 29.000000
v 8.000000 -0.002000 29.000000
v 8.000000 -0.002000 29.000000
v 9.000000 -0.002000 29.000000
v 9.000000 -0.002000 30.000000
v 8.000000 -0.002000 30.000000
v 8.000000 -0.002000 30.000000
v 9.000000 -0.002000 30.000000
v 9.000000 -0.002000 31.000000
v 8.000000 -0.002000 31.000000
v 8.000000 -0.002000 31.000000
v 9.000000 -0.002000 31.000000
v 9.000000 -0.002000 32.000000
v 8.000000 -0.002000 32.000000
v 8.000000 -0.002000 32.000000
v 9.000000 -0.002000 32.000000
v 9.000000 -0.002000 33.000000
v 8.000000 -0.002000 33.000000
v 8.000000 -0.002000 33.000000
v 9.000000 -0.002000 33.000000
v 9.000000 -0.002000 34.000000
v 8.000000 -0.002000 34.000000
v 8.000000 -0.002000 34.000000
v 9.000000 -0.002000 34.000000
v 9.000000 -0.002000 35.000000
v 8.000000 -0.002000 35.000000
v 9.000000 -0.002000 0.000000
v 10.000000 -0.002000 0.000000
v 10.000000 -0.002000 1.000000
v 9.000000 -0.002000 1.000000
v 9.000000 -0.002000 1.000000
v 10.000000 -0.002000 1.000000
v 10.000000 -0.002000 2.000000
v 9.000000 -0.002000 2.000000
v 9.000000 -0.002000 2.000000
v 10.000000 -0.002000 2.000000
v 10.000000 -0.002000 3.000000
v 9.000000 -0.002000 3.000000
v 9.000000 -0.002000 3.000000
v 10.000000 -0.002000 3.000000
v 10.000000 -0.002000 4.000000
v 9.000000 -0.002000 4.000000
v 9.000000 -0.002000 4.000000
v 10.000000 -0.002000 4.000000
v 10.000000 -0.002000 5.000000
v 9.000000 -0.002000 5.000000
v 9.000000 -0.002000 5.000000
v 10.000000 -0.002000 5.000000
v 10.000000 -0.002000 6.000000
v 9.000000 -0.002000 6.000000
v 9.000000 -0.002000 6.000000
v 10.000000 -0.002000 6.000000
v 10.000000 -0.002000 7.000000
v 9.000000 -0.002000 7.000000
v 9.000000 -0.002000 7.000000
v 10.000000 -0.002000 7.000000
v 10.000000 -0.002000 8.000000
v 9.000000 -0.002000 8.000000
v 9.000000 -0.002000 8.000000
v 10.000000 -0.002000 8.000000
v 10.000000 -0.002000 9.000000
v 9.000000 -0.002000 9.000000
v 9.000000 -0.002000 9.000000
v 10.000000 -0.002000 9.000000
v 10.000000 -0.002000 10.000000
v 9.000000 -0.002000 10.000000
v 9.000000 -0.002000 10.000000
v 10.000000 -0.002000 10.000000
v 10.000000 -0.002000 11.000000
v 9.000000 -0.002000 11.000000
v 9.000000 -0.002000 11.000000
v 10.000000 -0.002000 11.000000
v 10.000000 -0.002000 12.000000
v 9.000000 -0.002000 12.000000
v 9.000000 -0.002000 12.000000
v 10.000000 -0.002000 12.000000
v 10.000000 -0.002000 13.000000
v 9.000000 -0.002000 13.000000
v 9.000000 -0.002000 13.000000
v 10.000000 -0.002000 13.000000
v 10.000000 -0.002000 14.000000
v 9.000000 -0.002000 14.000000
v 9.000000 -0.002000 15.000000
v 10.000000 -0.002000 15.000000
v 10.000000 -0.002000 16.000000
v 9.000000 -0.002000 16.000000
v 9.000000 -0.002000 16.000000
v 10.000000 -0.002000 16.000000
v 10.000000 -0.002000 17.000000
v 9.000000 -0.002000 17.000000
v 9.000000 -0.002000 17.000000
v 10.000000 -0.002000 17.000000
v 10.000000 -0.002000 18.000000
v 9.000000 -0.002000 18.000000
v 9.000000 -0.002000 18.000000
v 10.000000 -0.002000 18.000000
v 10.000000 -0.002000 19.000000
v 9.000000 -0.002000 19.000000
v 9.000000 -0.002000 19.000000
v 10.000000 -0.002000 19.000000
v 10.000000 -0.002000 20.000000
v 9.000000 -0.002000 20.000000
v 9.000000 -0.002000 20.000000
v 10.000000 -0.002000 20.000000
v 10.000000 -0.002000 21.000000
v 9.000000 -0.002000 21.000000
v 9.000000 -0.002000 21.000000
v 10.000000 -0.002000 21.000000
v 10.000000 -0.002000 22.000000
v 9.000000 -0.002000 22.000000
v 9.000000 -0.002000 22.000000
v 10.000000 -0.002000 22.000000
v 10.000000 -0.002000 23.000000
v 9.000000 -0.002000 23.000000
v 9.000000 -0.002000 23.000000
v 10.000000 -0.002000 23.000000
v 10.000000 -0.002000 24.000000
v 9.000000 -0.002000 24.000000
v 9.000000 -0.002000 24.000000
v 10.000000 -0.002000 24.000000
v 10.000000 -0.002000 25.000000
v 9.000000 -0.002000 25.000000
v 9.000000 -0.002000 25.000000
v 10.000000 -0.002000 25.000000
v 10.000000 -0.002000 26.000000
v 9.000000 -0.002000 26.000000
v 9.000000 -0.002000 27.000000
v 10.000000 -0.002000 27.000000
v 10.000000 -0.002000 28.000000
v 9.000000 -0.002000 28.000000
v 9.000000 -0.002000 28.000000
v 10.000000 -0.002000 28.000000
v 10.000000 -0.002000 29.000000
v 9.000000 -0.002000 29.000000
v 9.000000 -0.002000 29.000000
v 10.000000 -0.002000 29.000000
v 10.000000 -0.002000 30.000000
v 9.000000 -0.002000 30.000000
v 9.000000 -0.002000 30.000000
v 10.000000 -0.002000 30.000000
v 10.000000 -0.002000 31.000000
v 9.000000 -0.002000 31.000000
v 9.000000 -0.002000 31.000000
v 10.000000 -0.002000 31.000000
v 10.000000 -0.002000 32.000000
v 9.000000 -0.002000 32.000000
v 9.000000 -0.002000 32.000000
v 10.000000 -0.002000 32.000000
v 10.000000 -0.002000 33.000000
v 9.000000 -0.002000 33.000000
v 9.000000 -0.002000 33.000000
v 10.000000 -0.002000 33.000000
v 10.000000 -0.002000 34.000000
v 9.000000 -0.002000 34.000000
v 9.000000 -0.002000 34.000000
v 10.000000 -0.002000 34.000000
v 10.000000 -0.002000 35.000000
v 9.000000 -0.002000 35.000000
v 10.000000 -0.002000 0.000000
v 11.000000 -0.002000 0.000000
v 11.000000 -0.002000 1.000000
v 10.000000 -0.002000 1.000000
v 10.000000 -0.002000 1.000000
v 11.000000 -0.002000 1.000000
v 11.000000 -0.002000 2.000000
v 10.000000 -0.002000 2.000000
v 10.000000 -0.002000 2.000000
v 11.000000 -0.002000 2.000000
v 11.000000 -0.002000 3.000000
v 10.000000 -0.002000 3.000000
v 10.000000 -0.002000 3.000000
v 11.000000 -0.002000 3.000000
v 11.000000 -0.002000 4.000000
v 10.000000 -0.002000 4.000000
v 10.000000 -0.002000 4.000000
v 11.000000 -0.002000 4.000000
v 11.000000 -0.002000 5.000000
v 10.000000 -0.002000 5.000000
v 10.000000 -0.002000 5.000000
v 11.000000 -0.002000 5.000000
v 11.000000 -0.002000 6.000000
v 10.000000 -0.002000 6.000000
v 10.000000 -0.002000 6.000000
v 11.000000 -0.002000 6.000000
v 11.000000 -0.002000 7.000000
v 10.000000 -0.002000 7.000000
v 10.000000 -0.002000 8.000000
v 11.000000 -0.002000 8.000000
v 11.000000 -0.002000 9.000000
v 10.000000 -0.002000 9.000000
v 10.000000 -0.002000 9.000000
v 11.000000 -0.002000 9.000000
v 11.000000 -0.002000 10.000000
v 10.000000 -0.002000 10.000000
v 10.000000 -0.002000 10.000000
v 11.000000 -0.002000 10.000000
v 11.000000 -0.002000 11.000000
v 10.000000 -0.002000 11.000000
v 10.000000 -0.002000 11.000000
v 11.000000 -0.002000 11.000000
v 11.000000 -0.002000 12.000000
v 10.000000 -0.002000 12.000000
v 10.000000 -0.002000 12.000000
v 11.000000 -0.002000 12.000000
v 11.000000 -0.002000 13.000000
v 10.000000 -0.002000 13.000000
v 10.000000 -0.002000 13.000000
v 11.000000 -0.002000 13.000000
v 11.000000 -0.002000 14.000000
v 10.000000 -0.002000 14.000000
v 10.000000 -0.002000 14.000000
v 11.000000 -0.002000 14.000000
v 11.000000 -0.002000 15.000000
v 10.000000 -0.002000 15.000000
v 10.000000 -0.002000 15.000000
v 11.000000 -0.002000 15.000000
v 11.000000 -0.002000 16.000000
v 10.000000 -0.002000 16.000000
v 10.000000 -0.002000 16.000000
v 11.000000 -0.002000 16.000000
v 11.000000 -0.002000 17.000000
v 10.000000 -0.002000 17.000000
v 10.000000 -0.002000 17.000000
v 11.000000 -0.002000 17.000000
v 11.000000 -0.002000 18.000000
v 10.000000 -0.002000 18.000000
v 10.000000 -0.002000 18.000000
v 11.000000 -0.002000 18.000000
v 11.000000 -0.002000 19.000000
v 10.000000 -0.002000 19.000000
v 10.000000 -0.002000 19.000000
v 11.000000 -0.002000 19.000000
v 11.000000 -0.002000 20.000000
v 10.000000 -0.002000 20.000000
v 10.000000 -0.002000 20.000000
v 11.000000 -0.002000 20.000000
v 11.000000 -0.002000 21.000000
v 10.000000 -0.002000 21.000000
v 10.000000 -0.002000 21.000000
v 11.000000 -0.002000 21.000000
v 11.000000 -0.002000 22.000000
v 10.000000 -0.002000 22.000000
v 10.000000 -0.002000 22.000000
v 11.000000 -0.002000 22.000000
v 11.000000 -0.002000 23.000000
v 10.000000 -0.002000 23.000000
v 10.000000 -0.002000 23.000000
v 11.000000 -0.002000 23.000000
v 11.000000 -0.002000 24.000000
v 10.000000 -0.002000 24.000000
v 10.000000 -0.002000 24.000000
v 11.000000 -0.002000 24.000000
v 11.000000 -0.002000 25.000000
v 10.000000 -0.002000 25.000000
v 10.000000 -0.002000 25.000000
v 11.000000 -0.002000 25.000000
v 11.000000 -0.002000 26.000000
v 10.000000 -0.002000 26.000000
v 10.000000 -0.002000 26.000000
v 11.000000 -0.002000 26.000000
v 11.000000 -0.002000 27.000000
v 10.000000 -0.002000 27.000000
v 10.000000 -0.002000 27.000000
v 11.000000 -0.002000 27.000000
v 11.000000 -0.002000 28.000000
v 10.000000 -0.002000 28.000000
v 10.000000 -0.002000 28.000000
v 11.000000 -0.002000 28.000000
v 11.000000 -0.002000 29.000000
v 10.000000 -0.002000 29.000000
v 10.000000 -0.002000 29.000000
v 11.000000 -0.002000 29.000000
v 11.000000 -0.002000 30.000000
v 10.000000 -0.002000 30.000000
v 10.000000 -0.002000 30.000000
v 11.000000 -0.002000 30.000000
v 11.000000 -0.002000 31.000000
v 10.000000 -0.002000 31.000000
v 10.000000 -0.002000 31.000000
v 11.000000 -0.002000 31.000000
v 11.000000 -0.002000 32.000000
v 10.000000 -0.002000 32.000000
v 10.000000 -0.002000 32.000000
v 11.000000 -0.002000 32.000000
v 11.000000 -0.002000 33.000000
v 10.000000 -0.002000 33.000000
v 10.000000 -0.002000 33.000000
v 11.000000 -0.002000 33.000000
v 11.000000 -0.002000 34.000000
v 10.000000 -0.002000 34.000000
v 10.000000 -0.002000 34.000000
v 11.000000 -0.002000 34.000000
v 11.000000 -0.002000 35.000000
v 10.000000 -0.002000 35.000000
v 11.000000 -0.002000 0.000000
v 12.000000 -0.002000 0.000000
v 12.000000 -0.002000 1.000000
v 11.000000 -0.002000 1.000000
v 11.000000 -0.002000 1.000000
v 12.000000 -0.002000 1.000000
v 12.000000 -0.002000 2.000000
v 11.000000 -0.002000 2.000000
v 11.000000 -0.002000 2.000000
v 12.000000 -0.002000 2.000000
v 12.000000 -0.002000 3.000000
v 11.000000 -0.002000 3.000000
v 11.000000 -0.002000 4.000000
v 12.000000 -0.002000 4.000000
v 12.000000 -0.002000 5.000000
v 11.000000 -0.002000 5.000000
v 11.000000 -0.002000 5.000000
v 12.000000 -0.002000 5.000000
v 12.000000 -0.002000 6.000000
v 11.000000 -0.002000 6.000000
v 11.000000 -0.002000 6.000000
v 12.000000 -0.002000 6.000000
v 12.000000 -0.002000 7.000000
v 11.000000 -0.002000 7.000000
v 11.000000 -0.002000 7.000000
v 12.000000 -0.002000 7.000000
v 12.000000 -0.002000 8.000000
v 11.000000 -0.002000 8.000000
v 11.000000 -0.002000 8.000000
v 12.000000 -0.002000 8.000000
v 12.000000 -0.002000 9.000000
v 11.000000 -0.002000 9.000000
v 11.000000 -0.002000 9.000000
v 12.000000 -0.002000 9.000000
v 12.000000 -0.002000 10.000000
v 11.000000 -0.002000 10.000000
v 11.000000 -0.002000 10.000000
v 12.000000 -0.002000 10.000000
v 12.000000 -0.002000 11.000000
v 11.000000 -0.002000 11.000000
v 11.000000 -0.002000 12.000000
v 12.000000 -0.002000 12.000000
v 12.000000 -0.002000 13.000000
v 11.000000 -0.002000 13.000000
v 11.000000 -0.002000 13.000000
v 12.000000 -0.002000 13.000000
v 12.000000 -0.002000 14.000000
v 11.000000 -0.002000 14.000000
v 11.000000 -0.002000 14.000000
v 12.000000 -0.002000 14.000000
v 12.000000 -0.002000 15.000000
v 11.000000 -0.002000 15.000000
v 11.000000 -0.002000 15.000000
v 12.000000 -0.002000 15.000000
v 12.000000 -0.002000 16.000000
v 11.000000 -0.002000 16.000000
v 11.000000 -0.002000 16.000000
v 12.000000 -0.002000 16.000000
v 12.000000 -0.002000 17.000000
v 11.000000 -0.002000 17.000000
v 11.000000 -0.002000 17.000000
v 12.000000 -0.002000 17.000000
v 12.000000 -0.002000 18.000000
v 11.000000 -0.002000 18.000000
v 11.000000 -0.002000 18.000000
v 12.000000 -0.002000 18.000000
v 12.000000 -0.002000 19.000000
v 11.000000 -0.002000 19.000000
v 11.000000 -0.002000 19.000000
v 12.000000 -0.002000 19.000000
v 12.000000 -0.002000 20.000000
v 11.000000 -0.002000 20.000000
v 11.000000 -0.002000 20.000000
v 12.000000 -0.002000 20.000000
v 12.000000 -0.002000 21.000000
v 11.000000 -0.002000 21.000000
v 11.000000 -0.002000 21.000000
v 12.000000 -0.002000 21.000000
v 12.000000 -0.002000 22.000000
v 11.000000 -0.002000 22.000000
v 11.000000 -0.002000 22.000000
v 12.000000 -0.002000 22.000000
v 12.000000 -0.002000 23.000000
v 11.000000 -0.002000 23.000000
v 11.000000 -0.002000 23.000000
v 12.000000 -0.002000 23.000000
v 12.000000 -0.002000 24.000000
v 11.000000 -0.002000 24.000000
v 11.000000 -0.002000 24.000000
v 12.000000 -0.002000 24.000000
v 12.000000 -0.002000 25.000000
v 11.000000 -0.002000 25.000000
v 11.000000 -0.002000 25.000000
v 12.000000 -0.002000 25.000000
v 12.000000 -0.002000 26.000000
v 11.000000 -0.002000 26.000000
v 11.000000 -0.002000 26.000000
v 12.000000 -0.002000 26.000000
v 12.000000 -0.002000 27.000000
v 11.000000 -0.002000 27.000000
v 11.000000 -0.002000 27.000000
v 12.000000 -0.002000 27.000000
v 12.000000 -0.002000 28.000000
v 11.000000 -0.002000 28.000000
v 11.000000 -0.002000 28.000000
v 12.000000 -0.002000 28.000000
v 12.000000 -0.002000 29.000000
v 11.000000 -0.002000 29.000000
v 11.000000 -0.002000 29.000000
v 12.000000 -0.002000 29.000000
v 12.000000 -0.002000 30.000000
v 11.000000 -0.002000 30.000000
v 11.000000 -0.002000 30.000000
v 12.000000 -0.002000 30.000000
v 12.000000 -0.002000 31.000000
v 11.000000 -0.002000 31.000000
v 11.000000 -0.002000 31.000000
v 12.000000 -0.002000 31.000000
v 12.000000 -0.002000 32.000000
v 11.000000 -0.002000 32.000000
v 11.000000 -0.002000 32.000000
v 12.000000 -0.002000 32.000000
v 12.000000 -0.002000 33.000000
v 11.000000 -0.002000 33.000000
v 11.000000 -0.002000 33.000000
v 12.000000 -0.002000 33.000000
v 12.000000 -0.002000 34.000000
v 11.000000 -0.002000 34.000000
v 11.000000 -0.002000 34.000000
v 12.000000 -0.002000 34.000000
v 12.000000 -0.002000 35.000000
v 11.000000 -0.002000 35.000000
v 12.000000 -0.002000 0.000000
v 13.000000 -0.002000 0.000000
v 13.000000 -0.002000 1.000000
v 12.000000 -0.002000 1.000000
v 12.000000 -0.002000 1.000000
v 13.000000 -0.002000 1.000000
v 13.000000 -0.002000 2.000000
v 12.000000 -0.002000 2.000000
v 12.000000 -0.002000 2.000000
v 13.000000 -0.002000 2.000000
v 13.000000 -0.002000 3.000000
v 12.000000 -0.002000 3.000000
v 12.000000 -0.002000 3.000000
v 13.000000 -0.002000 3.000000
v 13.000000 -0.002000 4.000000
v 12.000000 -0.002000 4.000000
v 12.000000 -0.002000 4.000000
v 13.000000 -0.002000 4.000000
v 13.000000 -0.002000 5.000000
v 12.000000 -0.002000 5.000000
v 12.000000 -0.002000 5.000000
v 13.000000 -0.002000 5.000000
v 13.000000 -0.002000 6.000000
v 12.000000 -0.002000 6.000000
v 12.000000 -0.002000 6.000000
v 13.000000 -0.002000 6.000000
v 13.000000 -0.002000 7.000000
v 12.000000 -0.002000 7.000000
v 12.000000 -0.002000 7.000000
v 13.000000 -0.002000 7.000000
v 13.000000 -0.002000 8.000000
v 12.000000 -0.002000 8.000000
v 12.000000 -0.002000 8.000000
v 13.000000 -0.002000 8.000000
v 13.000000 -0.002000 9.000000
v 12.000000 -0.002000 9.000000
v 12.000000 -0.002000 9.000000
v 13.000000 -0.002000 9.000000
v 13.000000 -0.002000 10.000000
v 12.000000 -0.002000 10.000000
v 12.000000 -0.002000 10.000000
v 13.000000 -0.002000 10.000000
v 13.000000 -0.002000 11.000000
v 12.000000 -0.002000 11.000000
v 12.000000 -0.002000 11.000000
v 13.000000 -0.002000 11.000000
v 13.000000 -0.002000 12.000000
v 12.000000 -0.002000 12.000000
v 12.000000 -0.002000 12.000000
v 13.000000 -0.002000 12.000000
v 13.000000 -0.002000 13.000000
v 12.000000 -0.002000 13.000000
v 12.000000 -0.002000 14.000000
v 13.000000 -0.002000 14.000000
v 13.000000 -0.002000 15.000000
v 12.000000 -0.002000 15.000000
v 12.000000 -0.002000 15.000000
v 13.000000 -0.002000 15.000000
v 13.000000 -0.002000 16.000000
v 12.000000 -0.002000 16.000000
v 12.000000 -0.002000 17.000000
v 13.000000 -0.002000 17.000000
v 13.000000 -0.002000 18.000000
v 12.000000 -0.002000 18.000000
v 12.000000 -0.002000 18.000000
v 13.000000 -0.002000 18.000000
v 13.000000 -0.002000 19.000000
v 12.000000 -0.002000 19.000000
v 12.000000 -0.002000 19.000000
v 13.000000 -0.002000 19.000000
v 13.000000 -0.002000 20.000000
v 12.000000 -0.002000 20.000000
v 12.000000 -0.002000 20.000000
v 13.000000 -0.002000 20.000000
v 13.000000 -0.002000 21.000000
v 12.000000 -0.002000 21.000000
v 12.000000 -0.002000 21.000000
v 13.000000 -0.002000 21.000000
v 13.000000 -0.002000 22.000000
v 12.000000 -0.002000 22.000000
v 12.000000 -0.002000 22.000000
v 13.000000 -0.002000 22.000000
v 13.000000 -0.002000 23.000000
v 12.000000 -0.002000 23.000000
v 12.000000 -0.002000 23.000000
v 13.000000 -0.002000 23.000000
v 13.000000 -0.002000 24.000000
v 12.000000 -0.002000 24.000000
v 12.000000 -0.002000 24.000000
v 13.000000 -0.002000 24.000000
v 13.000000 -0.002000 25.000000
v 12.000000 -0.002000 25.000000
v 12.000000 -0.002000 25.000000
v 13.000000 -0.002000 25.000000
v 13.000000 -0.002000 26.000000
v 12.000000 -0.002000 26.000000
v 12.000000 -0.002000 26.000000
v 13.000000 -0.002000 26.000000
v 13.000000 -0.002000 27.000000
v 12.000000 -0.002000 27.000000
v 12.000000 -0.002000 27.000000
v 13.000000 -0.002000 27.000000
v 13.000000 -0.002000 28.000000
v 12.000000 -0.002000 28.000000
v 12.000000 -0.002000 28.000000
v 13.000000 -0.002000 28.000000
v 13.000000 -0.002000 29.000000
v 12.000000 -0.002000 29.000000
v 12.000000 -0.002000 29.000000
v 13.000000 -0.002000 29.000000
v 13.000000 -0.002000 30.000000
v 12.000000 -0.002000 30.000000
v 12.000000 -0.002000 30.000000
v 13.000000 -0.002000 30.000000
v 13.000000 -0.002000 31.000000
v 12.000000 -0.002000 31.000000
v 12.000000 -0.002000 31.000000
v 13.000000 -0.002000 31.000000
v 13.000000 -0.002000 32.000000
v 12.000000 -0.002000 32.000000
v 12.000000 -0.002000 32.000000
v 13.000000 -0.002000 32.000000
v 13.000000 -0.002000 33.000000
v 12.000000 -0.002000 33.000000
v 12.000000 -0.002000 33.000000
v 13.000000 -0.002000 33.000000
v 13.000000 -0.002000 34.000000
v 12.000000 -0.002000 34.000000
v 12.000000 -0.002000 34.000000
v 13.000000 -0.002000 34.000000
v 13.000000 -0.002000 35.000000
v 12.000000 -0.002000 35.000000
v 13.000000 -0.002000 0.000000
v 14.000000 -0.002000 0.000000
v 14.000000 -0.002000 1.000000
v 13.000000 -0.002000 1.000000
v 13.000000 -0.002000 1.000000
v 14.000000 -0.002000 1.000000
v 14.000000 -0.002000 2.000000
v 13.000000 -0.002000 2.000000
v 13.000000 -0.002000 2.000000
v 14.000000 -0.002000 2.000000
v 14.000000 -0.002000 3.000000
v 13.000000 -0.002000 3.000000
v 13.000000 -0.002000 3.000000
v 14.000000 -0.002000 3.000000
v 14.000000 -0.002000 4.000000
v 13.000000 -0.002000 4.000000
v 13.000000 -0.002000 4.000000
v 14.000000 -0.002000 4.000000
v 14.000000 -0.002000 5.000000
v 13.000000 -0.002000 5.000000
v 13.000000 -0.002000 6.000000
v 14.000000 -0.002000 6.000000
v 14.000000 -0.002000 7.000000
v 13.000000 -0.002000 7.000000
v 13.000000 -0.002000 7.000000
v 14.000000 -0.002000 7.000000
v 14.000000 -0.002000 8.000000
v 13.000000 -0.002000 8.000000
v 13.000000 -0.002000 8.000000
v 14.000000 -0.002000 8.000000
v 14.000000 -0.002000 9.000000
v 13.000000 -0.002000 9.000000
v 13.000000 -0.002000 9.000000
v 14.000000 -0.002000 9.000000
v 14.000000 -0.002000 10.000000
v 13.000000 -0.002000 10.000000
v 13.000000 -0.002000 10.000000
v 14.000000 -0.002000 10.000000
v 14.000000 -0.002000 11.000000
v 13.000000 -0.002000 11.000000
v 13.000000 -0.002000 11.000000
v 14.000000 -0.002000 11.000000
v 14.000000 -0.002000 12.000000
v 13.000000 -0.002000 12.000000
v 13.000000 -0.002000 12.000000
v 14.000000 -0.002000 12.000000
v 14.000000 -0.002000 13.000000
v 13.000000 -0.002000 13.000000
v 13.000000 -0.002000 13.000000
v 14.000000 -0.002000 13.000000
v 14.000000 -0.002000 14.000000
v 13.000000 -0.002000 14.000000
v 13.000000 -0.002000 14.000000
v 14.000000 -0.002000 14.000000
v 14.000000 -0.002000 15.000000
v 13.000000 -0.002000 15.000000
v 13.000000 -0.002000 15.000000
v 14.000000 -0.002000 15.000000
v 14.000000 -0.002000 16.000000
v 13.000000 -0.002000 16.000000
v 13.000000 -0.002000 16.000000
v 14.000000 -0.002000 16.000000
v 14.000000 -0.002000 17.000000
v 13.000000 -0.002000 17.000000
v 13.000000 -0.002000 17.000000
v 14.000000 -0.002000 17.000000
v 14.000000 -0.002000 18.000000
v 13.000000 -0.002000 18.000000
v 13.000000 -0.002000 18.000000
v 14.000000 -0.002000 18.000000
v 14.000000 -0.002000 19.000000
v 13.000000 -0.002000 19.000000
v 13.000000 -0.002000 19.000000
v 14.000000 -0.002000 19.000000
v 14.000000 -0.002000 20.000000
v 13.000000 -0.002000 20.000000
v 13.000000 -0.002000 20.000000
v 14.000000 -0.002000 20.000000
v 14.000000 -0.002000 21.000000
v 13.000000 -0.002000 21.000000
v 13.000000 -0.002000 21.000000
v 14.000000 -0.002000 21.000000
v 14.000000 -0.002000 22.000000
v 13.000000 -0.002000 22.000000
v 13.000000 -0.002000 22.000000
v 14.000000 -0.002000 22.000000
v 14.000000 -0.002000 23.000000
v 13.000000 -0.002000 23.000000
v 13.000000 -0.002000 23.000000
v 14.000000 -0.002000 23.000000
v 14.000000 -0.002000 24.000000
v 13.000000 -0.002000 24.000000
v 13.000000 -0.002000 25.000000
v 14.000000 -0.002000 25.000000
v 14.000000 -0.002000 26.000000
v 13.000000 -0.002000 26.000000
v 13.000000 -0.002000 26.000000
v 14.000000 -0.002000 26.000000
v 14.000000 -0.002000 27.000000
v 13.000000 -0.002000 27.000000
v 13.000000 -0.002000 27.000000
v 14.000000 -0.002000 27.000000
v 14.000000 -0.002000 28.000000
v 13.000000 -0.002000 28.000000
v 13.000000 -0.002000 28.000000
v 14.000000 -0.002000 28.000000
v 14.000000 -0.002000 29.000000
v 13.000000 -0.002000 29.000000
v 13.000000 -0.002000 29.000000
v 14.000000 -0.002000 29.000000
v 14.000000 -0.002000 30.000000
v 13.000000 -0.002000 30.000000
v 13.000000 -0.002000 30.000000
v 14.000000 -0.002000 30.000000
v 14.000000 -0.002000 31.000000
v 13.000000 -0.002000 31.000000
v 13.000000 -0.002000 31.000000
v 14.000000 -0.002000 31.000000
v 14.000000 -0.002000 32.000000
v 13.000000 -0.002000 32.000000
v 13.000000 -0.002000 32.000000
v 14.000000 -0.002000 32.000000
v 14.000000 -0.002000 33.000000
v 13.000000 -0.002000 33.000000
v 13.000000 -0.002000 33.000000
v 14.000000 -0.002000 33.000000
v 14.000000 -0.002000 34.000000
v 13.000000 -0.002000 34.000000
v 13.000000 -0.002000 34.000000
v 14.000000 -0.002000 34.000000
v 14.000000 -0.002000 35.000000
v 13.000000 -0.002000 35.000000
v 14.000000 -0.002000 0.000000
v 15.000000 -0.002000 0.000000
v 15.000000 -0.002000 1.000000
v 14.000000 -0.002000 1.000000
v 14.000000 -0.002000 1.000000
v 15.000000 -0.002000 1.000000
v 15.000000 -0.002000 2.000000
v 14.000000 -0.002000 2.000000
v 14.000000 -0.002000 2.000000
v 15.000000 -0.002000 2.000000
v 15.000000 -0.002000 3.000000
v 14.000000 -0.002000 3.000000
v 14.000000 -0.002000 3.000000
v 15.000000 -0.002000 3.000000
v 15.000000 -0.002000 4.000000
v 14.000000 -0.002000 4.000000
v 14.000000 -0.002000 4.000000
v 15.000000 -0.002000 4.000000
v 15.000000 -0.002000 5.000000
v 14.000000 -0.002000 5.000000
v 14.000000 -0.002000 5.000000
v 15.000000 -0.002000 5.000000
v 15.000000 -0.002000 6.000000
v 14.000000 -0.002000 6.000000
v 14.000000 -0.002000 6.000000
v 15.000000 -0.002000 6.000000
v 15.000000 -0.002000 7.000000
v 14.000000 -0.002000 7.000000
v 14.000000 -0.002000 7.000000
v 15.000000 -0.002000 7.000000
v 15.000000 -0.002000 8.000000
v 14.000000 -0.002000 8.000000
v 14.000000 -0.002000 8.000000
v 15.000000 -0.002000 8.000000
v 15.000000 -0.002000 9.000000
v 14.000000 -0.002000 9.000000
v 14.000000 -0.002000 9.000000
v 15.000000 -0.002000 9.000000
v 15.000000 -0.002000 10.000000
v 14.000000 -0.002000 10.000000
v 14.000000 -0.002000 10.000000
v 15.000000 -0.002000 10.000000
v 15.000000 -0.002000 11.000000
v 14.000000 -0.002000 11.000000
v 14.000000 -0.002000 11.000000
v 15.000000 -0.002000 11.000000
v 15.000000 -0.002000 12.000000
v 14.000000 -0.002000 12.000000
v 14.000000 -0.002000 12.000000
v 15.000000 -0.002000 12.000000
v 15.000000 -0.002000 13.000000
v 14.000000 -0.002000 13.000000
v 14.000000 -0.002000 13.000000
v 15.000000 -0.002000 13.000000
v 15.000000 -0.002000 14.000000
v 14.000000 -0.002000 14.000000
v 14.000000 -0.002000 14.000000
v 15.000000 -0.002000 14.000000
v 15.000000 -0.002000 15.000000
v 14.000000 -0.002000 15.000000
v 14.000000 -0.002000 15.000000
v 15.000000 -0.002000 15.000000
v 15.000000 -0.002000 16.000000
v 14.000000 -0.002000 16.000000
v 14.000000 -0.002000 16.000000
v 15.000000 -0.002000 16.000000
v 15.000000 -0.002000 17.000000
v 14.000000 -0.002000 17.000000
v 14.000000 -0.002000 17.000000
v 15.000000 -0.002000 17.000000
v 15.000000 -0.002000 18.000000
v 14.000000 -0.002000 18.000000
v 14.000000 -0.002000 18.000000
v 15.000000 -0.002000 18.000000
v 15.000000 -0.002000 19.000000
v 14.000000 -0.002000 19.000000
v 14.000000 -0.002000 19.000000
v 15.000000 -0.002000 19.000000
v 15.000000 -0.002000 20.000000
v 14.000000 -0.002000 20.000000
v 14.000000 -0.002000 20.000000
v 15.000000 -0.002000 20.000000
v 15.000000 -0.002000 21.000000
v 14.000000 -0.002000 21.000000
v 14.000000 -0.002000 22.000000
v 15.000000 -0.002000 22.000000
v 15.000000 -0.002000 23.000000
v 14.000000 -0.002000 23.000000
v 14.000000 -0.002000 23.000000
v 15.000000 -0.002000 23.000000
v 15.000000 -0.002000 24.000000
v 14.000000 -0.002000 24.000000
v 14.000000 -0.002000 24.000000
v 15.000000 -0.002000 24.000000
v 15.000000 -0.002000 25.000000
v 14.000000 -0.002000 25.000000
v 14.000000 -0.002000 25.000000
v 15.000000 -0.002000 25.000000
v 15.000000 -0.002000 26.000000
v 14.000000 -0.002000 26.000000
v 14.000000 -0.002000 26.000000
v 15.000000 -0.002000 26.000000
v 15.000000 -0.002000 27.000000
v 14.000000 -0.002000 27.000000
v 14.000000 -0.002000 27.000000
v 15.000000 -0.002000 27.000000
v 15.000000 -0.002000 28.000000
v 14.000000 -0.002000 28.000000
v 14.000000 -0.002000 28.000000
v 15.000000 -0.002000 28.000000
v 15.000000 -0.002000 29.000000
v 14.000000 -0.002000 29.000000
v 14.000000 -0.002000 29.000000
v 15.000000 -0.002000 29.000000
v 15.000000 -0.002000 30.000000
v 14.000000 -0.002000 30.000000
v 14.000000 -0.002000 30.000000
v 15.000000 -0.002000 30.000000
v 15.000000 -0.002000 31.000000
v 14.000000 -0.002000 31.000000
v 14.000000 -0.002000 31.000000
v 15.000000 -0.002000 31.000000
v 15.000000 -0.002000 32.000000
v 14.000000 -0.002000 32.000000
v 14.000000 -0.002000 32.000000
v 15.000000 -0.002000 32.000000
v 15.000000 -0.002000 33.000000
v 14.000000 -0.002000 33.000000
v 14.000000 -0.002000 33.000000
v 15.000000 -0.002000 33.000000
v 15.000000 -0.002000 34.000000
v 14.000000 -0.002000 34.000000
v 14.000000 -0.002000 34.000000
v 15.000000 -0.002000 34.000000
v 15.000000 -0.002000 35.000000
v 14.000000 -0.002000 35.000000
v 15.000000 -0.002000 0.000000
v 16.000000 -0.002000 0.000000
v 16.000000 -0.002000 1.000000
v 15.000000 -0.002000 1.000000
v 15.000000 -0.002000 1.000000
v 16.000000 -0.002000 1.000000
v 16.000000 -0.002000 2.000000
v 15.000000 -0.002000 2.000000
v 15.000000 -0.002000 2.000000
v 16.000000 -0.002000 2.000000
v 16.000000 -0.002000 3.000000
v 15.000000 -0.002000 3.000000
v 15.000000 -0.002000 3.000000
v 16.000000 -0.002000 3.000000
v 16.000000 -0.002000 4.000000
v 15.000000 -0.002000 4.000000
v 15.000000 -0.002000 4.000000
v 16.000000 -0.002000 4.000000
v 16.000000 -0.002000 5.000000
v 15.000000 -0.002000 5.000000
v 15.000000 -0.002000 6.000000
v 16.000000 -0.002000 6.000000
v 16.000000 -0.002000 7.000000
v 15.000000 -0.002000 7.000000
v 15.000000 -0.002000 7.000000
v 16.000000 -0.002000 7.000000
v 16.000000 -0.002000 8.000000
v 15.000000 -0.002000 8.000000
v 15.000000 -0.002000 8.000000
v 16.000000 -0.002000 8.000000
v 16.000000 -0.002000 9.000000
v 15.000000 -0.002000 9.000000
v 15.000000 -0.002000 10.000000
v 16.000000 -0.002000 10.000000
v 16.000000 -0.002000 11.000000
v 15.000000 -0.002000 11.000000
v 15.000000 -0.002000 11.000000
v 16.000000 -0.002000 11.000000
v 16.000000 -0.002000 12.000000
v 15.000000 -0.002000 12.000000
v 15.000000 -0.002000 12.000000
v 16.000000 -0.002000 12.000000
v 16.000000 -0.002000 13.000000
v 15.000000 -0.002000 13.000000
v 15.000000 -0.002000 13.000000
v 16.000000 -0.002000 13.000000
v 16.000000 -0.002000 14.000000
v 15.000000 -0.002000 14.000000
v 15.000000 -0.002000 14.000000
v 16.000000 -0.002000 14.000000
v 16.000000 -0.002000 15.000000
v 15.000000 -0.002000 15.000000
v 15.000000 -0.002000 15.000000
v 16.000000 -0.002000 15.000000
v 16.000000 -0.002000 16.000000
v 15.000000 -0.002000 16.000000
v 15.000000 -0.002000 16.000000
v 16.000000 -0.002000 16.000000
v 16.000000 -0.002000 17.000000
v 15.000000 -0.002000 17.000000
v 15.000000 -0.002000 17.000000
v 16.000000 -0.002000 17.000000
v 16.000000 -0.002000 18.000000
v 15.000000 -0.002000 18.000000
v 15.000000 -0.002000 18.000000
v 16.000000 -0.002000 18.000000
v 16.000000 -0.002000 19.000000
v 15.000000 -0.002000 19.000000
v 15.000000 -0.002000 19.000000
v 16.000000 -0.002000 19.000000
v 16.000000 -0.002000 20.000000
v 15.000000 -0.002000 20.000000
v 15.000000 -0.002000 20.000000
v 16.000000 -0.002000 20.000000
v 16.000000 -0.002000 21.000000
v 15.000000 -0.002000 21.000000
v 15.000000 -0.002000 21.000000
v 16.000000 -0.002000 21.000000
v 16.000000 -0.002000 22.000000
v 15.000000 -0.002000 22.000000
v 15.000000 -0.002000 22.000000
v 16.000000 -0.002000 22.000000
v 16.000000 -0.002000 23.000000
v 15.000000 -0.002000 23.000000
v 15.000000 -0.002000 23.000000
v 16.000000 -0.002000 23.000000
v 16.000000 -0.002000 24.000000
v 15.000000 -0.002000 24.000000
v 15.000000 -0.002000 24.000000
v 16.000000 -0.002000 24.000000
v 16.000000 -0.002000 25.000000
v 15.000000 -0.002000 25.000000
v 15.000000 -0.002000 25.000000
v 16.000000 -0.002000 25.000000
v 16.000000 -0.002000 26.000000
v 15.000000 -0.002000 26.000000
v 15.000000 -0.002000 26.000000
v 16.000000 -0.002000 26.000000
v 16.000000 -0.002000 27.000000
v 15.000000 -0.002000 27.000000
v 15.000000 -0.002000 27.000000
v 16.000000 -0.002000 27.000000
v 16.000000 -0.002000 28.000000
v 15.000000 -0.002000 28.000000
v 15.000000 -0.002000 28.000000
v 16.000000 -0.002000 28.000000
v 16.000000 -0.002000 29.000000
v 15.000000 -0.002000 29.000000
v 15.000000 -0.002000 29.000000
v 16.000000 -0.002000 29.000000
v 16.000000 -0.002000 30.000000
v 15.000000 -0.002000 30.000000
v 15.000000 -0.002000 30.000000
v 16.000000 -0.002000 30.000000
v 16.000000 -0.002000 31.000000
v 15.000000 -0.002000 31.000000
v 15.000000 -0.002000 31.000000
v 16.000000 -0.002000 31.000000
v 16.000000 -0.002000 32.000000
v 15.000000 -0.002000 32.000000
v 15.000000 -0.002000 32.000000
v 16.000000 -0.002000 32.000000
v 16.000000 -0.002000 33.000000
v 15.000000 -0.002000 33.000000
v 15.000000 -0.002000 33.000000
v 16.000000 -0.002000 33.000000
v 16.000000 -0.002000 34.000000
v 15.000000 -0.002000 34.000000
v 15.000000 -0.002000 34.000000
v 16.000000 -0.002000 34.000000
v 16.000000 -0.002000 35.000000
v 15.000000 -0.002000 35.000000
v 16.000000 -0.002000 0.000000
v 17.000000 -0.002000 0.000000
v 17.000000 -0.002000 1.000000
v 16.000000 -0.002000 1.000000
v 16.000000 -0.002000 1.000000
v 17.000000 -0.002000 1.000000
v 17.000000 -0.002000 2.000000
v 16.000000 -0.002000 2.000000
v 16.000000 -0.002000 2.000000
v 17.000000 -0.002000 2.000000
v 17.000000 -0.002000 3.000000
v 16.000000 -0.002000 3.000000
v 16.000000 -0.002000 3.000000
v 17.000000 -0.002000 3.000000
v 17.000000 -0.002000 4.000000
v 16.000000 -0.002000 4.000000
v 16.000000 -0.002000 4.000000
v 17.000000 -0.002000 4.000000
v 17.000000 -0.002000 5.000000
v 16.000000 -0.002000 5.000000
v 16.000000 -0.002000 5.000000
v 17.000000 -0.002000 5.000000
v 17.000000 -0.002000 6.000000
v 16.000000 -0.002000 6.000000
v 16.000000 -0.002000 6.000000
v 17.000000 -0.002000 6.000000
v 17.000000 -0.002000 7.000000
v 16.000000 -0.002000 7.000000
v 16.000000 -0.002000 7.000000
v 17.000000 -0.002000 7.000000
v 17.000000 -0.002000 8.000000
v 16.000000 -0.002000 8.000000
v 16.000000 -0.002000 8.000000
v 17.000000 -0.002000 8.000000
v 17.000000 -0.002000 9.000000
v 16.000000 -0.002000 9.000000
v 16.000000 -0.002000 9.000000
v 17.000000 -0.002000 9.000000
v 17.000000 -0.002000 10.000000
v 16.000000 -0.002000 10.000000
v 16.000000 -0.002000 10.000000
v 17.000000 -0.002000 10.000000
v 17.000000 -0.002000 11.000000
v 16.000000 -0.002000 11.000000
v 16.000000 -0.002000 11.000000
v 17.000000 -0.002000 11.000000
v 17.000000 -0.002000 12.000000
v 16.000000 -0.002000 12.000000
v 16.000000 -0.002000 12.000000
v 17.000000 -0.002000 12.000000
v 17.000000 -0.002000 13.000000
v 16.000000 -0.002000 13.000000
v 16.000000 -0.002000 13.000000
v 17.000000 -0.002000 13.000000
v 17.000000 -0.002000 14.000000
v 16.000000 -0.002000 14.000000
v 16.000000 -0.002000 14.000000
v 17.000000 -0.002000 14.000000
v 17.000000 -0.002000 15.000000
v 16.000000 -0.002000 15.000000
v 16.000000 -0.002000 16.000000
v 17.000000 -0.002000 16.000000
v 17.000000 -0.002000 17.000000
v 16.000000 -0.002000 17.000000
v 16.000000 -0.002000 17.000000
v 17.000000 -0.002000 17.000000
v 17.000000 -0.002000 18.000000
v 16.000000 -0.002000 18.000000
v 16.000000 -0.002000 18.000000
v 17.000000 -0.002000 18.000000
v 17.000000 -0.002000 19.000000
v 16.000000 -0.002000 19.000000
v 16.000000 -0.002000 19.000000
v 17.000000 -0.002000 19.000000
v 17.000000 -0.002000 20.000000
v 16.000000 -0.002000 20.000000
v 16.000000 -0.002000 20.000000
v 17.000000 -0.002000 20.000000
v 17.000000 -0.002000 21.000000
v 16.000000 -0.002000 21.000000
v 16.000000 -0.002000 21.000000
v 17.000000 -0.002000 21.000000
v 17.000000 -0.002000 22.000000
v 16.000000 -0.002000 22.000000
v 16.000000 -0.002000 22.000000
v 17.000000 -0.002000 22.000000
v 17.000000 -0.002000 23.000000
v 16.000000 -0.002000 23.000000
v 16.000000 -0.002000 23.000000
v 17.000000 -0.002000 23.000000
v 17.000000 -0.002000 24.000000
v 16.000000 -0.002000 24.000000
v 16.000000 -0.002000 24.000000
v 17.000000 -0.002000 24.000000
v 17.000000 -0.002000 25.000000
v 16.000000 -0.002000 25.000000
v 16.000000 -0.002000 25.000000
v 17.000000 -0.002000 25.000000
v 17.000000 -0.002000 26.000000
v 16.000000 -0.002000 26.000000
v 16.000000 -0.002000 27.000000
v 17.000000 -0.002000 27.000000
v 17.000000 -0.002000 28.000000
v 16.000000 -0.002000 28.000000
v 16.000000 -0.002000 28.000000
v 17.000000 -0.002000 28.000000
v 17.000000 -0.002000 29.000000
v 16.000000 -0.002000 29.000000
v 16.000000 -0.002000 29.000000
v 17.000000 -0.002000 29.000000
v 17.000000 -0.002000 30.000000
v 16.000000 -0.002000 30.000000
v 16.000000 -0.002000 30.000000
v 17.000000 -0.002000 30.000000
v 17.000000 -0.002000 31.000000
v 16.000000 -0.002000 31.000000
v 16.000000 -0.002000 31.000000
v 17.000000 -0.002000 31.000000
v 17.000000 -0.002000 32.000000
v 16.000000 -0.002000 32.000000
v 16.000000 -0.002000 32.000000
v 17.000000 -0.002000 32.000000
v 17.000000 -0.002000 33.000000
v 16.000000 -0.002000 33.000000
v 16.000000 -0.002000 33.000000
v 17.000000 -0.002000 33.000000
v 17.000000 -0.002000 34.000000
v 16.000000 -0.002000 34.000000
v 16.000000 -0.002000 34.000000
v 17.000000 -0.002000 34.000000
v 17.000000 -0.002000 35.000000
v 16.000000 -0.002000 35.000000
v 17.000000 -0.002000 0.000000
v 18.000000 -0.002000 0.000000
v 18.000000 -0.002000 1.000000
v 17.000000 -0.002000 1.000000
v 17.000000 -0.002000 1.000000
v 18.000000 -0.002000 1.000000
v 18.000000 -0.002000 2.000000
v 17.000000 -0.002000 2.000000
v 17.000000 -0.002000 2.000000
v 18.000000 -0.002000 2.000000
v 18.000000 -0.002000 3.000000
v 17.000000 -0.002000 3.000000
v 17.000000 -0.002000 4.000000
v 18.000000 -0.002000 4.000000
v 18.000000 -0.002000 5.000000
v 17.000000 -0.002000 5.000000
v 17.000000 -0.002000 5.000000
v 18.000000 -0.002000 5.000000
v 18.000000 -0.002000 6.000000
v 17.000000 -0.002000 6.000000
v 17.000000 -0.002000 6.000000
v 18.000000 -0.002000 6.000000
v 18.000000 -0.002000 7.000000
v 17.000000 -0.002000 7.000000
v 17.000000 -0.002000 7.000000
v 18.000000 -0.002000 7.000000
v 18.000000 -0.002000 8.000000
v 17.000000 -0.002000 8.000000
v 17.000000 -0.002000 8.000000
v 18.000000 -0.002000 8.000000
v 18.000000 -0.002000 9.000000
v 17.000000 -0.002000 9.000000
v 17.000000 -0.002000 10.000000
v 18.000000 -0.002000 10.000000
v 18.000000 -0.002000 11.000000
v 17.000000 -0.002000 11.000000
v 17.000000 -0.002000 11.000000
v 18.000000 -0.002000 11.000000
v 18.000000 -0.002000 12.000000
v 17.000000 -0.002000 12.000000
v 17.000000 -0.002000 13.000000
v 18.000000 -0.002000 13.000000
v 18.000000 -0.002000 14.000000
v 17.000000 -0.002000 14.000000
v 17.000000 -0.002000 14.000000
v 18.000000 -0.002000 14.000000
v 18.000000 -0.002000 15.000000
v 17.000000 -0.002000 15.000000
v 17.000000 -0.002000 15.000000
v 18.000000 -0.002000 15.000000
v 18.000000 -0.002000 16.000000
v 17.000000 -0.002000 16.000000
v 17.000000 -0.002000 16.000000
v 18.000000 -0.002000 16.000000
v 18.000000 -0.002000 17.000000
v 17.000000 -0.002000 17.000000
v 17.000000 -0.002000 17.000000
v 18.000000 -0.002000 17.000000
v 18.000000 -0.002000 18.000000
v 17.000000 -0.002000 18.000000
v 17.000000 -0.002000 19.000000
v 18.000000 -0.002000 19.000000
v 18.000000 -0.002000 20.000000
v 17.000000 -0.002000 20.000000
v 17.000000 -0.002000 20.000000
v 18.000000 -0.002000 20.000000
v 18.000000 -0.002000 21.000000
v 17.000000 -0.002000 21.000000
v 17.000000 -0.002000 21.000000
v 18.000000 -0.002000 21.000000
v 18.000000 -0.002000 22.000000
v 17.000000 -0.002000 22.000000
v 17.000000 -0.002000 22.000000
v 18.000000 -0.002000 22.000000
v 18.000000 -0.002000 23.000000
v 17.000000 -0.002000 23.000000
v 17.000000 -0.002000 23.000000
v 18.000000 -0.002000 23.000000
v 18.000000 -0.002000 24.000000
v 17.000000 -0.002000 24.000000
v 17.000000 -0.002000 24.000000
v 18.000000 -0.002000 24.000000
v 18.000000 -0.002000 25.000000
v 17.000000 -0.002000 25.000000
v 17.000000 -0.002000 25.000000
v 18.000000 -0.002000 25.000000
v 18.000000 -0.002000 26.000000
v 17.000000 -0.002000 26.000000
v 17.000000 -0.002000 26.000000
v 18.000000 -0.002000 26.000000
v 18.000000 -0.002000 27.000000
v 17.000000 -0.002000 27.000000
v 17.000000 -0.002000 27.000000
v 18.000000 -0.002000 27.000000
v 18.000000 -0.002000 28.000000
v 17.000000 -0.002000 28.000000
v 17.000000 -0.002000 28.000000
v 18.000000 -0.002000 28.000000
v 18.000000 -0.002000 29.000000
v 17.000000 -0.002000 29.000000
v 17.000000 -0.002000 29.000000
v 18.000000 -0.002000 29.000000
v 18.000000 -0.002000 30.000000
v 17.000000 -0.002000 30.000000
v 17.000000 -0.002000 30.000000
v 18.000000 -0.002000 30.000000
v 18.000000 -0.002000 31.000000
v 17.000000 -0.002000 31.000000
v 17.000000 -0.002000 31.000000
v 18.000000 -0.002000 31.000000
v 18.000000 -0.002000 32.000000
v 17.000000 -0.002000 32.000000
v 17.000000 -0.002000 32.000000
v 18.000000 -0.002000 32.000000
v 18.000000 -0.002000 33.000000
v 17.000000 -0.002000 33.000000
v 17.000000 -0.002000 33.000000
v 18.000000 -0.002000 33.000000
v 18.000000 -0.002000 34.000000
v 17.000000 -0.002000 34.000000
v 17.000000 -0.002000 34.000000
v 18.000000 -0.002000 34.000000
v 18.000000 -0.002000 35.000000
v 17.000000 -0.002000 35.000000
v 18.000000 -0.002000 0.000000
v 19.000000 -0.002000 0.000000
v 19.000000 -0.002000 1.000000
v 18.000000 -0.002000 1.000000
v 18.000000 -0.002000 1.000000
v 19.000000 -0.002000 1.000000
v 19.000000 -0.002000 2.000000
v 18.000000 -0.002000 2.000000
v 18.000000 -0.002000 2.000000
v 19.000000 -0.002000 2.000000
v 19.000000 -0.002000 3.000000
v 18.000000 -0.002000 3.000000
v 18.000000 -0.002000 3.000000
v 19.000000 -0.002000 3.000000
v 19.000000 -0.002000 4.000000
v 18.000000 -0.002000 4.000000
v 18.000000 -0.002000 4.000000
v 19.000000 -0.002000 4.000000
v 19.000000 -0.002000 5.000000
v 18.000000 -0.002000 5.000000
v 18.000000 -0.002000 5.000000
v 19.000000 -0.002000 5.000000
v 19.000000 -0.002000 6.000000
v 18.000000 -0.002000 6.000000
v 18.000000 -0.002000 6.000000
v 19.000000 -0.002000 6.000000
v 19.000000 -0.002000 7.000000
v 18.000000 -0.002000 7.000000
v 18.000000 -0.002000 7.000000
v 19.000000 -0.002000 7.000000
v 19.000000 -0.002000 8.000000
v 18.000000 -0.002000 8.000000
v 18.000000 -0.002000 8.000000
v 19.000000 -0.002000 8.000000
v 19.000000 -0.002000 9.000000
v 18.000000 -0.002000 9.000000
v 18.000000 -0.002000 9.000000
v 19.000000 -0.002000 9.000000
v 19.000000 -0.002000 10.000000
v 18.000000 -0.002000 10.000000
v 18.000000 -0.002000 10.000000
v 19.000000 -0.002000 10.000000
v 19.000000 -0.002000 11.000000
v 18.000000 -0.002000 11.000000
v 18.000000 -0.002000 11.000000
v 19.000000 -0.002000 11.000000
v 19.000000 -0.002000 12.000000
v 18.000000 -0.002000 12.000000
v 18.000000 -0.002000 12.000000
v 19.000000 -0.002000 12.000000
v 19.000000 -0.002000 13.000000
v 18.000000 -0.002000 13.000000
v 18.000000 -0.002000 13.000000
v 19.000000 -0.002000 13.000000
v 19.000000 -0.002000 14.000000
v 18.000000 -0.002000 14.000000
v 18.000000 -0.002000 14.000000
v 19.000000 -0.002000 14.000000
v 19.000000 -0.002000 15.000000
v 18.000000 -0.002000 15.000000
v 18.000000 -0.002000 15.000000
v 19.000000 -0.002000 15.000000
v 19.000000 -0.002000 16.000000
v 18.000000 -0.002000 16.000000
v 18.000000 -0.002000 16.000000
v 19.000000 -0.002000 16.000000
v 19.000000 -0.002000 17.000000
v 18.000000 -0.002000 17.000000
v 18.000000 -0.002000 17.000000
v 19.000000 -0.002000 17.000000
v 19.000000 -0.002000 18.000000
v 18.000000 -0.002000 18.000000
v 18.000000 -0.002000 18.000000
v 19.000000 -0.002000 18.000000
v 19.000000 -0.002000 19.000000
v 18.000000 -0.002000 19.000000
v 18.000000 -0.002000 19.000000
v 19.000000 -0.002000 19.000000
v 19.000000 -0.002000 20.000000
v 18.000000 -0.002000 20.000000
v 18.000000 -0.002000 20.000000
v 19.000000 -0.002000 20.000000
v 19.000000 -0.002000 21.000000
v 18.000000 -0.002000 21.000000
v 18.000000 -0.002000 21.000000
v 19.000000 -0.002000 21.000000
v 19.000000 -0.002000 22.000000
v 18.000000 -0.002000 22.000000
v 18.000000 -0.002000 22.000000
v 19.000000 -0.002000 22.000000
v 19.000000 -0.002000 23.000000
v 18.000000 -0.002000 23.000000
v 18.000000 -0.002000 23.000000
v 19.000000 -0.002000 23.000000
v 19.000000 -0.002000 24.000000
v 18.000000 -0.002000 24.000000
v 18.000000 -0.002000 24.000000
v 19.000000 -0.002000 24.000000
v 19.000000 -0.002000 25.000000
v 18.000000 -0.002000 25.000000
v 18.000000 -0.002000 25.000000
v 19.000000 -0.002000 25.000000
v 19.000000 -0.002000 26.000000
v 18.000000 -0.002000 26.000000
v 18.000000 -0.002000 26.000000
v 19.000000 -0.002000 26.000000
v 19.000000 -0.002000 27.000000
v 18.000000 -0.002000 27.000000
v 18.000000 -0.002000 27.000000
v 19.000000 -0.002000 27.000000
v 19.000000 -0.002000 28.000000
v 18.000000 -0.002000 28.000000
v 18.000000 -0.002000 28.000000
v 19.000000 -0.002000 28.000000
v 19.000000 -0.002000 29.000000
v 18.000000 -0.002000 29.000000
v 18.000000 -0.002000 29.000000
v 19.000000 -0.002000 29.000000
v 19.000000 -0.002000 30.000000
v 18.000000 -0.002000 30.000000
v 18.000000 -0.002000 30.000000
v 19.000000 -0.002000 30.000000
v 19.000000 -0.002000 31.000000
v 18.000000 -0.002000 31.000000
v 18.000000 -0.002000 31.000000
v 19.000000 -0.002000 31.000000
v 19.000000 -0.002000 32.000000
v 18.000000 -0.002000 32.000000
v 18.000000 -0.002000 32.000000
v 19.000000 -0.002000 32.000000
v 19.000000 -0.002000 33.000000
v 18.000000 -0.002000 33.000000
v 18.000000 -0.002000 33.000000
v 19.000000 -0.002000 33.000000
v 19.000000 -0.002000 34.000000
v 18.000000 -0.002000 34.000000
v 18.000000 -0.002000 34.000000
v 19.000000 -0.002000 34.000000
v 19.000000 -0.002000 35.000000
v 18.000000 -0.002000 35.000000
v 19.000000 -0.002000 0.000000
v 20.000000 -0.002000 0.000000
v 20.000000 -0.002000 1.000000
v 19.000000 -0.002000 1.000000
v 19.000000 -0.002000 1.000000
v 20.000000 -0.002000 1.000000
v 20.000000 -0.002000 2.000000
v 19.000000 -0.002000 2.000000
v 19.000000 -0.002000 2.000000
v 20.000000 -0.002000 2.000000
v 20.000000 -0.002000 3.000000
v 19.000000 -0.002000 3.000000
v 19.000000 -0.002000 3.000000
v 20.000000 -0.002000 3.000000
v 20.000000 -0.002000 4.000000
v 19.000000 -0.002000 4.000000
v 19.000000 -0.002000 4.000000
v 20.000000 -0.002000 4.000000
v 20.000000 -0.002000 5.000000
v 19.000000 -0.002000 5.000000
v 19.000000 -0.002000 5.000000
v 20.000000 -0.002000 5.000000
v 20.000000 -0.002000 6.000000
v 19.000000 -0.002000 6.000000
v 19.000000 -0.002000 6.000000
v 20.000000 -0.002000 6.000000
v 20.000000 -0.002000 7.000000
v 19.000000 -0.002000 7.000000
v 19.000000 -0.002000 7.000000
v 20.000000 -0.002000 7.000000
v 20.000000 -0.002000 8.000000
v 19.000000 -0.002000 8.000000
v 19.000000 -0.002000 8.000000
v 20.000000 -0.002000 8.000000
v 20.000000 -0.002000 9.000000
v 19.000000 -0.002000 9.000000
v 19.000000 -0.002000 9.000000
v 20.000000 -0.002000 9.000000
v 20.000000 -0.002000 10.000000
v 19.000000 -0.002000 10.000000
v 19.000000 -0.002000 10.000000
v 20.000000 -0.002000 10.000000
v 20.000000 -0.002000 11.000000
v 19.000000 -0.002000 11.000000
v 19.000000 -0.002000 11.000000
v 20.000000 -0.002000 11.000000
v 20.000000 -0.002000 12.000000
v 19.000000 -0.002000 12.000000
v 19.000000 -0.002000 12.000000
v 20.000000 -0.002000 12.000000
v 20.000000 -0.002000 13.000000
v 19.000000 -0.002000 13.000000
v 19.000000 -0.002000 13.000000
v 20.000000 -0.002000 13.000000
v 20.000000 -0.002000 14.000000
v 19.000000 -0.002000 14.000000
v 19.000000 -0.002000 14.000000
v 20.000000 -0.002000 14.000000
v 20.000000 -0.002000 15.000000
v 19.000000 -0.002000 15.000000
v 19.000000 -0.002000 15.000000
v 20.000000 -0.002000 15.000000
v 20.000000 -0.002000 16.000000
v 19.000000 -0.002000 16.000000
v 19.000000 -0.002000 16.000000
v 20.000000 -0.002000 16.000000
v 20.000000 -0.002000 17.000000
v 19.000000 -0.002000 17.000000
v 19.000000 -0.002000 17.000000
v 20.000000 -0.002000 17.000000
v 20.000000 -0.002000 18.000000
v 19.000000 -0.002000 18.000000
v 19.000000 -0.002000 18.000000
v 20.000000 -0.002000 18.000000
v 20.000000 -0.002000 19.000000
v 19.000000 -0.002000 19.000000
v 19.000000 -0.002000 19.000000
v 20.000000 -0.002000 19.000000
v 20.000000 -0.002000 20.000000
v 19.000000 -0.002000 20.000000
v 19.000000 -0.002000 20.000000
v 20.000000 -0.002000 20.000000
v 20.000000 -0.002000 21.000000
v 19.000000 -0.002000 21.000000
v 19.000000 -0.002000 21.000000
v 20.000000 -0.002000 21.000000
v 20.000000 -0.002000 22.000000
v 19.000000 -0.002000 22.000000
v 19.000000 -0.002000 22.000000
v 20.000000 -0.002000 22.000000
v 20.000000 -0.002000 23.000000
v 19.000000 -0.002000 23.000000
v 19.000000 -0.002000 23.000000
v 20.000000 -0.002000 23.000000
v 20.000000 -0.002000 24.000000
v 19.000000 -0.002000 24.000000
v 19.000000 -0.002000 24.000000
v 20.000000 -0.002000 24.000000
v 20.000000 -0.002000 25.000000
v 19.000000 -0.002000 25.000000
v 19.000000 -0.002000 25.000000
v 20.000000 -0.002000 25.000000
v 20.000000 -0.002000 26.000000
v 19.000000 -0.002000 26.000000
v 19.000000 -0.002000 26.000000
v 20.000000 -0.002000 26.000000
v 20.000000 -0.002000 27.000000
v 19.000000 -0.002000 27.000000
v 19.000000 -0.002000 27.000000
v 20.000000 -0.002000 27.000000
v 20.000000 -0.002000 28.000000
v 19.000000 -0.002000 28.000000
v 19.000000 -0.002000 28.000000
v 20.000000 -0.002000 28.000000
v 20.000000 -0.002000 29.000000
v 19.000000 -0.002000 29.000000
v 19.000000 -0.002000 29.000000
v 20.000000 -0.002000 29.000000
v 20.000000 -0.002000 30.000000
v 19.000000 -0.002000 30.000000
v 19.000000 -0.002000 30.000000
v 20.000000 -0.002000 30.000000
v 20.000000 -0.002000 31.000000
v 19.000000 -0.002000 31.000000
v 19.000000 -0.002000 31.000000
v 20.000000 -0.002000 31.000000
v 20.000000 -0.002000 32.000000
v 19.000000 -0.002000 32.000000
v 19.000000 -0.002000 32.000000
v 20.000000 -0.002000 32.000000
v 20.000000 -0.002000 33.000000
v 19.000000 -0.002000 33.000000
v 19.000000 -0.002000 33.000000
v 20.000000 -0.002000 33.000000
v 20.000000 -0.002000 34.000000
v 19.000000 -0.002000 34.000000
v 19.000000 -0.002000 34.000000
v 20.000000 -0.002000 34.000000
v 20.000000 -0.002000 35.000000
v 19.000000 -0.002000 35.000000
vt 0.000000 0.983871
vt 0.125000 0.983871
vt 0.125000 1.000000
vt 0.000000 1.000000
vt 0.000000 0.983871
vt 0.125000 0.983871
vt 0.125000 1.000000
vt 0.000000 1.000000
vt 0.000000 0.983871
vt 0.125000 0.983871
vt 0.125000 1.000000
vt 0.000000 1.000000
vt 0.000000 0.983871
vt 0.125000 0.983871
vt 0.125000 1.000000
vt 0.000000 1.000000
vt 0.000000 0.983871
vt 0.125000 0.983871
vt 0.125000 1.000000
vt 0.000000 1.000000
vt 0.000000 0.983871
vt 0.125000 0.983871
vt 0.125000 1.000000
vt 0.000000 1.000000
vt 0.000000 0.983871
vt 0.125000 0.983871
vt 0.125000 1.000000
vt 0.000000 1.000000
vt 0.000000 0.983871
vt 0.125000 0.983871
vt 0.125000 1.000000
vt 0.000000 1.000000
vt 0.000000 0.983871
vt 0.125000 0.983871
vt 0.125000 1.000000
vt 0.000000 1.000000
vt 0.000000 0.983871
vt 0.125000 0.983871
vt 0.125000 1.000000
vt 0.000000 1.000000
vt 0.000000 0.983871
vt 0.125000 0.983871
vt 0.125000 1.000000
vt 0.000000 1.000000
vt 0.000000 0.983871
vt 0.125000 0.983871
vt 0.125000 1.000000
vt 0.000000 1.000000
vt 0.000000 0.983871
vt 0.125000 0.983871
vt 0.125000 1.000000
vt 0.000000 1.000000
vt 0.000000 0.983871
vt 0.125000 0.983871
vt 0.125000 1.000000
vt 0.000000 1.000000
vt 0.000000 0.983871
vt 0.125000 0.983871
vt 0.125000 1.000000
vt 0.000000 1.000000
vt 0.000000 0.983871
vt 0.125000 0.983871
vt 0.125000 1.000000
vt 0.000000 1.000000
vt 0.000000 0.983871
vt 0.125000 0.983871
vt 0.125000 1.000000
vt 0.000000 1.000000
vt 0.000000 0.983871
vt 0.125000 0.983871
vt 0.125000 1.000000
vt 0.000000 1.000000
vt 0.000000 0.983871
vt 0.125000 0.983871
vt 0.125000 1.000000
vt 0.000000 1.000000
vt 0.000000 0.983871
vt 0.125000 0.983871
vt 0.125000 1.000000
vt 0.000000 1.000000
vt 0.000000 0.983871
vt 0.125000 0.983871
vt 0.125000 1.000000
vt 0.000000 1.000000
vt 0.000000 0.983871
vt 0.125000 0.983871
vt 0.125000 1.000000
vt 0.000000 1.000000
vt 0.000000 0.983871
vt 0.125000 0.983871
vt 0.125000 1.000000
vt 0.000000 1.000000
vt 0.000000 0.983871
vt 0.125000 0.983871
vt 0.125000 1.000000
vt 0.000000 1.000000
vt 0.000000 0.983871
vt 0.125000 0.983871
vt 0.125000 1.000000
vt 0.000000 1.000000
vt 0.000000 0.983871
vt 0.125000 0.983871
vt 0.125000 1.000000
vt 0.000000 1.000000
vt 0.000000 0.983871
vt 0.125000 0.983871
vt 0.125000 1.000000
vt 0.000000 1.000000
vt 0.000000 0.983871
vt 0.125000 0.983871
vt 0.125000 1.000000
vt 0.000000 1.000000
vt 0.000000 0.983871
vt 0.125000 0.983871
vt 0.125000 1.000000
vt 0.000000 1.000000
vt 0.000000 0.983871
vt 0.125000 0.983871
vt 0.125000 1.000000
vt 0.000000 1.000000
vt 0.000000 0.983871
vt 0.125000 0.983871
vt 0.125000 1.000000
vt 0.000000 1.000000
vt 0.000000 0.983871
vt 0.125000 0.983871
vt 0.125000 1.000000
vt 0.000000 1.000000
vt 0.000000 0.983871
vt 0.125000 0.983871
vt 0.125000 1.000000
vt 0.000000 1.000000
vt 0.000000 0.983871
vt 0.125000 0.983871
vt 0.125000 1.000000
vt 0.000000 1.000000
vt 0.000000 0.983871
vt 0.125000 0.983871
vt 0.125000 1.000000
vt 0.000000 1.000000
vt 0.000000 0.983871
vt 0.125000 0.983871
vt 0.125000 1.000000
vt 0.000000 1.000000
vt 0.000000 0.983871
vt 0.125000 0.983871
vt 0.125000 1.000000
vt 0.000000 1.000000
vt 0.000000 0.983871
vt 0.125000 0.983871
vt 0.125000 1.000000
vt 0.000000 1.000000
vt 0.000000 0.983871
vt 0.125000 0.983871
vt 0.125000 1.000000
vt 0.000000 1.000000
vt 0.000000 0.983871
vt 0.125000 0.983871
vt 0.125000 1.000000
vt 0.000000 1.000000
vt 0.000000 0.983871
vt 0.125000 0.983871
vt 0.125000 1.000000
vt 0.000000 1.000000
vt 0.000000 0.983871
vt 0.125000 0.983871
vt 0.125000 1.000000
vt 0.000000 1.000000
vt 0.000000 0.983871
vt 0.125000 0.983871
vt 0.125000 1.000000
vt 0.000000 1.000000
vt 0.000000 0.983871
vt 0.125000 0.983871
vt 0.125000 1.000000
vt 0.000000 1.000000
vt 0.000000 0.983871
vt 0.125000 0.983871
vt 0.125000 1.000000
vt 0.000000 1.000000
vt 0.000000 0.983871
vt 0.125000 0.983871
vt 0.125000 1.000000
vt 0.000000 1.000000
vt 0.000000 0.983871
vt 0.125000 0.983871
vt 0.125000 1.000000
vt 0.000000 1.000000
vt 0.000000 0.983871
vt 0.125000 0.983871
vt 0.125000 1.000000
vt 0.000000 1.000000
vt 0.000000 0.983871
vt 0.125000 0.983871
vt 0.125000 1.000000
vt 0.000000 1.000000
vt 0.000000 0.983871
vt 0.125000 0.983871
vt 0.125000 1.000000
vt 0.000000 1.000000
vt 0.000000 0.983871
vt 0.125000 0.983871
vt 0.125000 1.000000
vt 0.000000 1.000000
vt 0.000000 0.983871
vt 0.125000 0.983871
vt 0.125000 1.000000
vt 0.000000 1.000000
vt 0.000000 0.983871
vt 0.125000 0.983871
vt 0.125000 1.000000
vt 0.000000 1.000000
vt 0.000000 0.983871
vt 0.125000 0.983871
vt 0.125000 1.000000
vt 0.000000 1.000000
vt 0.000000 0.983871
vt 0.125000 0.983871
vt 0.125000 1.000000
vt 0.000000 1.000000
vt 0.000000 0.983871
vt 0.125000 0.983871
vt 0.125000 1.000000
vt 0.000000 1.000000
vt 0.000000 0.983871
vt 0.125000 0.983871
vt 0.125000 1.000000
vt 0.000000 1.000000
vt 0.000000 0.983871
vt 0.125000 0.983871
vt 0.125000 1.000000
vt 0.000000 1.000000
vt 0.000000 0.983871
vt 0.125000 0.983871
vt 0.125000 1.000000
vt 0.000000 1.000000
vt 0.000000 0.983871
vt 0.125000 0.983871
vt 0.125000 1.000000
vt 0.000000 1.000000
vt 0.000000 0.983871
vt 0.125000 0.983871
vt 0.125000 1.000000
vt 0.000000 1.000000
vt 0.000000 0.983871
vt 0.125000 0.983871
vt 0.125000 1.000000
vt 0.000000 1.000000
vt 0.000000 0.983871
vt 0.125000 0.983871
vt 0.125000 1.000000
vt 0.000000 1.000000
vt 0.000000 0.983871
vt 0.125000 0.983871
vt 0.125000 1.000000
vt 0.000000 1.000000
vt 0.000000 0.983871
vt 0.125000 0.983871
vt 0.125000 1.000000
vt 0.000000 1.000000
vt 0.000000 0.983871
vt 0.125000 0.983871
vt 0.125000 1.000000
vt 0.000000 1.000000
vt 0.000000 0.983871
vt 0.125000 0.983871
vt 0.125000 1.000000
vt 0.000000 1.000000
vt 0.000000 0.983871
vt 0.125000 0.983871
vt 0.125000 1.000000
vt 0.000000 1.000000
vt 0.000000 0.983871
vt 0.125000 0.983871
vt 0.125000 1.000000
vt 0.000000 1.000000
vt 0.000000 0.983871
vt 0.125000 0.983871
vt 0.125000 1.000000
vt 0.000000 1.000000
vt 0.000000 0.983871
vt 0.125000 0.983871
vt 0.125000 1.000000
vt 0.000000 1.000000
vt 0.000000 0.983871
vt 0.125000 0.983871
vt 0.125000 1.000000
vt 0.000000 1.000000
vt 0.000000 0.983871
vt 0.125000 0.983871
vt 0.125000 1.000000
vt 0.000000 1.000000
vt 0.000000 0.983871
vt 0.125000 0.983871
vt 0.125000 1.000000
vt 0.000000 1.000000
vt 0.000000 0.983871
vt 0.125000 0.983871
vt 0.125000 1.000000
vt 0.000000 1.000000
vt 0.000000 0.983871
vt 0.125000 0.983871
vt 0.125000 1.000000
vt 0.000000 1.000000
vt 0.000000 0.983871
vt 0.125000 0.983871
vt 0.125000 1.000000
vt 0.000000 1.000000
vt 0.000000 0.983871
vt 0.125000 0.983871
vt 0.125000 1.000000
vt 0.000000 1.000000
vt 0.000000 0.983871
vt 0.125000 0.983871
vt 0.125000 1.000000
vt 0.000000 1.000000
vt 0.000000 0.983871
vt 0.125000 0.983871
vt 0.125000 1.000000
vt 0.000000 1.000000
vt 0.000000 0.983871
vt 0.125000 0.983871
vt 0.125000 1.000000
vt 0.000000 1.000000
vt 0.000000 0.983871
vt 0.125000 0.983871
vt 0.125000 1.000000
vt 0.000000 1.000000
vt 0.000000 0.983871
vt 0.125000 0.983871
vt 0.125000 1.000000
vt 0.000000 1.000000
vt 0.000000 0.983871
vt 0.125000 0.983871
vt 0.125000 1.000000
vt 0.000000 1.000000
vt 0.000000 0.983871
vt 0.125000 0.983871
vt 0.125000 1.000000
vt 0.000000 1.000000
vt 0.000000 0.983871
vt 0.125000 0.983871
vt 0.125000 1.000000
vt 0.000000 1.000000
vt 0.000000 0.983871
vt 0.125000 0.983871
vt 0.125000 1.000000
vt 0.000000 1.000000
vt 0.000000 0.983871
vt 0.125000 0.983871
vt 0.125000 1.000000
vt 0.000000 1.000000
vt 0.000000 0.983871
vt 0.125000 0.983871
vt 0.125000 1.000000
vt 0.000000 1.000000
vt 0.000000 0.983871
vt 0.125000 0.983871
vt 0.125000 1.000000
vt 0.000000 1.000000
vt 0.000000 0.983871
vt 0.125000 0.983871
vt 0.125000 1.000000
vt 0.000000 1.000000
vt 0.000000 0.983871
vt 0.125000 0.983871
vt 0.125000 1.000000
vt 0.000000 1.000000
vt 0.000000 0.983871
vt 0.125000 0.983871
vt 0.125000 1.000000
vt 0.000000 1.000000
vt 0.000000 0.983871
vt 0.125000 0.983871
vt 0.125000 1.000000
vt 0.000000 1.000000
vt 0.000000 0.983871
vt 0.125000 0.983871
vt 0.125000 1.000000
vt 0.000000 1.000000
vt 0.000000 0.983871
vt 0.125000 0.983871
vt 0.125000 1.000000
vt 0.000000 1.000000
vt 0.000000 0.983871
vt 0.125000 0.983871
vt 0.125000 1.000000
vt 0.000000 1.000000
vt 0.000000 0.983871
vt 0.125000 0.983871
vt 0.125000 1.000000
vt 0.000000 1.000000
vt 0.000000 0.983871
vt 0.125000 0.983871
vt 0.125000 1.000000
vt 0.000000 1.000000
vt 0.000000 0.983871
vt 0.125000 0.983871
vt 0.125000 1.000000
vt 0.000000 1.000000
vt 0.000000 0.983871
vt 0.125000 0.983871
vt 0.125000 1.000000
vt 0.000000 1.000000
vt 0.000000 0.983871
vt 0.125000 0.983871
vt 0.125000 1.000000
vt 0.000000 1.000000
vt 0.000000 0.983871
vt 0.125000 0.983871
vt 0.125000 1.000000
vt 0.000000 1.000000
vt 0.000000 0.983871
vt 0.125000 0.983871
vt 0.125000 1.000000
vt 0.000000 1.000000
vt 0.000000 0.983871
vt 0.125000 0.983871
vt 0.125000 1.000000
vt 0.000000 1.000000
vt 0.000000 0.983871
vt 0.125000 0.983871
vt 0.125000 1.000000
vt 0.000000 1.000000
vt 0.000000 0.983871
vt 0.125000 0.983871
vt 0.125000 1.000000
vt 0.000000 1.000000
vt 0.000000 0.983871
vt 0.125000 0.983871
vt 0.125000 1.000000
vt 0.000000 1.000000
vt 0.000000 0.983871
vt 0.125000 0.983871
vt 0.125000 1.000000
vt 0.000000 1.000000
vt 0.000000 0.983871
vt 0.125000 0.983871
vt 0.125000 1.000000
vt 0.000000 1.000000
vt 0.000000 0.983871
vt 0.125000 0.983871
vt 0.125000 1.000000
vt 0.000000 1.000000
vt 0.000000 0.983871
vt 0.125000 0.983871
vt 0.125000 1.000000
vt 0.000000 1.000000
vt 0.000000 0.983871
vt 0.125000 0.983871
vt 0.125000 1.000000
vt 0.000000 1.000000
vt 0.000000 0.983871
vt 0.125000 0.983871
vt 0.125000 1.000000
vt 0.000000 1.000000
vt 0.000000 0.983871
vt 0.125000 0.983871
vt 0.125000 1.000000
vt 0.000000 1.000000
vt 0.000000 0.983871
vt 0.125000 0.983871
vt 0.125000 1.000000
vt 0.000000 1.000000
vt 0.000000 0.983871
vt 0.125000 0.983871
vt 0.125000 1.000000
vt 0.000000 1.000000
vt 0.000000 0.983871
vt 0.125000 0.983871
vt 0.125000 1.000000
vt 0.000000 1.000000
vt 0.000000 0.983871
vt 0.125000 0.983871
vt 0.125000 1.000000
vt 0.000000 1.000000
vt 0.000000 0.983871
vt 0.125000 0.983871
vt 0.125000 1.000000
vt 0.000000 1.000000
vt 0.000000 0.983871
vt 0.125000 0.983871
vt 0.125000 1.000000
vt 0.000000 1.000000
vt 0.000000 0.983871
vt 0.125000 0.983871
vt 0.125000 1.000000
vt 0.000000 1.000000
vt 0.000000 0.983871
vt 0.125000 0.983871
vt 0.125000 1.000000
vt 0.000000 1.000000
vt 0.000000 0.983871
vt 0.125000 0.983871
vt 0.125000 1.000000
vt 0.000000 1.000000
vt 0.000000 0.983871
vt 0.125000 0.983871
vt 0.125000 1.000000
vt 0.000000 1.000000
vt 0.000000 0.983871
vt 0.125000 0.983871
vt 0.125000 1.000000
vt 0.000000 1.000000
vt 0.000000 0.983871
vt 0.125000 0.983871
vt 0.125000 1.000000
vt 0.000000 1.000000
vt 0.000000 0.983871
vt 0.125000 0.983871
vt 0.125000 1.000000
vt 0.000000 1.000000
vt 0.000000 0.983871
vt 0.125000 0.983871
vt 0.125000 1.000000
vt 0.000000 1.000000
vt 0.000000 0.983871
vt 0.125000 0.983871
vt 0.125000 1.000000
vt 0.000000 1.000000
vt 0.000000 0.983871
vt 0.125000 0.983871
vt 0.125000 1.000000
vt 0.000000 1.000000
vt 0.000000 0.983871
vt 0.125000 0.983871
vt 0.125000 1.000000
vt 0.000000 1.000000
vt 0.000000 0.983871
vt 0.125000 0.983871
vt 0.125000 1.000000
vt 0.000000 1.000000
vt 0.000000 0.983871
vt 0.125000 0.983871
vt 0.125000 1.000000
vt 0.000000 1.000000
vt 0.000000 0.983871
vt 0.125000 0.983871
vt 0.125000 1.000000
vt 0.000000 1.000000
vt 0.000000 0.983871
vt 0.125000 0.983871
vt 0.125000 1.000000
vt 0.000000 1.000000
vt 0.000000 0.983871
vt 0.125000 0.983871
vt 0.125000 1.000000
vt 0.000000 1.000000
vt 0.000000 0.983871
vt 0.125000 0.983871
vt 0.125000 1.000000
vt 0.000000 1.000000
vt 0.000000 0.983871
vt 0.125000 0.983871
vt 0.125000 1.000000
vt 0.000000 1.000000
vt 0.000000 0.983871
vt 0.125000 0.983871
vt 0.125000 1.000000
vt 0.000000 1.000000
vt 0.000000 0.983871
vt 0.125000 0.983871
vt 0.125000 1.000000
vt 0.000000 1.000000
vt 0.000000 0.983871
vt 0.125000 0.983871
vt 0.125000 1.000000
vt 0.000000 1.000000
vt 0.000000 0.983871
vt 0.125000 0.983871
vt 0.125000 1.000000
vt 0.000000 1.000000
vt 0.000000 0.983871
vt 0.125000 0.983871
vt 0.125000 1.000000
vt 0.000000 1.000000
vt 0.000000 0.983871
vt 0.125000 0.983871
vt 0.125000 1.000000
vt 0.000000 1.000000
vt 0.000000 0.983871
vt 0.125000 0.983871
vt 0.125000 1.000000
vt 0.000000 1.000000
vt 0.000000 0.983871
vt 0.125000 0.983871
vt 0.125000 1.000000
vt 0.000000 1.000000
vt 0.000000 0.983871
vt 0.125000 0.983871
vt 0.125000 1.000000
vt 0.000000 1.000000
vt 0.000000 0.983871
vt 0.125000 0.983871
vt 0.125000 1.000000
vt 0.000000 1.000000
vt 0.000000 0.983871
vt 0.125000 0.983871
vt 0.125000 1.000000
vt 0.000000 1.000000
vt 0.000000 0.983871
vt 0.125000 0.983871
vt 0.125000 1.000000
vt 0.000000 1.000000
vt 0.000000 0.983871
vt 0.125000 0.983871
vt 0.125000 1.000000
vt 0.000000 1.000000
vt 0.000000 0.983871
vt 0.125000 0.983871
vt 0.125000 1.000000
vt 0.000000 1.000000
vt 0.000000 0.983871
vt 0.125000 0.983871
vt 0.125000 1.000000
vt 0.000000 1.000000
vt 0.000000 0.983871
vt 0.125000 0.983871
vt 0.125000 1.000000
vt 0.000000 1.000000
vt 0.000000 0.983871
vt 0.125000 0.983871
vt 0.125000 1.000000
vt 0.000000 1.000000
vt 0.000000 0.983871
vt 0.125000 0.983871
vt 0.125000 1.000000
vt 0.000000 1.000000
vt 0.000000 0.983871
vt 0.125000 0.983871
vt 0.125000 1.000000
vt 0.000000 1.000000
vt 0.000000 0.983871
vt 0.125000 0.983871
vt 0.125000 1.000000
vt 0.000000 1.000000
vt 0.000000 0.983871
vt 0.125000 0.983871
vt 0.125000 1.000000
vt 0.000000 1.000000
vt 0.000000 0.983871
vt 0.125000 0.983871
vt 0.125000 1.000000
vt 0.000000 1.000000
vt 0.000000 0.983871
vt 0.125000 0.983871
vt 0.125000 1.000000
vt 0.000000 1.000000
vt 0.000000 0.983871
vt 0.125000 0.983871
vt 0.125000 1.000000
vt 0.000000 1.000000
vt 0.000000 0.983871
vt 0.125000 0.983871
vt 0.125000 1.000000
vt 0.000000 1.000000
vt 0.000000 0.983871
vt 0.125000 0.983871
vt 0.125000 1.000000
vt 0.000000 1.000000
vt 0.000000 0.983871
vt 0.125000 0.983871
vt 0.125000 1.000000
vt 0.000000 1.000000
vt 0.000000 0.983871
vt 0.125000 0.983871
vt 0.125000 1.000000
vt 0.000000 1.000000
vt 0.000000 0.983871
vt 0.125000 0.983871
vt 0.125000 1.000000
vt 0.000000 1.000000
vt 0.000000 0.983871
vt 0.125000 0.983871
vt 0.125000 1.000000
vt 0.000000 1.000000
vt 0.000000 0.983871
vt 0.125000 0.983871
vt 0.125000 1.000000
vt 0.000000 1.000000
vt 0.000000 0.983871
vt 0.125000 0.983871
vt 0.125000 1.000000
vt 0.000000 1.000000
vt 0.000000 0.983871
vt 0.125000 0.983871
vt 0.125000 1.000000
vt 0.000000 1.000000
vt 0.000000 0.983871
vt 0.125000 0.983871
vt 0.125000 1.000000
vt 0.000000 1.000000
vt 0.000000 0.983871
vt 0.125000 0.983871
vt 0.125000 1.000000
vt 0.000000 1.000000
vt 0.000000 0.983871
vt 0.125000 0.983871
vt 0.125000 1.000000
vt 0.000000 1.000000
vt 0.000000 0.983871
vt 0.125000 0.983871
vt 0.125000 1.000000
vt 0.000000 1.000000
vt 0.000000 0.983871
vt 0.125000 0.983871
vt 0.125000 1.000000
vt 0.000000 1.000000
vt 0.000000 0.983871
vt 0.125000 0.983871
vt 0.125000 1.000000
vt 0.000000 1.000000
vt 0.000000 0.983871
vt 0.125000 0.983871
vt 0.125000 1.000000
vt 0.000000 1.000000
vt 0.000000 0.983871
vt 0.125000 0.983871
vt 0.125000 1.000000
vt 0.000000 1.000000
vt 0.000000 0.983871
vt 0.125000 0.983871
vt 0.125000 1.000000
vt 0.000000 1.000000
vt 0.000000 0.983871
vt 0.125000 0.983871
vt 0.125000 1.000000
vt 0.000000 1.000000
vt 0.000000 0.983871
vt 0.125000 0.983871
vt 0.125000 1.000000
vt 0.000000 1.000000
vt 0.000000 0.983871
vt 0.125000 0.983871
vt 0.125000 1.000000
vt 0.000000 1.000000
vt 0.000000 0.983871
vt 0.125000 0.983871
vt 0.125000 1.000000
vt 0.000000 1.000000
vt 0.000000 0.983871
vt 0.125000 0.983871
vt 0.125000 1.000000
vt 0.000000 1.000000
vt 0.000000 0.983871
vt 0.125000 0.983871
vt 0.125000 1.000000
vt 0.000000 1.000000
vt 0.000000 0.983871
vt 0.125000 0.983871
vt 0.125000 1.000000
vt 0.000000 1.000000
vt 0.000000 0.983871
vt 0.125000 0.983871
vt 0.125000 1.000000
vt 0.000000 1.000000
vt 0.000000 0.983871
vt 0.125000 0.983871
vt 0.125000 1.000000
vt 0.000000 1.000000
vt 0.000000 0.983871
vt 0.125000 0.983871
vt 0.125000 1.000000
vt 0.000000 1.000000
vt 0.000000 0.983871
vt 0.125000 0.983871
vt 0.125000 1.000000
vt 0.000000 1.000000
vt 0.000000 0.983871
vt 0.125000 0.983871
vt 0.125000 1.000000
vt 0.000000 1.000000
vt 0.000000 0.983871
vt 0.125000 0.983871
vt 0.125000 1.000000
vt 0.000000 1.000000
vt 0.000000 0.983871
vt 0.125000 0.983871
vt 0.125000 1.000000
vt 0.000000 1.000000
vt 0.000000 0.983871
vt 0.125000 0.983871
vt 0.125000 1.000000
vt 0.000000 1.000000
vt 0.000000 0.983871
vt 0.125000 0.983871
vt 0.125000 1.000000
vt 0.000000 1.000000
vt 0.000000 0.983871
vt 0.125000 0.983871
vt 0.125000 1.000000
vt 0.000000 1.000000
vt 0.000000 0.983871
vt 0.125000 0.983871
vt 0.125000 1.000000
vt 0.000000 1.000000
vt 0.000000 0.983871
vt 0.125000 0.983871
vt 0.125000 1.000000
vt 0.000000 1.000000
vt 0.000000 0.983871
vt 0.125000 0.983871
vt 0.125000 1.000000
vt 0.000000 1.000000
vt 0.000000 0.983871
vt 0.125000 0.983871
vt 0.125000 1.000000
vt 0.000000 1.000000
vt 0.000000 0.983871
vt 0.125000 0.983871
vt 0.125000 1.000000
vt 0.000000 1.000000
vt 0.000000 0.983871
vt 0.125000 0.983871
vt 0.125000 1.000000
vt 0.000000 1.000000
vt 0.000000 0.983871
vt 0.125000 0.983871
vt 0.125000 1.000000
vt 0.000000 1.000000
vt 0.000000 0.983871
vt 0.125000 0.983871
vt 0.125000 1.000000
vt 0.000000 1.000000
vt 0.000000 0.983871
vt 0.125000 0.983871
vt 0.125000 1.000000
vt 0.000000 1.000000
vt 0.000000 0.983871
vt 0.125000 0.983871
vt 0.125000 1.000000
vt 0.000000 1.000000
vt 0.000000 0.983871
vt 0.125000 0.983871
vt 0.125000 1.000000
vt 0.000000 1.000000
vt 0.000000 0.983871
vt 0.125000 0.983871
vt 0.125000 1.000000
vt 0.000000 1.000000
vt 0.000000 0.983871
vt 0.125000 0.983871
vt 0.125000 1.000000
vt 0.000000 1.000000
vt 0.000000 0.983871
vt 0.125000 0.983871
vt 0.125000 1.000000
vt 0.000000 1.000000
vt 0.000000 0.983871
vt 0.125000 0.983871
vt 0.125000 1.000000
vt 0.000000 1.000000
vt 0.000000 0.983871
vt 0.125000 0.983871
vt 0.125000 1.000000
vt 0.000000 1.000000
vt 0.000000 0.983871
vt 0.125000 0.983871
vt 0.125000 1.000000
vt 0.000000 1.000000
vt 0.000000 0.983871
vt 0.125000 0.983871
vt 0.125000 1.000000
vt 0.000000 1.000000
vt 0.000000 0.983871
vt 0.125000 0.983871
vt 0.125000 1.000000
vt 0.000000 1.000000
vt 0.000000 0.983871
vt 0.125000 0.983871
vt 0.125000 1.000000
vt 0.000000 1.000000
vt 0.000000 0.983871
vt 0.125000 0.983871
vt 0.125000 1.000000
vt 0.000000 1.000000
vt 0.000000 0.983871
vt 0.125000 0.983871
vt 0.125000 1.000000
vt 0.000000 1.000000
vt 0.000000 0.983871
vt 0.125000 0.983871
vt 0.125000 1.000000
vt 0.000000 1.000000
vt 0.000000 0.983871
vt 0.125000 0.983871
vt 0.125000 1.000000
vt 0.000000 1.000000
vt 0.000000 0.983871
vt 0.125000 0.983871
vt 0.125000 1.000000
vt 0.000000 1.000000
vt 0.000000 0.983871
vt 0.125000 0.983871
vt 0.125000 1.000000
vt 0.000000 1.000000
vt 0.000000 0.983871
vt 0.125000 0.983871
vt 0.125000 1.000000
vt 0.000000 1.000000
vt 0.000000 0.983871
vt 0.125000 0.983871
vt 0.125000 1.000000
vt 0.000000 1.000000
vt 0.000000 0.983871
vt 0.125000 0.983871
vt 0.125000 1.000000
vt 0.000000 1.000000
vt 0.000000 0.983871
vt 0.125000 0.983871
vt 0.125000 1.000000
vt 0.000000 1.000000
vt 0.000000 0.983871
vt 0.125000 0.983871
vt 0.125000 1.000000
vt 0.000000 1.000000
vt 0.000000 0.983871
vt 0.125000 0.983871
vt 0.125000 1.000000
vt 0.000000 1.000000
vt 0.000000 0.983871
vt 0.125000 0.983871
vt 0.125000 1.000000
vt 0.000000 1.000000
vt 0.000000 0.983871
vt 0.125000 0.983871
vt 0.125000 1.000000
vt 0.000000 1.000000
vt 0.000000 0.983871
vt 0.125000 0.983871
vt 0.125000 1.000000
vt 0.000000 1.000000
vt 0.000000 0.983871
vt 0.125000 0.983871
vt 0.125000 1.000000
vt 0.000000 1.000000
vt 0.000000 0.983871
vt 0.125000 0.983871
vt 0.125000 1.000000
vt 0.000000 1.000000
vt 0.000000 0.983871
vt 0.125000 0.983871
vt 0.125000 1.000000
vt 0.000000 1.000000
vt 0.000000 0.983871
vt 0.125000 0.983871
vt 0.125000 1.000000
vt 0.000000 1.000000
vt 0.000000 0.983871
vt 0.125000 0.983871
vt 0.125000 1.000000
vt 0.000000 1.000000
vt 0.000000 0.983871
vt 0.125000 0.983871
vt 0.125000 1.000000
vt 0.000000 1.000000
vt 0.000000 0.983871
vt 0.125000 0.983871
vt 0.125000 1.000000
vt 0.000000 1.000000
vt 0.000000 0.983871
vt 0.125000 0.983871
vt 0.125000 1.000000
vt 0.000000 1.000000
vt 0.000000 0.983871
vt 0.125000 0.983871
vt 0.125000 1.000000
vt 0.000000 1.000000
vt 0.000000 0.983871
vt 0.125000 0.983871
vt 0.125000 1.000000
vt 0.000000 1.000000
vt 0.000000 0.983871
vt 0.125000 0.983871
vt 0.125000 1.000000
vt 0.000000 1.000000
vt 0.000000 0.983871
vt 0.125000 0.983871
vt 0.125000 1.000000
vt 0.000000 1.000000
vt 0.000000 0.983871
vt 0.125000 0.983871
vt 0.125000 1.000000
vt 0.000000 1.000000
vt 0.000000 0.983871
vt 0.125000 0.983871
vt 0.125000 1.000000
vt 0.000000 1.000000
vt 0.000000 0.983871
vt 0.125000 0.983871
vt 0.125000 1.000000
vt 0.000000 1.000000
vt 0.000000 0.983871
vt 0.125000 0.983871
vt 0.125000 1.000000
vt 0.000000 1.000000
vt 0.000000 0.983871
vt 0.125000 0.983871
vt 0.125000 1.000000
vt 0.000000 1.000000
vt 0.000000 0.983871
vt 0.125000 0.983871
vt 0.125000 1.000000
vt 0.000000 1.000000
vt 0.000000 0.983871
vt 0.125000 0.983871
vt 0.125000 1.000000
vt 0.000000 1.000000
vt 0.000000 0.983871
vt 0.125000 0.983871
vt 0.125000 1.000000
vt 0.000000 1.000000
vt 0.000000 0.983871
vt 0.125000 0.983871
vt 0.125000 1.000000
vt 0.000000 1.000000
vt 0.000000 0.983871
vt 0.125000 0.983871
vt 0.125000 1.000000
vt 0.000000 1.000000
vt 0.000000 0.983871
vt 0.125000 0.983871
vt 0.125000 1.000000
vt 0.000000 1.000000
vt 0.000000 0.983871
vt 0.125000 0.983871
vt 0.125000 1.000000
vt 0.000000 1.000000
vt 0.000000 0.983871
vt 0.125000 0.983871
vt 0.125000 1.000000
vt 0.000000 1.000000
vt 0.000000 0.983871
vt 0.125000 0.983871
vt 0.125000 1.000000
vt 0.000000 1.000000
vt 0.000000 0.983871
vt 0.125000 0.983871
vt 0.125000 1.000000
vt 0.000000 1.000000
vt 0.000000 0.983871
vt 0.125000 0.983871
vt 0.125000 1.000000
vt 0.000000 1.000000
vt 0.000000 0.983871
vt 0.125000 0.983871
vt 0.125000 1.000000
vt 0.000000 1.000000
vt 0.000000 0.983871
vt 0.125000 0.983871
vt 0.125000 1.000000
vt 0.000000 1.000000
vt 0.000000 0.983871
vt 0.125000 0.983871
vt 0.125000 1.000000
vt 0.000000 1.000000
vt 0.000000 0.983871
vt 0.125000 0.983871
vt 0.125000 1.000000
vt 0.000000 1.000000
vt 0.000000 0.983871
vt 0.125000 0.983871
vt 0.125000 1.000000
vt 0.000000 1.000000
vt 0.000000 0.983871
vt 0.125000 0.983871
vt 0.125000 1.000000
vt 0.000000 1.000000
vt 0.000000 0.983871
vt 0.125000 0.983871
vt 0.125000 1.000000
vt 0.000000 1.000000
vt 0.000000 0.983871
vt 0.125000 0.983871
vt 0.125000 1.000000
vt 0.000000 1.000000
vt 0.000000 0.983871
vt 0.125000 0.983871
vt 0.125000 1.000000
vt 0.000000 1.000000
vt 0.000000 0.983871
vt 0.125000 0.983871
vt 0.125000 1.000000
vt 0.000000 1.000000
vt 0.000000 0.983871
vt 0.125000 0.983871
vt 0.125000 1.000000
vt 0.000000 1.000000
vt 0.000000 0.983871
vt 0.125000 0.983871
vt 0.125000 1.000000
vt 0.000000 1.000000
vt 0.000000 0.983871
vt 0.125000 0.983871
vt 0.125000 1.000000
vt 0.000000 1.000000
vt 0.000000 0.983871
vt 0.125000 0.983871
vt 0.125000 1.000000
vt 0.000000 1.000000
vt 0.000000 0.983871
vt 0.125000 0.983871
vt 0.125000 1.000000
vt 0.000000 1.000000
vt 0.000000 0.983871
vt 0.125000 0.983871
vt 0.125000 1.000000
vt 0.000000 1.000000
vt 0.000000 0.983871
vt 0.125000 0.983871
vt 0.125000 1.000000
vt 0.000000 1.000000
vt 0.000000 0.983871
vt 0.125000 0.983871
vt 0.125000 1.000000
vt 0.000000 1.000000
vt 0.000000 0.983871
vt 0.125000 0.983871
vt 0.125000 1.000000
vt 0.000000 1.000000
vt 0.000000 0.983871
vt 0.125000 0.983871
vt 0.125000 1.000000
vt 0.000000 1.000000
vt 0.000000 0.983871
vt 0.125000 0.983871
vt 0.125000 1.000000
vt 0.000000 1.000000
vt 0.000000 0.983871
vt 0.125000 0.983871
vt 0.125000 1.000000
vt 0.000000 1.000000
vt 0.000000 0.983871
vt 0.125000 0.983871
vt 0.125000 1.000000
vt 0.000000 1.000000
vt 0.000000 0.983871
vt 0.125000 0.983871
vt 0.125000 1.000000
vt 0.000000 1.000000
vt 0.000000 0.983871
vt 0.125000 0.983871
vt 0.125000 1.000000
vt 0.000000 1.000000
vt 0.000000 0.983871
vt 0.125000 0.983871
vt 0.125000 1.000000
vt 0.000000 1.000000
vt 0.000000 0.983871
vt 0.125000 0.983871
vt 0.125000 1.000000
vt 0.000000 1.000000
vt 0.000000 0.983871
vt 0.125000 0.983871
vt 0.125000 1.000000
vt 0.000000 1.000000
vt 0.000000 0.983871
vt 0.125000 0.983871
vt 0.125000 1.000000
vt 0.000000 1.000000
vt 0.000000 0.983871
vt 0.125000 0.983871
vt 0.125000 1.000000
vt 0.000000 1.000000
vt 0.000000 0.983871
vt 0.125000 0.983871
vt 0.125000 1.000000
vt 0.000000 1.000000
vt 0.000000 0.983871
vt 0.125000 0.983871
vt 0.125000 1.000000
vt 0.000000 1.000000
vt 0.000000 0.983871
vt 0.125000 0.983871
vt 0.125000 1.000000
vt 0.000000 1.000000
vt 0.000000 0.983871
vt 0.125000 0.983871
vt 0.125000 1.000000
vt 0.000000 1.000000
vt 0.000000 0.983871
vt 0.125000 0.983871
vt 0.125000 1.000000
vt 0.000000 1.000000
vt 0.000000 0.983871
vt 0.125000 0.983871
vt 0.125000 1.000000
vt 0.000000 1.000000
vt 0.000000 0.983871
vt 0.125000 0.983871
vt 0.125000 1.000000
vt 0.000000 1.000000
vt 0.000000 0.983871
vt 0.125000 0.983871
vt 0.125000 1.000000
vt 0.000000 1.000000
vt 0.000000 0.983871
vt 0.125000 0.983871
vt 0.125000 1.000000
vt 0.000000 1.000000
vt 0.000000 0.983871
vt 0.125000 0.983871
vt 0.125000 1.000000
vt 0.000000 1.000000
vt 0.000000 0.983871
vt 0.125000 0.983871
vt 0.125000 1.000000
vt 0.000000 1.000000
vt 0.000000 0.983871
vt 0.125000 0.983871
vt 0.125000 1.000000
vt 0.000000 1.000000
vt 0.000000 0.983871
vt 0.125000 0.983871
vt 0.125000 1.000000
vt 0.000000 1.000000
vt 0.000000 0.983871
vt 0.125000 0.983871
vt 0.125000 1.000000
vt 0.000000 1.000000
vt 0.000000 0.983871
vt 0.125000 0.983871
vt 0.125000 1.000000
vt 0.000000 1.000000
vt 0.000000 0.983871
vt 0.125000 0.983871
vt 0.125000 1.000000
vt 0.000000 1.000000
vt 0.000000 0.983871
vt 0.125000 0.983871
vt 0.125000 1.000000
vt 0.000000 1.000000
vt 0.000000 0.983871
vt 0.125000 0.983871
vt 0.125000 1.000000
vt 0.000000 1.000000
vt 0.000000 0.983871
vt 0.125000 0.983871
vt 0.125000 1.000000
vt 0.000000 1.000000
vt 0.000000 0.983871
vt 0.125000 0.983871
vt 0.125000 1.000000
vt 0.000000 1.000000
vt 0.000000 0.983871
vt 0.125000 0.983871
vt 0.125000 1.000000
vt 0.000000 1.000000
vt 0.000000 0.983871
vt 0.125000 0.983871
vt 0.125000 1.000000
vt 0.000000 1.000000
vt 0.000000 0.983871
vt 0.125000 0.983871
vt 0.125000 1.000000
vt 0.000000 1.000000
vt 0.000000 0.983871
vt 0.125000 0.983871
vt 0.125000 1.000000
vt 0.000000 1.000000
vt 0.000000 0.983871
vt 0.125000 0.983871
vt 0.125000 1.000000
vt 0.000000 1.000000
vt 0.000000 0.983871
vt 0.125000 0.983871
vt 0.125000 1.000000
vt 0.000000 1.000000
vt 0.000000 0.983871
vt 0.125000 0.983871
vt 0.125000 1.000000
vt 0.000000 1.000000
vt 0.000000 0.983871
vt 0.125000 0.983871
vt 0.125000 1.000000
vt 0.000000 1.000000
vt 0.000000 0.983871
vt 0.125000 0.983871
vt 0.125000 1.000000
vt 0.000000 1.000000
vt 0.000000 0.983871
vt 0.125000 0.983871
vt 0.125000 1.000000
vt 0.000000 1.000000
vt 0.000000 0.983871
vt 0.125000 0.983871
vt 0.125000 1.000000
vt 0.000000 1.000000
vt 0.000000 0.983871
vt 0.125000 0.983871
vt 0.125000 1.000000
vt 0.000000 1.000000
vt 0.000000 0.983871
vt 0.125000 0.983871
vt 0.125000 1.000000
vt 0.000000 1.000000
vt 0.000000 0.983871
vt 0.125000 0.983871
vt 0.125000 1.000000
vt 0.000000 1.000000
vt 0.000000 0.983871
vt 0.125000 0.983871
vt 0.125000 1.000000
vt 0.000000 1.000000
vt 0.000000 0.983871
vt 0.125000 0.983871
vt 0.125000 1.000000
vt 0.000000 1.000000
vt 0.000000 0.983871
vt 0.125000 0.983871
vt 0.125000 1.000000
vt 0.000000 1.000000
vt 0.000000 0.983871
vt 0.125000 0.983871
vt 0.125000 1.000000
vt 0.000000 1.000000
vt 0.000000 0.983871
vt 0.125000 0.983871
vt 0.125000 1.000000
vt 0.000000 1.000000
vt 0.000000 0.983871
vt 0.125000 0.983871
vt 0.125000 1.000000
vt 0.000000 1.000000
vt 0.000000 0.983871
vt 0.125000 0.983871
vt 0.125000 1.000000
vt 0.000000 1.000000
vt 0.000000 0.983871
vt 0.125000 0.983871
vt 0.125000 1.000000
vt 0.000000 1.000000
vt 0.000000 0.983871
vt 0.125000 0.983871
vt 0.125000 1.000000
vt 0.000000 1.000000
vt 0.000000 0.983871
vt 0.125000 0.983871
vt 0.125000 1.000000
vt 0.000000 1.000000
vt 0.000000 0.983871
vt 0.125000 0.983871
vt 0.125000 1.000000
vt 0.000000 1.000000
vt 0.000000 0.983871
vt 0.125000 0.983871
vt 0.125000 1.000000
vt 0.000000 1.000000
vt 0.000000 0.983871
vt 0.125000 0.983871
vt 0.125000 1.000000
vt 0.000000 1.000000
vt 0.000000 0.983871
vt 0.125000 0.983871
vt 0.125000 1.000000
vt 0.000000 1.000000
vt 0.000000 0.983871
vt 0.125000 0.983871
vt 0.125000 1.000000
vt 0.000000 1.000000
vt 0.000000 0.983871
vt 0.125000 0.983871
vt 0.125000 1.000000
vt 0.000000 1.000000
vt 0.000000 0.983871
vt 0.125000 0.983871
vt 0.125000 1.000000
vt 0.000000 1.000000
vt 0.000000 0.983871
vt 0.125000 0.983871
vt 0.125000 1.000000
vt 0.000000 1.000000
vt 0.000000 0.983871
vt 0.125000 0.983871
vt 0.125000 1.000000
vt 0.000000 1.000000
vt 0.000000 0.983871
vt 0.125000 0.983871
vt 0.125000 1.000000
vt 0.000000 1.000000
vt 0.000000 0.983871
vt 0.125000 0.983871
vt 0.125000 1.000000
vt 0.000000 1.000000
vt 0.000000 0.983871
vt 0.125000 0.983871
vt 0.125000 1.000000
vt 0.000000 1.000000
vt 0.000000 0.983871
vt 0.125000 0.983871
vt 0.125000 1.000000
vt 0.000000 1.000000
vt 0.000000 0.983871
vt 0.125000 0.983871
vt 0.125000 1.000000
vt 0.000000 1.000000
vt 0.000000 0.983871
vt 0.125000 0.983871
vt 0.125000 1.000000
vt 0.000000 1.000000
vt 0.000000 0.983871
vt 0.125000 0.983871
vt 0.125000 1.000000
vt 0.000000 1.000000
vt 0.000000 0.983871
vt 0.125000 0.983871
vt 0.125000 1.000000
vt 0.000000 1.000000
vt 0.000000 0.983871
vt 0.125000 0.983871
vt 0.125000 1.000000
vt 0.000000 1.000000
vt 0.000000 0.983871
vt 0.125000 0.983871
vt 0.125000 1.000000
vt 0.000000 1.000000
vt 0.000000 0.983871
vt 0.125000 0.983871
vt 0.125000 1.000000
vt 0.000000 1.000000
vt 0.000000 0.983871
vt 0.125000 0.983871
vt 0.125000 1.000000
vt 0.000000 1.000000
vt 0.000000 0.983871
vt 0.125000 0.983871
vt 0.125000 1.000000
vt 0.000000 1.000000
vt 0.000000 0.983871
vt 0.125000 0.983871
vt 0.125000 1.000000
vt 0.000000 1.000000
vt 0.000000 0.983871
vt 0.125000 0.983871
vt 0.125000 1.000000
vt 0.000000 1.000000
vt 0.000000 0.983871
vt 0.125000 0.983871
vt 0.125000 1.000000
vt 0.000000 1.000000
vt 0.000000 0.983871
vt 0.125000 0.983871
vt 0.125000 1.000000
vt 0.000000 1.000000
vt 0.000000 0.983871
vt 0.125000 0.983871
vt 0.125000 1.000000
vt 0.000000 1.000000
vt 0.000000 0.983871
vt 0.125000 0.983871
vt 0.125000 1.000000
vt 0.000000 1.000000
vt 0.000000 0.983871
vt 0.125000 0.983871
vt 0.125000 1.000000
vt 0.000000 1.000000
vt 0.000000 0.983871
vt 0.125000 0.983871
vt 0.125000 1.000000
vt 0.000000 1.000000
vt 0.000000 0.983871
vt 0.125000 0.983871
vt 0.125000 1.000000
vt 0.000000 1.000000
vt 0.000000 0.983871
vt 0.125000 0.983871
vt 0.125000 1.000000
vt 0.000000 1.000000
vt 0.000000 0.983871
vt 0.125000 0.983871
vt 0.125000 1.000000
vt 0.000000 1.000000
vt 0.000000 0.983871
vt 0.125000 0.983871
vt 0.125000 1.000000
vt 0.000000 1.000000
vt 0.000000 0.983871
vt 0.125000 0.983871
vt 0.125000 1.000000
vt 0.000000 1.000000
vt 0.000000 0.983871
vt 0.125000 0.983871
vt 0.125000 1.000000
vt 0.000000 1.000000
vt 0.000000 0.983871
vt 0.125000 0.983871
vt 0.125000 1.000000
vt 0.000000 1.000000
vt 0.000000 0.983871
vt 0.125000 0.983871
vt 0.125000 1.000000
vt 0.000000 1.000000
vt 0.000000 0.983871
vt 0.125000 0.983871
vt 0.125000 1.000000
vt 0.000000 1.000000
vt 0.000000 0.983871
vt 0.125000 0.983871
vt 0.125000 1.000000
vt 0.000000 1.000000
vt 0.000000 0.983871
vt 0.125000 0.983871
vt 0.125000 1.000000
vt 0.000000 1.000000
vt 0.000000 0.983871
vt 0.125000 0.983871
vt 0.125000 1.000000
vt 0.000000 1.000000
vt 0.000000 0.983871
vt 0.125000 0.983871
vt 0.125000 1.000000
vt 0.000000 1.000000
vt 0.000000 0.983871
vt 0.125000 0.983871
vt 0.125000 1.000000
vt 0.000000 1.000000
vt 0.000000 0.983871
vt 0.125000 0.983871
vt 0.125000 1.000000
vt 0.000000 1.000000
vt 0.000000 0.983871
vt 0.125000 0.983871
vt 0.125000 1.000000
vt 0.000000 1.000000
vt 0.000000 0.983871
vt 0.125000 0.983871
vt 0.125000 1.000000
vt 0.000000 1.000000
vt 0.000000 0.983871
vt 0.125000 0.983871
vt 0.125000 1.000000
vt 0.000000 1.000000
vt 0.000000 0.983871
vt 0.125000 0.983871
vt 0.125000 1.000000
vt 0.000000 1.000000
vt 0.000000 0.983871
vt 0.125000 0.983871
vt 0.125000 1.000000
vt 0.000000 1.000000
vt 0.000000 0.983871
vt 0.125000 0.983871
vt 0.125000 1.000000
vt 0.000000 1.000000
vt 0.000000 0.983871
vt 0.125000 0.983871
vt 0.125000 1.000000
vt 0.000000 1.000000
vt 0.000000 0.983871
vt 0.125000 0.983871
vt 0.125000 1.000000
vt 0.000000 1.000000
vt 0.000000 0.983871
vt 0.125000 0.983871
vt 0.125000 1.000000
vt 0.000000 1.000000
vt 0.000000 0.983871
vt 0.125000 0.983871
vt 0.125000 1.000000
vt 0.000000 1.000000
vt 0.000000 0.983871
vt 0.125000 0.983871
vt 0.125000 1.000000
vt 0.000000 1.000000
vt 0.000000 0.983871
vt 0.125000 0.983871
vt 0.125000 1.000000
vt 0.000000 1.000000
vt 0.000000 0.983871
vt 0.125000 0.983871
vt 0.125000 1.000000
vt 0.000000 1.000000
vt 0.000000 0.983871
vt 0.125000 0.983871
vt 0.125000 1.000000
vt 0.000000 1.000000
vt 0.000000 0.983871
vt 0.125000 0.983871
vt 0.125000 1.000000
vt 0.000000 1.000000
vt 0.000000 0.983871
vt 0.125000 0.983871
vt 0.125000 1.000000
vt 0.000000 1.000000
vt 0.000000 0.983871
vt 0.125000 0.983871
vt 0.125000 1.000000
vt 0.000000 1.000000
vt 0.000000 0.983871
vt 0.125000 0.983871
vt 0.125000 1.000000
vt 0.000000 1.000000
vt 0.000000 0.983871
vt 0.125000 0.983871
vt 0.125000 1.000000
vt 0.000000 1.000000
vt 0.000000 0.983871
vt 0.125000 0.983871
vt 0.125000 1.000000
vt 0.000000 1.000000
vt 0.000000 0.983871
vt 0.125000 0.983871
vt 0.125000 1.000000
vt 0.000000 1.000000
vt 0.000000 0.983871
vt 0.125000 0.983871
vt 0.125000 1.000000
vt 0.000000 1.000000
vt 0.000000 0.983871
vt 0.125000 0.983871
vt 0.125000 1.000000
vt 0.000000 1.000000
vt 0.000000 0.983871
vt 0.125000 0.983871
vt 0.125000 1.000000
vt 0.000000 1.000000
vt 0.000000 0.983871
vt 0.125000 0.983871
vt 0.125000 1.000000
vt 0.000000 1.000000
vt 0.000000 0.983871
vt 0.125000 0.983871
vt 0.125000 1.000000
vt 0.000000 1.000000
vt 0.000000 0.983871
vt 0.125000 0.983871
vt 0.125000 1.000000
vt 0.000000 1.000000
vt 0.000000 0.983871
vt 0.125000 0.983871
vt 0.125000 1.000000
vt 0.000000 1.000000
vt 0.000000 0.983871
vt 0.125000 0.983871
vt 0.125000 1.000000
vt 0.000000 1.000000
vt 0.000000 0.983871
vt 0.125000 0.983871
vt 0.125000 1.000000
vt 0.000000 1.000000
vt 0.000000 0.983871
vt 0.125000 0.983871
vt 0.125000 1.000000
vt 0.000000 1.000000
vt 0.000000 0.983871
vt 0.125000 0.983871
vt 0.125000 1.000000
vt 0.000000 1.000000
vt 0.000000 0.983871
vt 0.125000 0.983871
vt 0.125000 1.000000
vt 0.000000 1.000000
vt 0.000000 0.983871
vt 0.125000 0.983871
vt 0.125000 1.000000
vt 0.000000 1.000000
vt 0.000000 0.983871
vt 0.125000 0.983871
vt 0.125000 1.000000
vt 0.000000 1.000000
vt 0.000000 0.983871
vt 0.125000 0.983871
vt 0.125000 1.000000
vt 0.000000 1.000000
vt 0.000000 0.983871
vt 0.125000 0.983871
vt 0.125000 1.000000
vt 0.000000 1.000000
vt 0.000000 0.983871
vt 0.125000 0.983871
vt 0.125000 1.000000
vt 0.000000 1.000000
vt 0.000000 0.983871
vt 0.125000 0.983871
vt 0.125000 1.000000
vt 0.000000 1.000000
vt 0.000000 0.983871
vt 0.125000 0.983871
vt 0.125000 1.000000
vt 0.000000 1.000000
vt 0.000000 0.983871
vt 0.125000 0.983871
vt 0.125000 1.000000
vt 0.000000 1.000000
vt 0.000000 0.983871
vt 0.125000 0.983871
vt 0.125000 1.000000
vt 0.000000 1.000000
vt 0.000000 0.983871
vt 0.125000 0.983871
vt 0.125000 1.000000
vt 0.000000 1.000000
vt 0.000000 0.983871
vt 0.125000 0.983871
vt 0.125000 1.000000
vt 0.000000 1.000000
vt 0.000000 0.983871
vt 0.125000 0.983871
vt 0.125000 1.000000
vt 0.000000 1.000000
vt 0.000000 0.983871
vt 0.125000 0.983871
vt 0.125000 1.000000
vt 0.000000 1.000000
vt 0.000000 0.983871
vt 0.125000 0.983871
vt 0.125000 1.000000
vt 0.000000 1.000000
vt 0.000000 0.983871
vt 0.125000 0.983871
vt 0.125000 1.000000
vt 0.000000 1.000000
vt 0.000000 0.983871
vt 0.125000 0.983871
vt 0.125000 1.000000
vt 0.000000 1.000000
vt 0.000000 0.983871
vt 0.125000 0.983871
vt 0.125000 1.000000
vt 0.000000 1.000000
vt 0.000000 0.983871
vt 0.125000 0.983871
vt 0.125000 1.000000
vt 0.000000 1.000000
vt 0.000000 0.983871
vt 0.125000 0.983871
vt 0.125000 1.000000
vt 0.000000 1.000000
vt 0.000000 0.983871
vt 0.125000 0.983871
vt 0.125000 1.000000
vt 0.000000 1.000000
vt 0.000000 0.983871
vt 0.125000 0.983871
vt 0.125000 1.000000
vt 0.000000 1.000000
vt 0.000000 0.983871
vt 0.125000 0.983871
vt 0.125000 1.000000
vt 0.000000 1.000000
vt 0.000000 0.983871
vt 0.125000 0.983871
vt 0.125000 1.000000
vt 0.000000 1.000000
vt 0.000000 0.983871
vt 0.125000 0.983871
vt 0.125000 1.000000
vt 0.000000 1.000000
vt 0.000000 0.983871
vt 0.125000 0.983871
vt 0.125000 1.000000
vt 0.000000 1.000000
vt 0.000000 0.983871
vt 0.125000 0.983871
vt 0.125000 1.000000
vt 0.000000 1.000000
vt 0.000000 0.983871
vt 0.125000 0.983871
vt 0.125000 1.000000
vt 0.000000 1.000000
vt 0.000000 0.983871
vt 0.125000 0.983871
vt 0.125000 1.000000
vt 0.000000 1.000000
vt 0.000000 0.983871
vt 0.125000 0.983871
vt 0.125000 1.000000
vt 0.000000 1.000000
vt 0.000000 0.983871
vt 0.125000 0.983871
vt 0.125000 1.000000
vt 0.000000 1.000000
vt 0.000000 0.983871
vt 0.125000 0.983871
vt 0.125000 1.000000
vt 0.000000 1.000000
vt 0.000000 0.983871
vt 0.125000 0.983871
vt 0.125000 1.000000
vt 0.000000 1.000000
vt 0.000000 0.983871
vt 0.125000 0.983871
vt 0.125000 1.000000
vt 0.000000 1.000000
vt 0.000000 0.983871
vt 0.125000 0.983871
vt 0.125000 1.000000
vt 0.000000 1.000000
vt 0.000000 0.983871
vt 0.125000 0.983871
vt 0.125000 1.000000
vt 0.000000 1.000000
vt 0.000000 0.983871
vt 0.125000 0.983871
vt 0.125000 1.000000
vt 0.000000 1.000000
vt 0.000000 0.983871
vt 0.125000 0.983871
vt 0.125000 1.000000
vt 0.000000 1.000000
vt 0.000000 0.983871
vt 0.125000 0.983871
vt 0.125000 1.000000
vt 0.000000 1.000000
vt 0.000000 0.983871
vt 0.125000 0.983871
vt 0.125000 1.000000
vt 0.000000 1.000000
vt 0.000000 0.983871
vt 0.125000 0.983871
vt 0.125000 1.000000
vt 0.000000 1.000000
vt 0.000000 0.983871
vt 0.125000 0.983871
vt 0.125000 1.000000
vt 0.000000 1.000000
vt 0.000000 0.983871
vt 0.125000 0.983871
vt 0.125000 1.000000
vt 0.000000 1.000000
vt 0.000000 0.983871
vt 0.125000 0.983871
vt 0.125000 1.000000
vt 0.000000 1.000000
vt 0.000000 0.983871
vt 0.125000 0.983871
vt 0.125000 1.000000
vt 0.000000 1.000000
vt 0.000000 0.983871
vt 0.125000 0.983871
vt 0.125000 1.000000
vt 0.000000 1.000000
vt 0.000000 0.983871
vt 0.125000 0.983871
vt 0.125000 1.000000
vt 0.000000 1.000000
vt 0.000000 0.983871
vt 0.125000 0.983871
vt 0.125000 1.000000
vt 0.000000 1.000000
vt 0.000000 0.983871
vt 0.125000 0.983871
vt 0.125000 1.000000
vt 0.000000 1.000000
vt 0.000000 0.983871
vt 0.125000 0.983871
vt 0.125000 1.000000
vt 0.000000 1.000000
vt 0.000000 0.983871
vt 0.125000 0.983871
vt 0.125000 1.000000
vt 0.000000 1.000000
vt 0.000000 0.983871
vt 0.125000 0.983871
vt 0.125000 1.000000
vt 0.000000 1.000000
vt 0.000000 0.983871
vt 0.125000 0.983871
vt 0.125000 1.000000
vt 0.000000 1.000000
vt 0.000000 0.983871
vt 0.125000 0.983871
vt 0.125000 1.000000
vt 0.000000 1.000000
vt 0.000000 0.983871
vt 0.125000 0.983871
vt 0.125000 1.000000
vt 0.000000 1.000000
vt 0.000000 0.983871
vt 0.125000 0.983871
vt 0.125000 1.000000
vt 0.000000 1.000000
vt 0.000000 0.983871
vt 0.125000 0.983871
vt 0.125000 1.000000
vt 0.000000 1.000000
vt 0.000000 0.983871
vt 0.125000 0.983871
vt 0.125000 1.000000
vt 0.000000 1.000000
vt 0.000000 0.983871
vt 0.125000 0.983871
vt 0.125000 1.000000
vt 0.000000 1.000000
vt 0.000000 0.983871
vt 0.125000 0.983871
vt 0.125000 1.000000
vt 0.000000 1.000000
vt 0.000000 0.983871
vt 0.125000 0.983871
vt 0.125000 1.000000
vt 0.000000 1.000000
vt 0.000000 0.983871
vt 0.125000 0.983871
vt 0.125000 1.000000
vt 0.000000 1.000000
vt 0.000000 0.983871
vt 0.125000 0.983871
vt 0.125000 1.000000
vt 0.000000 1.000000
vt 0.000000 0.983871
vt 0.125000 0.983871
vt 0.125000 1.000000
vt 0.000000 1.000000
vt 0.000000 0.983871
vt 0.125000 0.983871
vt 0.125000 1.000000
vt 0.000000 1.000000
vt 0.000000 0.983871
vt 0.125000 0.983871
vt 0.125000 1.000000
vt 0.000000 1.000000
vt 0.000000 0.983871
vt 0.125000 0.983871
vt 0.125000 1.000000
vt 0.000000 1.000000
vt 0.000000 0.983871
vt 0.125000 0.983871
vt 0.125000 1.000000
vt 0.000000 1.000000
vt 0.000000 0.983871
vt 0.125000 0.983871
vt 0.125000 1.000000
vt 0.000000 1.000000
vt 0.000000 0.983871
vt 0.125000 0.983871
vt 0.125000 1.000000
vt 0.000000 1.000000
vt 0.000000 0.983871
vt 0.125000 0.983871
vt 0.125000 1.000000
vt 0.000000 1.000000
vt 0.000000 0.983871
vt 0.125000 0.983871
vt 0.125000 1.000000
vt 0.000000 1.000000
vt 0.000000 0.983871
vt 0.125000 0.983871
vt 0.125000 1.000000
vt 0.000000 1.000000
vt 0.000000 0.983871
vt 0.125000 0.983871
vt 0.125000 1.000000
vt 0.000000 1.000000
vt 0.000000 0.983871
vt 0.125000 0.983871
vt 0.125000 1.000000
vt 0.000000 1.000000
vt 0.000000 0.983871
vt 0.125000 0.983871
vt 0.125000 1.000000
vt 0.000000 1.000000
vt 0.000000 0.983871
vt 0.125000 0.983871
vt 0.125000 1.000000
vt 0.000000 1.000000
vt 0.000000 0.983871
vt 0.125000 0.983871
vt 0.125000 1.000000
vt 0.000000 1.000000
vt 0.000000 0.983871
vt 0.125000 0.983871
vt 0.125000 1.000000
vt 0.000000 1.000000
vt 0.000000 0.983871
vt 0.125000 0.983871
vt 0.125000 1.000000
vt 0.000000 1.000000
vt 0.000000 0.983871
vt 0.125000 0.983871
vt 0.125000 1.000000
vt 0.000000 1.000000
vt 0.000000 0.983871
vt 0.125000 0.983871
vt 0.125000 1.000000
vt 0.000000 1.000000
vt 0.000000 0.983871
vt 0.125000 0.983871
vt 0.125000 1.000000
vt 0.000000 1.000000
vt 0.000000 0.983871
vt 0.125000 0.983871
vt 0.125000 1.000000
vt 0.000000 1.000000
vt 0.000000 0.983871
vt 0.125000 0.983871
vt 0.125000 1.000000
vt 0.000000 1.000000
vt 0.000000 0.983871
vt 0.125000 0.983871
vt 0.125000 1.000000
vt 0.000000 1.000000
vt 0.000000 0.983871
vt 0.125000 0.983871
vt 0.125000 1.000000
vt 0.000000 1.000000
vt 0.000000 0.983871
vt 0.125000 0.983871
vt 0.125000 1.000000
vt 0.000000 1.000000
vt 0.000000 0.983871
vt 0.125000 0.983871
vt 0.125000 1.000000
vt 0.000000 1.000000
vt 0.000000 0.983871
vt 0.125000 0.983871
vt 0.125000 1.000000
vt 0.000000 1.000000
vt 0.000000 0.983871
vt 0.125000 0.983871
vt 0.125000 1.000000
vt 0.000000 1.000000
vt 0.000000 0.983871
vt 0.125000 0.983871
vt 0.125000 1.000000
vt 0.000000 1.000000
vt 0.000000 0.983871
vt 0.125000 0.983871
vt 0.125000 1.000000
vt 0.000000 1.000000
vt 0.000000 0.983871
vt 0.125000 0.983871
vt 0.125000 1.000000
vt 0.000000 1.000000
vt 0.000000 0.983871
vt 0.125000 0.983871
vt 0.125000 1.000000
vt 0.000000 1.000000
vt 0.000000 0.983871
vt 0.125000 0.983871
vt 0.125000 1.000000
vt 0.000000 1.000000
vt 0.000000 0.983871
vt 0.125000 0.983871
vt 0.125000 1.000000
vt 0.000000 1.000000
vt 0.000000 0.983871
vt 0.125000 0.983871
vt 0.125000 1.000000
vt 0.000000 1.000000
vt 0.000000 0.983871
vt 0.125000 0.983871
vt 0.125000 1.000000
vt 0.000000 1.000000
vt 0.000000 0.983871
vt 0.125000 0.983871
vt 0.125000 1.000000
vt 0.000000 1.000000
vt 0.000000 0.983871
vt 0.125000 0.983871
vt 0.125000 1.000000
vt 0.000000 1.000000
vt 0.000000 0.983871
vt 0.125000 0.983871
vt 0.125000 1.000000
vt 0.000000 1.000000
vt 0.000000 0.983871
vt 0.125000 0.983871
vt 0.125000 1.000000
vt 0.000000 1.000000
vt 0.000000 0.983871
vt 0.125000 0.983871
vt 0.125000 1.000000
vt 0.000000 1.000000
vt 0.000000 0.983871
vt 0.125000 0.983871
vt 0.125000 1.000000
vt 0.000000 1.000000
vt 0.000000 0.983871
vt 0.125000 0.983871
vt 0.125000 1.000000
vt 0.000000 1.000000
vt 0.000000 0.983871
vt 0.125000 0.983871
vt 0.125000 1.000000
vt 0.000000 1.000000
vt 0.000000 0.983871
vt 0.125000 0.983871
vt 0.125000 1.000000
vt 0.000000 1.000000
vt 0.000000 0.983871
vt 0.125000 0.983871
vt 0.125000 1.000000
vt 0.000000 1.000000
vt 0.000000 0.983871
vt 0.125000 0.983871
vt 0.125000 1.000000
vt 0.000000 1.000000
vt 0.000000 0.983871
vt 0.125000 0.983871
vt 0.125000 1.000000
vt 0.000000 1.000000
vt 0.000000 0.983871
vt 0.125000 0.983871
vt 0.125000 1.000000
vt 0.000000 1.000000
vt 0.000000 0.983871
vt 0.125000 0.983871
vt 0.125000 1.000000
vt 0.000000 1.000000
vt 0.000000 0.983871
vt 0.125000 0.983871
vt 0.125000 1.000000
vt 0.000000 1.000000
vt 0.000000 0.983871
vt 0.125000 0.983871
vt 0.125000 1.000000
vt 0.000000 1.000000
vt 0.000000 0.983871
vt 0.125000 0.983871
vt 0.125000 1.000000
vt 0.000000 1.000000
vt 0.000000 0.983871
vt 0.125000 0.983871
vt 0.125000 1.000000
vt 0.000000 1.000000
vt 0.000000 0.983871
vt 0.125000 0.983871
vt 0.125000 1.000000
vt 0.000000 1.000000
vt 0.000000 0.983871
vt 0.125000 0.983871
vt 0.125000 1.000000
vt 0.000000 1.000000
vt 0.000000 0.983871
vt 0.125000 0.983871
vt 0.125000 1.000000
vt 0.000000 1.000000
vt 0.000000 0.983871
vt 0.125000 0.983871
vt 0.125000 1.000000
vt 0.000000 1.000000
vt 0.000000 0.983871
vt 0.125000 0.983871
vt 0.125000 1.000000
vt 0.000000 1.000000
vt 0.000000 0.983871
vt 0.125000 0.983871
vt 0.125000 1.000000
vt 0.000000 1.000000
vt 0.000000 0.983871
vt 0.125000 0.983871
vt 0.125000 1.000000
vt 0.000000 1.000000
vt 0.000000 0.983871
vt 0.125000 0.983871
vt 0.125000 1.000000
vt 0.000000 1.000000
vt 0.000000 0.983871
vt 0.125000 0.983871
vt 0.125000 1.000000
vt 0.000000 1.000000
vt 0.000000 0.983871
vt 0.125000 0.983871
vt 0.125000 1.000000
vt 0.000000 1.000000
vt 0.000000 0.983871
vt 0.125000 0.983871
vt 0.125000 1.000000
vt 0.000000 1.000000
vt 0.000000 0.983871
vt 0.125000 0.983871
vt 0.125000 1.000000
vt 0.000000 1.000000
vt 0.000000 0.983871
vt 0.125000 0.983871
vt 0.125000 1.000000
vt 0.000000 1.000000
vt 0.000000 0.983871
vt 0.125000 0.983871
vt 0.125000 1.000000
vt 0.000000 1.000000
vt 0.000000 0.983871
vt 0.125000 0.983871
vt 0.125000 1.000000
vt 0.000000 1.000000
vt 0.000000 0.983871
vt 0.125000 0.983871
vt 0.125000 1.000000
vt 0.000000 1.000000
vt 0.000000 0.983871
vt 0.125000 0.983871
vt 0.125000 1.000000
vt 0.000000 1.000000
vt 0.000000 0.983871
vt 0.125000 0.983871
vt 0.125000 1.000000
vt 0.000000 1.000000
vt 0.000000 0.983871
vt 0.125000 0.983871
vt 0.125000 1.000000
vt 0.000000 1.000000
vt 0.000000 0.983871
vt 0.125000 0.983871
vt 0.125000 1.000000
vt 0.000000 1.000000
vt 0.000000 0.983871
vt 0.125000 0.983871
vt 0.125000 1.000000
vt 0.000000 1.000000
vt 0.000000 0.983871
vt 0.125000 0.983871
vt 0.125000 1.000000
vt 0.000000 1.000000
vt 0.000000 0.983871
vt 0.125000 0.983871
vt 0.125000 1.000000
vt 0.000000 1.000000
vt 0.000000 0.983871
vt 0.125000 0.983871
vt 0.125000 1.000000
vt 0.000000 1.000000
vt 0.000000 0.983871
vt 0.125000 0.983871
vt 0.125000 1.000000
vt 0.000000 1.000000
vt 0.000000 0.983871
vt 0.125000 0.983871
vt 0.125000 1.000000
vt 0.000000 1.000000
vt 0.000000 0.983871
vt 0.125000 0.983871
vt 0.125000 1.000000
vt 0.000000 1.000000
vt 0.000000 0.983871
vt 0.125000 0.983871
vt 0.125000 1.000000
vt 0.000000 1.000000
vt 0.000000 0.983871
vt 0.125000 0.983871
vt 0.125000 1.000000
vt 0.000000 1.000000
vt 0.000000 0.983871
vt 0.125000 0.983871
vt 0.125000 1.000000
vt 0.000000 1.000000
vt 0.000000 0.983871
vt 0.125000 0.983871
vt 0.125000 1.000000
vt 0.000000 1.000000
vt 0.000000 0.983871
vt 0.125000 0.983871
vt 0.125000 1.000000
vt 0.000000 1.000000
vt 0.000000 0.983871
vt 0.125000 0.983871
vt 0.125000 1.000000
vt 0.000000 1.000000
vt 0.000000 0.983871
vt 0.125000 0.983871
vt 0.125000 1.000000
vt 0.000000 1.000000
vt 0.000000 0.983871
vt 0.125000 0.983871
vt 0.125000 1.000000
vt 0.000000 1.000000
vt 0.000000 0.983871
vt 0.125000 0.983871
vt 0.125000 1.000000
vt 0.000000 1.000000
vt 0.000000 0.983871
vt 0.125000 0.983871
vt 0.125000 1.000000
vt 0.000000 1.000000
vt 0.000000 0.983871
vt 0.125000 0.983871
vt 0.125000 1.000000
vt 0.000000 1.000000
vt 0.000000 0.983871
vt 0.125000 0.983871
vt 0.125000 1.000000
vt 0.000000 1.000000
vt 0.000000 0.983871
vt 0.125000 0.983871
vt 0.125000 1.000000
vt 0.000000 1.000000
vt 0.000000 0.983871
vt 0.125000 0.983871
vt 0.125000 1.000000
vt 0.000000 1.000000
vt 0.000000 0.983871
vt 0.125000 0.983871
vt 0.125000 1.000000
vt 0.000000 1.000000
vt 0.000000 0.983871
vt 0.125000 0.983871
vt 0.125000 1.000000
vt 0.000000 1.000000
vt 0.000000 0.983871
vt 0.125000 0.983871
vt 0.125000 1.000000
vt 0.000000 1.000000
vt 0.000000 0.983871
vt 0.125000 0.983871
vt 0.125000 1.000000
vt 0.000000 1.000000
vt 0.000000 0.983871
vt 0.125000 0.983871
vt 0.125000 1.000000
vt 0.000000 1.000000
vt 0.000000 0.983871
vt 0.125000 0.983871
vt 0.125000 1.000000
vt 0.000000 1.000000
vt 0.000000 0.983871
vt 0.125000 0.983871
vt 0.125000 1.000000
vt 0.000000 1.000000
vt 0.000000 0.983871
vt 0.125000 0.983871
vt 0.125000 1.000000
vt 0.000000 1.000000
vt 0.000000 0.983871
vt 0.125000 0.983871
vt 0.125000 1.000000
vt 0.000000 1.000000
vt 0.000000 0.983871
vt 0.125000 0.983871
vt 0.125000 1.000000
vt 0.000000 1.000000
vt 0.000000 0.983871
vt 0.125000 0.983871
vt 0.125000 1.000000
vt 0.000000 1.000000
vt 0.000000 0.983871
vt 0.125000 0.983871
vt 0.125000 1.000000
vt 0.000000 1.000000
vt 0.000000 0.983871
vt 0.125000 0.983871
vt 0.125000 1.000000
vt 0.000000 1.000000
vt 0.000000 0.983871
vt 0.125000 0.983871
vt 0.125000 1.000000
vt 0.000000 1.000000
vt 0.000000 0.983871
vt 0.125000 0.983871
vt 0.125000 1.000000
vt 0.000000 1.000000
vt 0.000000 0.983871
vt 0.125000 0.983871
vt 0.125000 1.000000
vt 0.000000 1.000000
vt 0.000000 0.983871
vt 0.125000 0.983871
vt 0.125000 1.000000
vt 0.000000 1.000000
vt 0.000000 0.983871
vt 0.125000 0.983871
vt 0.125000 1.000000
vt 0.000000 1.000000
vt 0.000000 0.983871
vt 0.125000 0.983871
vt 0.125000 1.000000
vt 0.000000 1.000000
vt 0.000000 0.983871
vt 0.125000 0.983871
vt 0.125000 1.000000
vt 0.000000 1.000000
vt 0.000000 0.983871
vt 0.125000 0.983871
vt 0.125000 1.000000
vt 0.000000 1.000000
vt 0.000000 0.983871
vt 0.125000 0.983871
vt 0.125000 1.000000
vt 0.000000 1.000000
vt 0.000000 0.983871
vt 0.125000 0.983871
vt 0.125000 1.000000
vt 0.000000 1.000000
vt 0.000000 0.983871
vt 0.125000 0.983871
vt 0.125000 1.000000
vt 0.000000 1.000000
vt 0.000000 0.983871
vt 0.125000 0.983871
vt 0.125000 1.000000
vt 0.000000 1.000000
vt 0.000000 0.983871
vt 0.125000 0.983871
vt 0.125000 1.000000
vt 0.000000 1.000000
vt 0.000000 0.983871
vt 0.125000 0.983871
vt 0.125000 1.000000
vt 0.000000 1.000000
vt 0.000000 0.983871
vt 0.125000 0.983871
vt 0.125000 1.000000
vt 0.000000 1.000000
vt 0.000000 0.983871
vt 0.125000 0.983871
vt 0.125000 1.000000
vt 0.000000 1.000000
vt 0.000000 0.983871
vt 0.125000 0.983871
vt 0.125000 1.000000
vt 0.000000 1.000000
vt 0.000000 0.983871
vt 0.125000 0.983871
vt 0.125000 1.000000
vt 0.000000 1.000000
vt 0.000000 0.983871
vt 0.125000 0.983871
vt 0.125000 1.000000
vt 0.000000 1.000000
vt 0.000000 0.983871
vt 0.125000 0.983871
vt 0.125000 1.000000
vt 0.000000 1.000000
vt 0.000000 0.983871
vt 0.125000 0.983871
vt 0.125000 1.000000
vt 0.000000 1.000000
vt 0.000000 0.983871
vt 0.125000 0.983871
vt 0.125000 1.000000
vt 0.000000 1.000000
vt 0.000000 0.983871
vt 0.125000 0.983871
vt 0.125000 1.000000
vt 0.000000 1.000000
vt 0.000000 0.983871
vt 0.125000 0.983871
vt 0.125000 1.000000
vt 0.000000 1.000000
vt 0.000000 0.983871
vt 0.125000 0.983871
vt 0.125000 1.000000
vt 0.000000 1.000000
vt 0.000000 0.983871
vt 0.125000 0.983871
vt 0.125000 1.000000
vt 0.000000 1.000000
vt 0.000000 0.983871
vt 0.125000 0.983871
vt 0.125000 1.000000
vt 0.000000 1.000000
vt 0.000000 0.983871
vt 0.125000 0.983871
vt 0.125000 1.000000
vt 0.000000 1.000000
vt 0.000000 0.983871
vt 0.125000 0.983871
vt 0.125000 1.000000
vt 0.000000 1.000000
vt 0.000000 0.983871
vt 0.125000 0.983871
vt 0.125000 1.000000
vt 0.000000 1.000000
vt 0.000000 0.983871
vt 0.125000 0.983871
vt 0.125000 1.000000
vt 0.000000 1.000000
vt 0.000000 0.983871
vt 0.125000 0.983871
vt 0.125000 1.000000
vt 0.000000 1.000000
vt 0.000000 0.983871
vt 0.125000 0.983871
vt 0.125000 1.000000
vt 0.000000 1.000000
vt 0.000000 0.983871
vt 0.125000 0.983871
vt 0.125000 1.000000
vt 0.000000 1.000000
vt 0.000000 0.983871
vt 0.125000 0.983871
vt 0.125000 1.000000
vt 0.000000 1.000000
vt 0.000000 0.983871
vt 0.125000 0.983871
vt 0.125000 1.000000
vt 0.000000 1.000000
vt 0.000000 0.983871
vt 0.125000 0.983871
vt 0.125000 1.000000
vt 0.000000 1.000000
vt 0.000000 0.983871
vt 0.125000 0.983871
vt 0.125000 1.000000
vt 0.000000 1.000000
vt 0.000000 0.983871
vt 0.125000 0.983871
vt 0.125000 1.000000
vt 0.000000 1.000000
vt 0.000000 0.983871
vt 0.125000 0.983871
vt 0.125000 1.000000
vt 0.000000 1.000000
vt 0.000000 0.983871
vt 0.125000 0.983871
vt 0.125000 1.000000
vt 0.000000 1.000000
vt 0.000000 0.983871
vt 0.125000 0.983871
vt 0.125000 1.000000
vt 0.000000 1.000000
vt 0.000000 0.983871
vt 0.125000 0.983871
vt 0.125000 1.000000
vt 0.000000 1.000000
vt 0.000000 0.983871
vt 0.125000 0.983871
vt 0.125000 1.000000
vt 0.000000 1.000000
vt 0.000000 0.983871
vt 0.125000 0.983871
vt 0.125000 1.000000
vt 0.000000 1.000000
vt 0.000000 0.983871
vt 0.125000 0.983871
vt 0.125000 1.000000
vt 0.000000 1.000000
vt 0.000000 0.983871
vt 0.125000 0.983871
vt 0.125000 1.000000
vt 0.000000 1.000000
vt 0.000000 0.983871
vt 0.125000 0.983871
vt 0.125000 1.000000
vt 0.000000 1.000000
vt 0.000000 0.983871
vt 0.125000 0.983871
vt 0.125000 1.000000
vt 0.000000 1.000000
vt 0.000000 0.983871
vt 0.125000 0.983871
vt 0.125000 1.000000
vt 0.000000 1.000000
vt 0.000000 0.983871
vt 0.125000 0.983871
vt 0.125000 1.000000
vt 0.000000 1.000000
vt 0.000000 0.983871
vt 0.125000 0.983871
vt 0.125000 1.000000
vt 0.000000 1.000000
vt 0.000000 0.983871
vt 0.125000 0.983871
vt 0.125000 1.000000
vt 0.000000 1.000000
vt 0.000000 0.983871
vt 0.125000 0.983871
vt 0.125000 1.000000
vt 0.000000 1.000000
vt 0.000000 0.983871
vt 0.125000 0.983871
vt 0.125000 1.000000
vt 0.000000 1.000000
vt 0.000000 0.983871
vt 0.125000 0.983871
vt 0.125000 1.000000
vt 0.000000 1.000000
vt 0.000000 0.983871
vt 0.125000 0.983871
vt 0.125000 1.000000
vt 0.000000 1.000000
vt 0.000000 0.983871
vt 0.125000 0.983871
vt 0.125000 1.000000
vt 0.000000 1.000000
vt 0.000000 0.983871
vt 0.125000 0.983871
vt 0.125000 1.000000
vt 0.000000 1.000000
vt 0.000000 0.983871
vt 0.125000 0.983871
vt 0.125000 1.000000
vt 0.000000 1.000000
vt 0.000000 0.983871
vt 0.125000 0.983871
vt 0.125000 1.000000
vt 0.000000 1.000000
vt 0.000000 0.983871
vt 0.125000 0.983871
vt 0.125000 1.000000
vt 0.000000 1.000000
vt 0.000000 0.983871
vt 0.125000 0.983871
vt 0.125000 1.000000
vt 0.000000 1.000000
vt 0.000000 0.983871
vt 0.125000 0.983871
vt 0.125000 1.000000
vt 0.000000 1.000000
vt 0.000000 0.983871
vt 0.125000 0.983871
vt 0.125000 1.000000
vt 0.000000 1.000000
vt 0.000000 0.983871
vt 0.125000 0.983871
vt 0.125000 1.000000
vt 0.000000 1.000000
vt 0.000000 0.983871
vt 0.125000 0.983871
vt 0.125000 1.000000
vt 0.000000 1.000000
vt 0.000000 0.983871
vt 0.125000 0.983871
vt 0.125000 1.000000
vt 0.000000 1.000000
vt 0.000000 0.983871
vt 0.125000 0.983871
vt 0.125000 1.000000
vt 0.000000 1.000000
vt 0.000000 0.983871
vt 0.125000 0.983871
vt 0.125000 1.000000
vt 0.000000 1.000000
vt 0.000000 0.983871
vt 0.125000 0.983871
vt 0.125000 1.000000
vt 0.000000 1.000000
vt 0.000000 0.983871
vt 0.125000 0.983871
vt 0.125000 1.000000
vt 0.000000 1.000000
vt 0.000000 0.983871
vt 0.125000 0.983871
vt 0.125000 1.000000
vt 0.000000 1.000000
vt 0.000000 0.983871
vt 0.125000 0.983871
vt 0.125000 1.000000
vt 0.000000 1.000000
vt 0.000000 0.983871
vt 0.125000 0.983871
vt 0.125000 1.000000
vt 0.000000 1.000000
vt 0.000000 0.983871
vt 0.125000 0.983871
vt 0.125000 1.000000
vt 0.000000 1.000000
vt 0.000000 0.983871
vt 0.125000 0.983871
vt 0.125000 1.000000
vt 0.000000 1.000000
vt 0.000000 0.983871
vt 0.125000 0.983871
vt 0.125000 1.000000
vt 0.000000 1.000000
vt 0.000000 0.983871
vt 0.125000 0.983871
vt 0.125000 1.000000
vt 0.000000 1.000000
usemtl tileset
f 1/1 3/3 2/4
f 1/1 4/2 3/3
f 5/5 7/7 6/8
f 5/5 8/6 7/7
f 9/9 11/11 10/12
f 9/9 12/10 11/11
f 13/13 15/15 14/16
f 13/13 16/14 15/15
f 17/17 19/19 18/20
f 17/17 20/18 19/19
f 21/21 23/23 22/24
f 21/21 24/22 23/23
f 25/25 27/27 26/28
f 25/25 28/26 27/27
f 29/29 31/31 30/32
f 29/29 32/30 31/31
f 33/33 35/35 34/36
f 33/33 36/34 35/35
f 37/37 39/39 38/40
f 37/37 40/38 39/39
f 41/41 43/43 42/44
f 41/41 44/42 43/43
f 45/45 47/47 46/48
f 45/45 48/46 47/47
f 49/49 51/51 50/52
f 49/49 52/50 51/51
f 53/53 55/55 54/56
f 53/53 56/54 55/55
f 57/57 59/59 58/60
f 57/57 60/58 59/59
f 61/61 63/63 62/64
f 61/61 64/62 63/63
f 65/65 67/67 66/68
f 65/65 68/66 67/67
f 69/69 71/71 70/72
f 69/69 72/70 71/71
f 73/73 75/75 74/76
f 73/73 76/74 75/75
f 77/77 79/79 78/80
f 77/77 80/78 79/79
f 81/81 83/83 82/84
f 81/81 84/82 83/83
f 85/85 87/87 86/88
f 85/85 88/86 87/87
f 89/89 91/91 90/92
f 89/89 92/90 91/91
f 93/93 95/95 94/96
f 93/93 96/94 95/95
f 97/97 99/99 98/100
f 97/97 100/98 99/99
f 101/101 103/103 102/104
f 101/101 104/102 103/103
f 105/105 107/107 106/108
f 105/105 108/106 107/107
f 109/109 111/111 110/112
f 109/109 112/110 111/111
f 113/113 115/115 114/116
f 113/113 116/114 115/115
f 117/117 119/119 118/120
f 117/117 120/118 119/119
f 121/121 123/123 122/124
f 121/121 124/122 123/123
f 125/125 127/127 126/128
f 125/125 128/126 127/127
f 129/129 131/131 130/132
f 129/129 132/130 131/131
f 133/133 135/135 134/136
f 133/133 136/134 135/135
f 137/137 139/139 138/140
f 137/137 140/138 139/139
f 141/141 143/143 142/144
f 141/141 144/142 143/143
f 145/145 147/147 146/148
f 145/145 148/146 147/147
f 149/149 151/151 150/152
f 149/149 152/150 151/151
f 153/153 155/155 154/156
f 153/153 156/154 155/155
f 157/157 159/159 158/160
f 157/157 160/158 159/159
f 161/161 163/163 162/164
f 161/161 164/162 163/163
f 165/165 167/167 166/168
f 165/165 168/166 167/167
f 169/169 171/171 170/172
f 169/169 172/170 171/171
f 173/173 175/175 174/176
f 173/173 176/174 175/175
f 177/177 179/179 178/180
f 177/177 180/178 179/179
f 181/181 183/183 182/184
f 181/181 184/182 183/183
f 185/185 187/187 186/188
f 185/185 188/186 187/187
f 189/189 191/191 190/192
f 189/189 192/190 191/191
f 193/193 195/195 194/196
f 193/193 196/194 195/195
f 197/197 199/199 198/200
f 197/197 200/198 199/199
f 201/201 203/203 202/204
f 201/201 204/202 203/203
f 205/205 207/207 206/208
f 205/205 208/206 207/207
f 209/209 211/211 210/212
f 209/209 212/210 211/211
f 213/213 215/215 214/216
f 213/213 216/214 215/215
f 217/217 219/219 218/220
f 217/217 220/218 219/219
f 221/221 223/223 222/224
f 221/221 224/222 223/223
f 225/225 227/227 226/228
f 225/225 228/226 227/227
f 229/229 231/231 230/232
f 229/229 232/230 231/231
f 233/233 235/235 234/236
f 233/233 236/234 235/235
f 237/237 239/239 238/240
f 237/237 240/238 239/239
f 241/241 243/243 242/244
f 241/241 244/242 243/243
f 245/245 247/247 246/248
f 245/245 248/246 247/247
f 249/249 251/251 250/252
f 249/249 252/250 251/251
f 253/253 255/255 254/256
f 253/253 256/254 255/255
f 257/257 259/259 258/260
f 257/257 260/258 259/259
f 261/261 263/263 262/264
f 261/261 264/262 263/263
f 265/265 267/267 266/268
f 265/265 268/266 267/267
f 269/269 271/271 270/272
f 269/269 272/270 271/271
f 273/273 275/275 274/276
f 273/273 276/274 275/275
f 277/277 279/279 278/280
f 277/277 280/278 279/279
f 281/281 283/283 282/284
f 281/281 284/282 283/283
f 285/285 287/287 286/288
f 285/285 288/286 287/287
f 289/289 291/291 290/292
f 289/289 292/290 291/291
f 293/293 295/295 294/296
f 293/293 296/294 295/295
f 297/297 299/299 298/300
f 297/297 300/298 299/299
f 301/301 303/303 302/304
f 301/301 304/302 303/303
f 305/305 307/307 306/308
f 305/305 308/306 307/307
f 309/309 311/311 310/312
f 309/309 312/310 311/311
f 313/313 315/315 314/316
f 313/313 316/314 315/315
f 317/317 319/319 318/320
f 317/317 320/318 319/319
f 321/321 323/323 322/324
f 321/321 324/322 323/323
f 325/325 327/327 326/328
f 325/325 328/326 327/327
f 329/329 331/331 330/332
f 329/329 332/330 331/331
f 333/333 335/335 334/336
f 333/333 336/334 335/335
f 337/337 339/339 338/340
f 337/337 340/338 339/339
f 341/341 343/343 342/344
f 341/341 344/342 343/343
f 345/345 347/347 346/348
f 345/345 348/346 347/347
f 349/349 351/351 350/352
f 349/349 352/350 351/351
f 353/353 355/355 354/356
f 353/353 356/354 355/355
f 357/357 359/359 358/360
f 357/357 360/358 359/359
f 361/361 363/363 362/364
f 361/361 364/362 363/363
f 365/365 367/367 366/368
f 365/365 368/366 367/367
f 369/369 371/371 370/372
f 369/369 372/370 371/371
f 373/373 375/375 374/376
f 373/373 376/374 375/375
f 377/377 379/379 378/380
f 377/377 380/378 379/379
f 381/381 383/383 382/384
f 381/381 384/382 383/383
f 385/385 387/387 386/388
f 385/385 388/386 387/387
f 389/389 391/391 390/392
f 389/389 392/390 391/391
f 393/393 395/395 394/396
f 393/393 396/394 395/395
f 397/397 399/399 398/400
f 397/397 400/398 399/399
f 401/401 403/403 402/404
f 401/401 404/402 403/403
f 405/405 407/407 406/408
f 405/405 408/406 407/407
f 409/409 411/411 410/412
f 409/409 412/410 411/411
f 413/413 415/415 414/416
f 413/413 416/414 415/415
f 417/417 419/419 418/420
f 417/417 420/418 419/419
f 421/421 423/423 422/424
f 421/421 424/422 423/423
f 425/425 427/427 426/428
f 425/425 428/426 427/427
f 429/429 431/431 430/432
f 429/429 432/430 431/431
f 433/433 435/435 434/436
f 433/433 436/434 435/435
f 437/437 439/439 438/440
f 437/437 440/438 439/439
f 441/441 443/443 442/444
f 441/441 444/442 443/443
f 445/445 447/447 446/448
f 445/445 448/446 447/447
f 449/449 451/451 450/452
f 449/449 452/450 451/451
f 453/453 455/455 454/456
f 453/453 456/454 455/455
f 457/457 459/459 458/460
f 457/457 460/458 459/459
f 461/461 463/463 462/464
f 461/461 464/462 463/463
f 465/465 467/467 466/468
f 465/465 468/466 467/467
f 469/469 471/471 470/472
f 469/469 472/470 471/471
f 473/473 475/475 474/476
f 473/473 476/474 475/475
f 477/477 479/479 478/480
f 477/477 480/478 479/479
f 481/481 483/483 482/484
f 481/481 484/482 483/483
f 485/485 487/487 486/488
f 485/485 488/486 487/487
f 489/489 491/491 490/492
f 489/489 492/490 491/491
f 493/493 495/495 494/496
f 493/493 496/494 495/495
f 497/497 499/499 498/500
f 497/497 500/498 499/499
f 501/501 503/503 502/504
f 501/501 504/502 503/503
f 505/505 507/507 506/508
f 505/505 508/506 507/507
f 509/509 511/511 510/512
f 509/509 512/510 511/511
f 513/513 515/515 514/516
f 513/513 516/514 515/515
f 517/517 519/519 518/520
f 517/517 520/518 519/519
f 521/521 523/523 522/524
f 521/521 524/522 523/523
f 525/525 527/527 526/528
f 525/525 528/526 527/527
f 529/529 531/531 530/532
f 529/529 532/530 531/531
f 533/533 535/535 534/536
f 533/533 536/534 535/535
f 537/537 539/539 538/540
f 537/537 540/538 539/539
f 541/541 543/543 542/544
f 541/541 544/542 543/543
f 545/545 547/547 546/548
f 545/545 548/546 547/547
f 549/549 551/551 550/552
f 549/549 552/550 551/551
f 553/553 555/555 554/556
f 553/553 556/554 555/555
f 557/557 559/559 558/560
f 557/557 560/558 559/559
f 561/561 563/563 562/564
f 561/561 564/562 563/563
f 565/565 567/567 566/568
f 565/565 568/566 567/567
f 569/569 571/571 570/572
f 569/569 572/570 571/571
f 573/573 575/575 574/576
f 573/573 576/574 575/575
f 577/577 579/579 578/580
f 577/577 580/578 579/579
f 581/581 583/583 582/584
f 581/581 584/582 583/583
f 585/585 587/587 586/588
f 585/585 588/586 587/587
f 589/589 591/591 590/592
f 589/589 592/590 591/591
f 593/593 595/595 594/596
f 593/593 596/594 595/595
f 597/597 599/599 598/600
f 597/597 600/598 599/599
f 601/601 603/603 602/604
f 601/601 604/602 603/603
f 605/605 607/607 606/608
f 605/605 608/606 607/607
f 609/609 611/611 610/612
f 609/609 612/610 611/611
f 613/613 615/615 614/616
f 613/613 616/614 615/615
f 617/617 619/619 618/620
f 617/617 620/618 619/619
f 621/621 623/623 622/624
f 621/621 624/622 623/623
f 625/625 627/627 626/628
f 625/625 628/626 627/627
f 629/629 631/631 630/632
f 629/629 632/630 631/631
f 633/633 635/635 634/636
f 633/633 636/634 635/635
f 637/637 639/639 638/640
f 637/637 640/638 639/639
f 641/641 643/643 642/644
f 641/641 644/642 643/643
f 645/645 647/647 646/648
f 645/645 648/646 647/647
f 649/649 651/651 650/652
f 649/649 652/650 651/651
f 653/653 655/655 654/656
f 653/653 656/654 655/655
f 657/657 659/659 658/660
f 657/657 660/658 659/659
f 661/661 663/663 662/664
f 661/661 664/662 663/663
f 665/665 667/667 666/668
f 665/665 668/666 667/667
f 669/669 671/671 670/672
f 669/669 672/670 671/671
f 673/673 675/675 674/676
f 673/673 676/674 675/675
f 677/677 679/679 678/680
f 677/677 680/678 679/679
f 681/681 683/683 682/684
f 681/681 684/682 683/683
f 685/685 687/687 686/688
f 685/685 688/686 687/687
f 689/689 691/691 690/692
f 689/689 692/690 691/691
f 693/693 695/695 694/696
f 693/693 696/694 695/695
f 697/697 699/699 698/700
f 697/697 700/698 699/699
f 701/701 703/703 702/704
f 701/701 704/702 703/703
f 705/705 707/707 706/708
f 705/705 708/706 707/707
f 709/709 711/711 710/712
f 709/709 712/710 711/711
f 713/713 715/715 714/716
f 713/713 716/714 715/715
f 717/717 719/719 718/720
f 717/717 720/718 719/719
f 721/721 723/723 722/724
f 721/721 724/722 723/723
f 725/725 727/727 726/728
f 725/725 728/726 727/727
f 729/729 731/731 730/732
f 729/729 732/730 731/731
f 733/733 735/735 734/736
f 733/733 736/734 735/735
f 737/737 739/739 738/740
f 737/737 740/738 739/739
f 741/741 743/743 742/744
f 741/741 744/742 743/743
f 745/745 747/747 746/748
f 745/745 748/746 747/747
f 749/749 751/751 750/752
f 749/749 752/750 751/751
f 753/753 755/755 754/756
f 753/753 756/754 755/755
f 757/757 759/759 758/760
f 757/757 760/758 759/759
f 761/761 763/763 762/764
f 761/761 764/762 763/763
f 765/765 767/767 766/768
f 765/765 768/766 767/767
f 769/769 771/771 770/772
f 769/769 772/770 771/771
f 773/773 775/775 774/776
f 773/773 776/774 775/775
f 777/777 779/779 778/780
f 777/777 780/778 779/779
f 781/781 783/783 782/784
f 781/781 784/782 783/783
f 785/785 787/787 786/788
f 785/785 788/786 787/787
f 789/789 791/791 790/792
f 789/789 792/790 791/791
f 793/793 795/795 794/796
f 793/793 796/794 795/795
f 797/797 799/799 798/800
f 797/797 800/798 799/799
f 801/801 803/803 802/804
f 801/801 804/802 803/803
f 805/805 807/807 806/808
f 805/805 808/806 807/807
f 809/809 811/811 810/812
f 809/809 812/810 811/811
f 813/813 815/815 814/816
f 813/813 816/814 815/815
f 817/817 819/819 818/820
f 817/817 820/818 819/819
f 821/821 823/823 822/824
f 821/821 824/822 823/823
f 825/825 827/827 826/828
f 825/825 828/826 827/827
f 829/829 831/831 830/832
f 829/829 832/830 831/831
f 833/833 835/835 834/836
f 833/833 836/834 835/835
f 837/837 839/839 838/840
f 837/837 840/838 839/839
f 841/841 843/843 842/844
f 841/841 844/842 843/843
f 845/845 847/847 846/848
f 845/845 848/846 847/847
f 849/849 851/851 850/852
f 849/849 852/850 851/851
f 853/853 855/855 854/856
f 853/853 856/854 855/855
f 857/857 859/859 858/860
f 857/857 860/858 859/859
f 861/861 863/863 862/864
f 861/861 864/862 863/863
f 865/865 867/867 866/868
f 865/865 868/866 867/867
f 869/869 871/871 870/872
f 869/869 872/870 871/871
f 873/873 875/875 874/876
f 873/873 876/874 875/875
f 877/877 879/879 878/880
f 877/877 880/878 879/879
f 881/881 883/883 882/884
f 881/881 884/882 883/883
f 885/885 887/887 886/888
f 885/885 888/886 887/887
f 889/889 891/891 890/892
f 889/889 892/890 891/891
f 893/893 895/895 894/896
f 893/893 896/894 895/895
f 897/897 899/899 898/900
f 897/897 900/898 899/899
f 901/901 903/903 902/904
f 901/901 904/902 903/903
f 905/905 907/907 906/908
f 905/905 908/906 907/907
f 909/909 911/911 910/912
f 909/909 912/910 911/911
f 913/913 915/915 914/916
f 913/913 916/914 915/915
f 917/917 919/919 918/920
f 917/917 920/918 919/919
f 921/921 923/923 922/924
f 921/921 924/922 923/923
f 925/925 927/927 926/928
f 925/925 928/926 927/927
f 929/929 931/931 930/932
f 929/929 932/930 931/931
f 933/933 935/935 934/936
f 933/933 936/934 935/935
f 937/937 939/939 938/940
f 937/937 940/938 939/939
f 941/941 943/943 942/944
f 941/941 944/942 943/943
f 945/945 947/947 946/948
f 945/945 948/946 947/947
f 949/949 951/951 950/952
f 949/949 952/950 951/951
f 953/953 955/955 954/956
f 953/953 956/954 955/955
f 957/957 959/959 958/960
f 957/957 960/958 959/959
f 961/961 963/963 962/964
f 961/961 964/962 963/963
f 965/965 967/967 966/968
f 965/965 968/966 967/967
f 969/969 971/971 970/972
f 969/969 972/970 971/971
f 973/973 975/975 974/976
f 973/973 976/974 975/975
f 977/977 979/979 978/980
f 977/977 980/978 979/979
f 981/981 983/983 982/984
f 981/981 984/982 983/983
f 985/985 987/987 986/988
f 985/985 988/986 987/987
f 989/989 991/991 990/992
f 989/989 992/990 991/991
f 993/993 995/995 994/996
f 993/993 996/994 995/995
f 997/997 999/999 998/1000
f 997/997 1000/998 999/999
f 1001/1001 1003/1003 1002/1004
f 1001/1001 1004/1002 1003/1003
f 1005/1005 1007/1007 1006/1008
f 1005/1005 1008/1006 1007/1007
f 1009/1009 1011/1011 1010/1012
f 1009/1009 1012/1010 1011/1011
f 1013/1013 1015/1015 1014/1016
f 1013/1013 1016/1014 1015/1015
f 1017/1017 1019/1019 1018/1020
f 1017/1017 1020/1018 1019/1019
f 1021/1021 1023/1023 1022/1024
f 1021/1021 1024/1022 1023/1023
f 1025/1025 1027/1027 1026/1028
f 1025/1025 1028/1026 1027/1027
f 1029/1029 1031/1031 1030/1032
f 1029/1029 1032/1030 1031/1031
f 1033/1033 1035/1035 1034/1036
f 1033/1033 1036/1034 1035/1035
f 1037/1037 1039/1039 1038/1040
f 1037/1037 1040/1038 1039/1039
f 1041/1041 1043/1043 1042/1044
f 1041/1041 1044/1042 1043/1043
f 1045/1045 1047/1047 1046/1048
f 1045/1045 1048/1046 1047/1047
f 1049/1049 1051/1051 1050/1052
f 1049/1049 1052/1050 1051/1051
f 1053/1053 1055/1055 1054/1056
f 1053/1053 1056/1054 1055/1055
f 1057/1057 1059/1059 1058/1060
f 1057/1057 1060/1058 1059/1059
f 1061/1061 1063/1063 1062/1064
f 1061/1061 1064/1062 1063/1063
f 1065/1065 1067/1067 1066/1068
f 1065/1065 1068/1066 1067/1067
f 1069/1069 1071/1071 1070/1072
f 1069/1069 1072/1070 1071/1071
f 1073/1073 1075/1075 1074/1076
f 1073/1073 1076/1074 1075/1075
f 1077/1077 1079/1079 1078/1080
f 1077/1077 1080/1078 1079/1079
f 1081/1081 1083/1083 1082/1084
f 1081/1081 1084/1082 1083/1083
f 1085/1085 1087/1087 1086/1088
f 1085/1085 1088/1086 1087/1087
f 1089/1089 1091/1091 1090/1092
f 1089/1089 1092/1090 1091/1091
f 1093/1093 1095/1095 1094/1096
f 1093/1093 1096/1094 1095/1095
f 1097/1097 1099/1099 1098/1100
f 1097/1097 1100/1098 1099/1099
f 1101/1101 1103/1103 1102/1104
f 1101/1101 1104/1102 1103/1103
f 1105/1105 1107/1107 1106/1108
f 1105/1105 1108/1106 1107/1107
f 1109/1109 1111/1111 1110/1112
f 1109/1109 1112/1110 1111/1111
f 1113/1113 1115/1115 1114/1116
f 1113/1113 1116/1114 1115/1115
f 1117/1117 1119/1119 1118/1120
f 1117/1117 1120/1118 1119/1119
f 1121/1121 1123/1123 1122/1124
f 1121/1121 1124/1122 1123/1123
f 1125/1125 1127/1127 1126/1128
f 1125/1125 1128/1126 1127/1127
f 1129/1129 1131/1131 1130/1132
f 1129/1129 1132/1130 1131/1131
f 1133/1133 1135/1135 1134/1136
f 1133/1133 1136/1134 1135/1135
f 1137/1137 1139/1139 1138/1140
f 1137/1137 1140/1138 1139/1139
f 1141/1141 1143/1143 1142/1144
f 1141/1141 1144/1142 1143/1143
f 1145/1145 1147/1147 1146/1148
f 1145/1145 1148/1146 1147/1147
f 1149/1149 1151/1151 1150/1152
f 1149/1149 1152/1150 1151/1151
f 1153/1153 1155/1155 1154/1156
f 1153/1153 1156/1154 1155/1155
f 1157/1157 1159/1159 1158/1160
f 1157/1157 1160/1158 1159/1159
f 1161/1161 1163/1163 1162/1164
f 1161/1161 1164/1162 1163/1163
f 1165/1165 1167/1167 1166/1168
f 1165/1165 1168/1166 1167/1167
f 1169/1169 1171/1171 1170/1172
f 1169/1169 1172/1170 1171/1171
f 1173/1173 1175/1175 1174/1176
f 1173/1173 1176/1174 1175/1175
f 1177/1177 1179/1179 1178/1180
f 1177/1177 1180/1178 1179/1179
f 1181/1181 1183/1183 1182/1184
f 1181/1181 1184/1182 1183/1183
f 1185/1185 1187/1187 1186/1188
f 1185/1185 1188/1186 1187/1187
f 1189/1189 1191/1191 1190/1192
f 1189/1189 1192/1190 1191/1191
f 1193/1193 1195/1195 1194/1196
f 1193/1193 1196/1194 1195/1195
f 1197/1197 1199/1199 1198/1200
f 1197/1197 1200/1198 1199/1199
f 1201/1201 1203/1203 1202/1204
f 1201/1201 1204/1202 1203/1203
f 1205/1205 1207/1207 1206/1208
f 1205/1205 1208/1206 1207/1207
f 1209/1209 1211/1211 1210/1212
f 1209/1209 1212/1210 1211/1211
f 1213/1213 1215/1215 1214/1216
f 1213/1213 1216/1214 1215/1215
f 1217/1217 1219/1219 1218/1220
f 1217/1217 1220/1218 1219/1219
f 1221/1221 1223/1223 1222/1224
f 1221/1221 1224/1222 1223/1223
f 1225/1225 1227/1227 1226/1228
f 1225/1225 1228/1226 1227/1227
f 1229/1229 1231/1231 1230/1232
f 1229/1229 1232/1230 1231/1231
f 1233/1233 1235/1235 1234/1236
f 1233/1233 1236/1234 1235/1235
f 1237/1237 1239/1239 1238/1240
f 1237/1237 1240/1238 1239/1239
f 1241/1241 1243/1243 1242/1244
f 1241/1241 1244/1242 1243/1243
f 1245/1245 1247/1247 1246/1248
f 1245/1245 1248/1246 1247/1247
f 1249/1249 1251/1251 1250/1252
f 1249/1249 1252/1250 1251/1251
f 1253/1253 1255/1255 1254/1256
f 1253/1253 1256/1254 1255/1255
f 1257/1257 1259/1259 1258/1260
f 1257/1257 1260/1258 1259/1259
f 1261/1261 1263/1263 1262/1264
f 1261/1261 1264/1262 1263/1263
f 1265/1265 1267/1267 1266/1268
f 1265/1265 1268/1266 1267/1267
f 1269/1269 1271/1271 1270/1272
f 1269/1269 1272/1270 1271/1271
f 1273/1273 1275/1275 1274/1276
f 1273/1273 1276/1274 1275/1275
f 1277/1277 1279/1279 1278/1280
f 1277/1277 1280/1278 1279/1279
f 1281/1281 1283/1283 1282/1284
f 1281/1281 1284/1282 1283/1283
f 1285/1285 1287/1287 1286/1288
f 1285/1285 1288/1286 1287/1287
f 1289/1289 1291/1291 1290/1292
f 1289/1289 1292/1290 1291/1291
f 1293/1293 1295/1295 1294/1296
f 1293/1293 1296/1294 1295/1295
f 1297/1297 1299/1299 1298/1300
f 1297/1297 1300/1298 1299/1299
f 1301/1301 1303/1303 1302/1304
f 1301/1301 1304/1302 1303/1303
f 1305/1305 1307/1307 1306/1308
f 1305/1305 1308/1306 1307/1307
f 1309/1309 1311/1311 1310/1312
f 1309/1309 1312/1310 1311/1311
f 1313/1313 1315/1315 1314/1316
f 1313/1313 1316/1314 1315/1315
f 1317/1317 1319/1319 1318/1320
f 1317/1317 1320/1318 1319/1319
f 1321/1321 1323/1323 1322/1324
f 1321/1321 1324/1322 1323/1323
f 1325/1325 1327/1327 1326/1328
f 1325/1325 1328/1326 1327/1327
f 1329/1329 1331/1331 1330/1332
f 1329/1329 1332/1330 1331/1331
f 1333/1333 1335/1335 1334/1336
f 1333/1333 1336/1334 1335/1335
f 1337/1337 1339/1339 1338/1340
f 1337/1337 1340/1338 1339/1339
f 1341/1341 1343/1343 1342/1344
f 1341/1341 1344/1342 1343/1343
f 1345/1345 1347/1347 1346/1348
f 1345/1345 1348/1346 1347/1347
f 1349/1349 1351/1351 1350/1352
f 1349/1349 1352/1350 1351/1351
f 1353/1353 1355/1355 1354/1356
f 1353/1353 1356/1354 1355/1355
f 1357/1357 1359/1359 1358/1360
f 1357/1357 1360/1358 1359/1359
f 1361/1361 1363/1363 1362/1364
f 1361/1361 1364/1362 1363/1363
f 1365/1365 1367/1367 1366/1368
f 1365/1365 1368/1366 1367/1367
f 1369/1369 1371/1371 1370/1372
f 1369/1369 1372/1370 1371/1371
f 1373/1373 1375/1375 1374/1376
f 1373/1373 1376/1374 1375/1375
f 1377/1377 1379/1379 1378/1380
f 1377/1377 1380/1378 1379/1379
f 1381/1381 1383/1383 1382/1384
f 1381/1381 1384/1382 1383/1383
f 1385/1385 1387/1387 1386/1388
f 1385/1385 1388/1386 1387/1387
f 1389/1389 1391/1391 1390/1392
f 1389/1389 1392/1390 1391/1391
f 1393/1393 1395/1395 1394/1396
f 1393/1393 1396/1394 1395/1395
f 1397/1397 1399/1399 1398/1400
f 1397/1397 1400/1398 1399/1399
f 1401/1401 1403/1403 1402/1404
f 1401/1401 1404/1402 1403/1403
f 1405/1405 1407/1407 1406/1408
f 1405/1405 1408/1406 1407/1407
f 1409/1409 1411/1411 1410/1412
f 1409/1409 1412/1410 1411/1411
f 1413/1413 1415/1415 1414/1416
f 1413/1413 1416/1414 1415/1415
f 1417/1417 1419/1419 1418/1420
f 1417/1417 1420/1418 1419/1419
f 1421/1421 1423/1423 1422/1424
f 1421/1421 1424/1422 1423/1423
f 1425/1425 1427/1427 1426/1428
f 1425/1425 1428/1426 1427/1427
f 1429/1429 1431/1431 1430/1432
f 1429/1429 1432/1430 1431/1431
f 1433/1433 1435/1435 1434/1436
f 1433/1433 1436/1434 1435/1435
f 1437/1437 1439/1439 1438/1440
f 1437/1437 1440/1438 1439/1439
f 1441/1441 1443/1443 1442/1444
f 1441/1441 1444/1442 1443/1443
f 1445/1445 1447/1447 1446/1448
f 1445/1445 1448/1446 1447/1447
f 1449/1449 1451/1451 1450/1452
f 1449/1449 1452/1450 1451/1451
f 1453/1453 1455/1455 1454/1456
f 1453/1453 1456/1454 1455/1455
f 1457/1457 1459/1459 1458/1460
f 1457/1457 1460/1458 1459/1459
f 1461/1461 1463/1463 1462/1464
f 1461/1461 1464/1462 1463/1463
f 1465/1465 1467/1467 1466/1468
f 1465/1465 1468/1466 1467/1467
f 1469/1469 1471/1471 1470/1472
f 1469/1469 1472/1470 1471/1471
f 1473/1473 1475/1475 1474/1476
f 1473/1473 1476/1474 1475/1475
f 1477/1477 1479/1479 1478/1480
f 1477/1477 1480/1478 1479/1479
f 1481/1481 1483/1483 1482/1484
f 1481/1481 1484/1482 1483/1483
f 1485/1485 1487/1487 1486/1488
f 1485/1485 1488/1486 1487/1487
f 1489/1489 1491/1491 1490/1492
f 1489/1489 1492/1490 1491/1491
f 1493/1493 1495/1495 1494/1496
f 1493/1493 1496/1494 1495/1495
f 1497/1497 1499/1499 1498/1500
f 1497/1497 1500/1498 1499/1499
f 1501/1501 1503/1503 1502/1504
f 1501/1501 1504/1502 1503/1503
f 1505/1505 1507/1507 1506/1508
f 1505/1505 1508/1506 1507/1507
f 1509/1509 1511/1511 1510/1512
f 1509/1509 1512/1510 1511/1511
f 1513/1513 1515/1515 1514/1516
f 1513/1513 1516/1514 1515/1515
f 1517/1517 1519/1519 1518/1520
f 1517/1517 1520/1518 1519/1519
f 1521/1521 1523/1523 1522/1524
f 1521/1521 1524/1522 1523/1523
f 1525/1525 1527/1527 1526/1528
f 1525/1525 1528/1526 1527/1527
f 1529/1529 1531/1531 1530/1532
f 1529/1529 1532/1530 1531/1531
f 1533/1533 1535/1535 1534/1536
f 1533/1533 1536/1534 1535/1535
f 1537/1537 1539/1539 1538/1540
f 1537/1537 1540/1538 1539/1539
f 1541/1541 1543/1543 1542/1544
f 1541/1541 1544/1542 1543/1543
f 1545/1545 1547/1547 1546/1548
f 1545/1545 1548/1546 1547/1547
f 1549/1549 1551/1551 1550/1552
f 1549/1549 1552/1550 1551/1551
f 1553/1553 1555/1555 1554/1556
f 1553/1553 1556/1554 1555/1555
f 1557/1557 1559/1559 1558/1560
f 1557/1557 1560/1558 1559/1559
f 1561/1561 1563/1563 1562/1564
f 1561/1561 1564/1562 1563/1563
f 1565/1565 1567/1567 1566/1568
f 1565/1565 1568/1566 1567/1567
f 1569/1569 1571/1571 1570/1572
f 1569/1569 1572/1570 1571/1571
f 1573/1573 1575/1575 1574/1576
f 1573/1573 1576/1574 1575/1575
f 1577/1577 1579/1579 1578/1580
f 1577/1577 1580/1578 1579/1579
f 1581/1581 1583/1583 1582/1584
f 1581/1581 1584/1582 1583/1583
f 1585/1585 1587/1587 1586/1588
f 1585/1585 1588/1586 1587/1587
f 1589/1589 1591/1591 1590/1592
f 1589/1589 1592/1590 1591/1591
f 1593/1593 1595/1595 1594/1596
f 1593/1593 1596/1594 1595/1595
f 1597/1597 1599/1599 1598/1600
f 1597/1597 1600/1598 1599/1599
f 1601/1601 1603/1603 1602/1604
f 1601/1601 1604/1602 1603/1603
f 1605/1605 1607/1607 1606/1608
f 1605/1605 1608/1606 1607/1607
f 1609/1609 1611/1611 1610/1612
f 1609/1609 1612/1610 1611/1611
f 1613/1613 1615/1615 1614/1616
f 1613/1613 1616/1614 1615/1615
f 1617/1617 1619/1619 1618/1620
f 1617/1617 1620/1618 1619/1619
f 1621/1621 1623/1623 1622/1624
f 1621/1621 1624/1622 1623/1623
f 1625/1625 1627/1627 1626/1628
f 1625/1625 1628/1626 1627/1627
f 1629/1629 1631/1631 1630/1632
f 1629/1629 1632/1630 1631/1631
f 1633/1633 1635/1635 1634/1636
f 1633/1633 1636/1634 1635/1635
f 1637/1637 1639/1639 1638/1640
f 1637/1637 1640/1638 1639/1639
f 1641/1641 1643/1643 1642/1644
f 1641/1641 1644/1642 1643/1643
f 1645/1645 1647/1647 1646/1648
f 1645/1645 1648/1646 1647/1647
f 1649/1649 1651/1651 1650/1652
f 1649/1649 1652/1650 1651/1651
f 1653/1653 1655/1655 1654/1656
f 1653/1653 1656/1654 1655/1655
f 1657/1657 1659/1659 1658/1660
f 1657/1657 1660/1658 1659/1659
f 1661/1661 1663/1663 1662/1664
f 1661/1661 1664/1662 1663/1663
f 1665/1665 1667/1667 1666/1668
f 1665/1665 1668/1666 1667/1667
f 1669/1669 1671/1671 1670/1672
f 1669/1669 1672/1670 1671/1671
f 1673/1673 1675/1675 1674/1676
f 1673/1673 1676/1674 1675/1675
f 1677/1677 1679/1679 1678/1680
f 1677/1677 1680/1678 1679/1679
f 1681/1681 1683/1683 1682/1684
f 1681/1681 1684/1682 1683/1683
f 1685/1685 1687/1687 1686/1688
f 1685/1685 1688/1686 1687/1687
f 1689/1689 1691/1691 1690/1692
f 1689/1689 1692/1690 1691/1691
f 1693/1693 1695/1695 1694/1696
f 1693/1693 1696/1694 1695/1695
f 1697/1697 1699/1699 1698/1700
f 1697/1697 1700/1698 1699/1699
f 1701/1701 1703/1703 1702/1704
f 1701/1701 1704/1702 1703/1703
f 1705/1705 1707/1707 1706/1708
f 1705/1705 1708/1706 1707/1707
f 1709/1709 1711/1711 1710/1712
f 1709/1709 1712/1710 1711/1711
f 1713/1713 1715/1715 1714/1716
f 1713/1713 1716/1714 1715/1715
f 1717/1717 1719/1719 1718/1720
f 1717/1717 1720/1718 1719/1719
f 1721/1721 1723/1723 1722/1724
f 1721/1721 1724/1722 1723/1723
f 1725/1725 1727/1727 1726/1728
f 1725/1725 1728/1726 1727/1727
f 1729/1729 1731/1731 1730/1732
f 1729/1729 1732/1730 1731/1731
f 1733/1733 1735/1735 1734/1736
f 1733/1733 1736/1734 1735/1735
f 1737/1737 1739/1739 1738/1740
f 1737/1737 1740/1738 1739/1739
f 1741/1741 1743/1743 1742/1744
f 1741/1741 1744/1742 1743/1743
f 1745/1745 1747/1747 1746/1748
f 1745/1745 1748/1746 1747/1747
f 1749/1749 1751/1751 1750/1752
f 1749/1749 1752/1750 1751/1751
f 1753/1753 1755/1755 1754/1756
f 1753/1753 1756/1754 1755/1755
f 1757/1757 1759/1759 1758/1760
f 1757/1757 1760/1758 1759/1759
f 1761/1761 1763/1763 1762/1764
f 1761/1761 1764/1762 1763/1763
f 1765/1765 1767/1767 1766/1768
f 1765/1765 1768/1766 1767/1767
f 1769/1769 1771/1771 1770/1772
f 1769/1769 1772/1770 1771/1771
f 1773/1773 1775/1775 1774/1776
f 1773/1773 1776/1774 1775/1775
f 1777/1777 1779/1779 1778/1780
f 1777/1777 1780/1778 1779/1779
f 1781/1781 1783/1783 1782/1784
f 1781/1781 1784/1782 1783/1783
f 1785/1785 1787/1787 1786/1788
f 1785/1785 1788/1786 1787/1787
f 1789/1789 1791/1791 1790/1792
f 1789/1789 1792/1790 1791/1791
f 1793/1793 1795/1795 1794/1796
f 1793/1793 1796/1794 1795/1795
f 1797/1797 1799/1799 1798/1800
f 1797/1797 1800/1798 1799/1799
f 1801/1801 1803/1803 1802/1804
f 1801/1801 1804/1802 1803/1803
f 1805/1805 1807/1807 1806/1808
f 1805/1805 1808/1806 1807/1807
f 1809/1809 1811/1811 1810/1812
f 1809/1809 1812/1810 1811/1811
f 1813/1813 1815/1815 1814/1816
f 1813/1813 1816/1814 1815/1815
f 1817/1817 1819/1819 1818/1820
f 1817/1817 1820/1818 1819/1819
f 1821/1821 1823/1823 1822/1824
f 1821/1821 1824/1822 1823/1823
f 1825/1825 1827/1827 1826/1828
f 1825/1825 1828/1826 1827/1827
f 1829/1829 1831/1831 1830/1832
f 1829/1829 1832/1830 1831/1831
f 1833/1833 1835/1835 1834/1836
f 1833/1833 1836/1834 1835/1835
f 1837/1837 1839/1839 1838/1840
f 1837/1837 1840/1838 1839/1839
f 1841/1841 1843/1843 1842/1844
f 1841/1841 1844/1842 1843/1843
f 1845/1845 1847/1847 1846/1848
f 1845/1845 1848/1846 1847/1847
f 1849/1849 1851/1851 1850/1852
f 1849/1849 1852/1850 1851/1851
f 1853/1853 1855/1855 1854/1856
f 1853/1853 1856/1854 1855/1855
f 1857/1857 1859/1859 1858/1860
f 1857/1857 1860/1858 1859/1859
f 1861/1861 1863/1863 1862/1864
f 1861/1861 1864/1862 1863/1863
f 1865/1865 1867/1867 1866/1868
f 1865/1865 1868/1866 1867/1867
f 1869/1869 1871/1871 1870/1872
f 1869/1869 1872/1870 1871/1871
f 1873/1873 1875/1875 1874/1876
f 1873/1873 1876/1874 1875/1875
f 1877/1877 1879/1879 1878/1880
f 1877/1877 1880/1878 1879/1879
f 1881/1881 1883/1883 1882/1884
f 1881/1881 1884/1882 1883/1883
f 1885/1885 1887/1887 1886/1888
f 1885/1885 1888/1886 1887/1887
f 1889/1889 1891/1891 1890/1892
f 1889/1889 1892/1890 1891/1891
f 1893/1893 1895/1895 1894/1896
f 1893/1893 1896/1894 1895/1895
f 1897/1897 1899/1899 1898/1900
f 1897/1897 1900/1898 1899/1899
f 1901/1901 1903/1903 1902/1904
f 1901/1901 1904/1902 1903/1903
f 1905/1905 1907/1907 1906/1908
f 1905/1905 1908/1906 1907/1907
f 1909/1909 1911/1911 1910/1912
f 1909/1909 1912/1910 1911/1911
f 1913/1913 1915/1915 1914/1916
f 1913/1913 1916/1914 1915/1915
f 1917/1917 1919/1919 1918/1920
f 1917/1917 1920/1918 1919/1919
f 1921/1921 1923/1923 1922/1924
f 1921/1921 1924/1922 1923/1923
f 1925/1925 1927/1927 1926/1928
f 1925/1925 1928/1926 1927/1927
f 1929/1929 1931/1931 1930/1932
f 1929/1929 1932/1930 1931/1931
f 1933/1933 1935/1935 1934/1936
f 1933/1933 1936/1934 1935/1935
f 1937/1937 1939/1939 1938/1940
f 1937/1937 1940/1938 1939/1939
f 1941/1941 1943/1943 1942/1944
f 1941/1941 1944/1942 1943/1943
f 1945/1945 1947/1947 1946/1948
f 1945/1945 1948/1946 1947/1947
f 1949/1949 1951/1951 1950/1952
f 1949/1949 1952/1950 1951/1951
f 1953/1953 1955/1955 1954/1956
f 1953/1953 1956/1954 1955/1955
f 1957/1957 1959/1959 1958/1960
f 1957/1957 1960/1958 1959/1959
f 1961/1961 1963/1963 1962/1964
f 1961/1961 1964/1962 1963/1963
f 1965/1965 1967/1967 1966/1968
f 1965/1965 1968/1966 1967/1967
f 1969/1969 1971/1971 1970/1972
f 1969/1969 1972/1970 1971/1971
f 1973/1973 1975/1975 1974/1976
f 1973/1973 1976/1974 1975/1975
f 1977/1977 1979/1979 1978/1980
f 1977/1977 1980/1978 1979/1979
f 1981/1981 1983/1983 1982/1984
f 1981/1981 1984/1982 1983/1983
f 1985/1985 1987/1987 1986/1988
f 1985/1985 1988/1986 1987/1987
f 1989/1989 1991/1991 1990/1992
f 1989/1989 1992/1990 1991/1991
f 1993/1993 1995/1995 1994/1996
f 1993/1993 1996/1994 1995/1995
f 1997/1997 1999/1999 1998/2000
f 1997/1997 2000/1998 1999/1999
f 2001/2001 2003/2003 2002/2004
f 2001/2001 2004/2002 2003/2003
f 2005/2005 2007/2007 2006/2008
f 2005/2005 2008/2006 2007/2007
f 2009/2009 2011/2011 2010/2012
f 2009/2009 2012/2010 2011/2011
f 2013/2013 2015/2015 2014/2016
f 2013/2013 2016/2014 2015/2015
f 2017/2017 2019/2019 2018/2020
f 2017/2017 2020/2018 2019/2019
f 2021/2021 2023/2023 2022/2024
f 2021/2021 2024/2022 2023/2023
f 2025/2025 2027/2027 2026/2028
f 2025/2025 2028/2026 2027/2027
f 2029/2029 2031/2031 2030/2032
f 2029/2029 2032/2030 2031/2031
f 2033/2033 2035/2035 2034/2036
f 2033/2033 2036/2034 2035/2035
f 2037/2037 2039/2039 2038/2040
f 2037/2037 2040/2038 2039/2039
f 2041/2041 2043/2043 2042/2044
f 2041/2041 2044/2042 2043/2043
f 2045/2045 2047/2047 2046/2048
f 2045/2045 2048/2046 2047/2047
f 2049/2049 2051/2051 2050/2052
f 2049/2049 2052/2050 2051/2051
f 2053/2053 2055/2055 2054/2056
f 2053/2053 2056/2054 2055/2055
f 2057/2057 2059/2059 2058/2060
f 2057/2057 2060/2058 2059/2059
f 2061/2061 2063/2063 2062/2064
f 2061/2061 2064/2062 2063/2063
f 2065/2065 2067/2067 2066/2068
f 2065/2065 2068/2066 2067/2067
f 2069/2069 2071/2071 2070/2072
f 2069/2069 2072/2070 2071/2071
f 2073/2073 2075/2075 2074/2076
f 2073/2073 2076/2074 2075/2075
f 2077/2077 2079/2079 2078/2080
f 2077/2077 2080/2078 2079/2079
f 2081/2081 2083/2083 2082/2084
f 2081/2081 2084/2082 2083/2083
f 2085/2085 2087/2087 2086/2088
f 2085/2085 2088/2086 2087/2087
f 2089/2089 2091/2091 2090/2092
f 2089/2089 2092/2090 2091/2091
f 2093/2093 2095/2095 2094/2096
f 2093/2093 2096/2094 2095/2095
f 2097/2097 2099/2099 2098/2100
f 2097/2097 2100/2098 2099/2099
f 2101/2101 2103/2103 2102/2104
f 2101/2101 2104/2102 2103/2103
f 2105/2105 2107/2107 2106/2108
f 2105/2105 2108/2106 2107/2107
f 2109/2109 2111/2111 2110/2112
f 2109/2109 2112/2110 2111/2111
f 2113/2113 2115/2115 2114/2116
f 2113/2113 2116/2114 2115/2115
f 2117/2117 2119/2119 2118/2120
f 2117/2117 2120/2118 2119/2119
f 2121/2121 2123/2123 2122/2124
f 2121/2121 2124/2122 2123/2123
f 2125/2125 2127/2127 2126/2128
f 2125/2125 2128/2126 2127/2127
f 2129/2129 2131/2131 2130/2132
f 2129/2129 2132/2130 2131/2131
f 2133/2133 2135/2135 2134/2136
f 2133/2133 2136/2134 2135/2135
f 2137/2137 2139/2139 2138/2140
f 2137/2137 2140/2138 2139/2139
f 2141/2141 2143/2143 2142/2144
f 2141/2141 2144/2142 2143/2143
f 2145/2145 2147/2147 2146/2148
f 2145/2145 2148/2146 2147/2147
f 2149/2149 2151/2151 2150/2152
f 2149/2149 2152/2150 2151/2151
f 2153/2153 2155/2155 2154/2156
f 2153/2153 2156/2154 2155/2155
f 2157/2157 2159/2159 2158/2160
f 2157/2157 2160/2158 2159/2159
f 2161/2161 2163/2163 2162/2164
f 2161/2161 2164/2162 2163/2163
f 2165/2165 2167/2167 2166/2168
f 2165/2165 2168/2166 2167/2167
f 2169/2169 2171/2171 2170/2172
f 2169/2169 2172/2170 2171/2171
f 2173/2173 2175/2175 2174/2176
f 2173/2173 2176/2174 2175/2175
f 2177/2177 2179/2179 2178/2180
f 2177/2177 2180/2178 2179/2179
f 2181/2181 2183/2183 2182/2184
f 2181/2181 2184/2182 2183/2183
f 2185/2185 2187/2187 2186/2188
f 2185/2185 2188/2186 2187/2187
f 2189/2189 2191/2191 2190/2192
f 2189/2189 2192/2190 2191/2191
f 2193/2193 2195/2195 2194/2196
f 2193/2193 2196/2194 2195/2195
f 2197/2197 2199/2199 2198/2200
f 2197/2197 2200/2198 2199/2199
f 2201/2201 2203/2203 2202/2204
f 2201/2201 2204/2202 2203/2203
f 2205/2205 2207/2207 2206/2208
f 2205/2205 2208/2206 2207/2207
f 2209/2209 2211/2211 2210/2212
f 2209/2209 2212/2210 2211/2211
f 2213/2213 2215/2215 2214/2216
f 2213/2213 2216/2214 2215/2215
f 2217/2217 2219/2219 2218/2220
f 2217/2217 2220/2218 2219/2219
f 2221/2221 2223/2223 2222/2224
f 2221/2221 2224/2222 2223/2223
f 2225/2225 2227/2227 2226/2228
f 2225/2225 2228/2226 2227/2227
f 2229/2229 2231/2231 2230/2232
f 2229/2229 2232/2230 2231/2231
f 2233/2233 2235/2235 2234/2236
f 2233/2233 2236/2234 2235/2235
f 2237/2237 2239/2239 2238/2240
f 2237/2237 2240/2238 2239/2239
f 2241/2241 2243/2243 2242/2244
f 2241/2241 2244/2242 2243/2243
f 2245/2245 2247/2247 2246/2248
f 2245/2245 2248/2246 2247/2247
f 2249/2249 2251/2251 2250/2252
f 2249/2249 2252/2250 2251/2251
f 2253/2253 2255/2255 2254/2256
f 2253/2253 2256/2254 2255/2255
f 2257/2257 2259/2259 2258/2260
f 2257/2257 2260/2258 2259/2259
f 2261/2261 2263/2263 2262/2264
f 2261/2261 2264/2262 2263/2263
f 2265/2265 2267/2267 2266/2268
f 2265/2265 2268/2266 2267/2267
f 2269/2269 2271/2271 2270/2272
f 2269/2269 2272/2270 2271/2271
f 2273/2273 2275/2275 2274/2276
f 2273/2273 2276/2274 2275/2275
f 2277/2277 2279/2279 2278/2280
f 2277/2277 2280/2278 2279/2279
f 2281/2281 2283/2283 2282/2284
f 2281/2281 2284/2282 2283/2283
f 2285/2285 2287/2287 2286/2288
f 2285/2285 2288/2286 2287/2287
f 2289/2289 2291/2291 2290/2292
f 2289/2289 2292/2290 2291/2291
f 2293/2293 2295/2295 2294/2296
f 2293/2293 2296/2294 2295/2295
f 2297/2297 2299/2299 2298/2300
f 2297/2297 2300/2298 2299/2299
f 2301/2301 2303/2303 2302/2304
f 2301/2301 2304/2302 2303/2303
f 2305/2305 2307/2307 2306/2308
f 2305/2305 2308/2306 2307/2307
f 2309/2309 2311/2311 2310/2312
f 2309/2309 2312/2310 2311/2311
f 2313/2313 2315/2315 2314/2316
f 2313/2313 2316/2314 2315/2315
f 2317/2317 2319/2319 2318/2320
f 2317/2317 2320/2318 2319/2319
f 2321/2321 2323/2323 2322/2324
f 2321/2321 2324/2322 2323/2323
f 2325/2325 2327/2327 2326/2328
f 2325/2325 2328/2326 2327/2327
f 2329/2329 2331/2331 2330/2332
f 2329/2329 2332/2330 2331/2331
f 2333/2333 2335/2335 2334/2336
f 2333/2333 2336/2334 2335/2335
f 2337/2337 2339/2339 2338/2340
f 2337/2337 2340/2338 2339/2339
f 2341/2341 2343/2343 2342/2344
f 2341/2341 2344/2342 2343/2343
f 2345/2345 2347/2347 2346/2348
f 2345/2345 2348/2346 2347/2347
f 2349/2349 2351/2351 2350/2352
f 2349/2349 2352/2350 2351/2351
f 2353/2353 2355/2355 2354/2356
f 2353/2353 2356/2354 2355/2355
f 2357/2357 2359/2359 2358/2360
f 2357/2357 2360/2358 2359/2359
f 2361/2361 2363/2363 2362/2364
f 2361/2361 2364/2362 2363/2363
f 2365/2365 2367/2367 2366/2368
f 2365/2365 2368/2366 2367/2367
f 2369/2369 2371/2371 2370/2372
f 2369/2369 2372/2370 2371/2371
f 2373/2373 2375/2375 2374/2376
f 2373/2373 2376/2374 2375/2375
f 2377/2377 2379/2379 2378/2380
f 2377/2377 2380/2378 2379/2379
f 2381/2381 2383/2383 2382/2384
f 2381/2381 2384/2382 2383/2383
f 2385/2385 2387/2387 2386/2388
f 2385/2385 2388/2386 2387/2387
f 2389/2389 2391/2391 2390/2392
f 2389/2389 2392/2390 2391/2391
f 2393/2393 2395/2395 2394/2396
f 2393/2393 2396/2394 2395/2395
f 2397/2397 2399/2399 2398/2400
f 2397/2397 2400/2398 2399/2399
f 2401/2401 2403/2403 2402/2404
f 2401/2401 2404/2402 2403/2403
f 2405/2405 2407/2407 2406/2408
f 2405/2405 2408/2406 2407/2407
f 2409/2409 2411/2411 2410/2412
f 2409/2409 2412/2410 2411/2411
f 2413/2413 2415/2415 2414/2416
f 2413/2413 2416/2414 2415/2415
f 2417/2417 2419/2419 2418/2420
f 2417/2417 2420/2418 2419/2419
f 2421/2421 2423/2423 2422/2424
f 2421/2421 2424/2422 2423/2423
f 2425/2425 2427/2427 2426/2428
f 2425/2425 2428/2426 2427/2427
f 2429/2429 2431/2431 2430/2432
f 2429/2429 2432/2430 2431/2431
f 2433/2433 2435/2435 2434/2436
f 2433/2433 2436/2434 2435/2435
f 2437/2437 2439/2439 2438/2440
f 2437/2437 2440/2438 2439/2439
f 2441/2441 2443/2443 2442/2444
f 2441/2441 2444/2442 2443/2443
f 2445/2445 2447/2447 2446/2448
f 2445/2445 2448/2446 2447/2447
f 2449/2449 2451/2451 2450/2452
f 2449/2449 2452/2450 2451/2451
f 2453/2453 2455/2455 2454/2456
f 2453/2453 2456/2454 2455/2455
f 2457/2457 2459/2459 2458/2460
f 2457/2457 2460/2458 2459/2459
f 2461/2461 2463/2463 2462/2464
f 2461/2461 2464/2462 2463/2463
f 2465/2465 2467/2467 2466/2468
f 2465/2465 2468/2466 2467/2467
f 2469/2469 2471/2471 2470/2472
f 2469/2469 2472/2470 2471/2471
f 2473/2473 2475/2475 2474/2476
f 2473/2473 2476/2474 2475/2475
f 2477/2477 2479/2479 2478/2480
f 2477/2477 2480/2478 2479/2479
f 2481/2481 2483/2483 2482/2484
f 2481/2481 2484/2482 2483/2483
f 2485/2485 2487/2487 2486/2488
f 2485/2485 2488/2486 2487/2487
f 2489/2489 2491/2491 2490/2492
f 2489/2489 2492/2490 2491/2491
f 2493/2493 2495/2495 2494/2496
f 2493/2493 2496/2494 2495/2495
f 2497/2497 2499/2499 2498/2500
f 2497/2497 2500/2498 2499/2499
f 2501/2501 2503/2503 2502/2504
f 2501/2501 2504/2502 2503/2503
f 2505/2505 2507/2507 2506/2508
f 2505/2505 2508/2506 2507/2507
f 2509/2509 2511/2511 2510/2512
f 2509/2509 2512/2510 2511/2511
f 2513/2513 2515/2515 2514/2516
f 2513/2513 2516/2514 2515/2515
f 2517/2517 2519/2519 2518/2520
f 2517/2517 2520/2518 2519/2519
f 2521/2521 2523/2523 2522/2524
f 2521/2521 2524/2522 2523/2523
f 2525/2525 2527/2527 2526/2528
f 2525/2525 2528/2526 2527/2527
f 2529/2529 2531/2531 2530/2532
f 2529/2529 2532/2530 2531/2531
f 2533/2533 2535/2535 2534/2536
f 2533/2533 2536/2534 2535/2535
f 2537/2537 2539/2539 2538/2540
f 2537/2537 2540/2538 2539/2539
f 2541/2541 2543/2543 2542/2544
f 2541/2541 2544/2542 2543/2543
f 2545/2545 2547/2547 2546/2548
f 2545/2545 2548/2546 2547/2547
f 2549/2549 2551/2551 2550/2552
f 2549/2549 2552/2550 2551/2551
f 2553/2553 2555/2555 2554/2556
f 2553/2553 2556/2554 2555/2555
f 2557/2557 2559/2559 2558/2560
f 2557/2557 2560/2558 2559/2559
f 2561/2561 2563/2563 2562/2564
f 2561/2561 2564/2562 2563/2563
f 2565/2565 2567/2567 2566/2568
f 2565/2565 2568/2566 2567/2567
f 2569/2569 2571/2571 2570/2572
f 2569/2569 2572/2570 2571/2571
f 2573/2573 2575/2575 2574/2576
f 2573/2573 2576/2574 2575/2575
f 2577/2577 2579/2579 2578/2580
f 2577/2577 2580/2578 2579/2579
f 2581/2581 2583/2583 2582/2584
f 2581/2581 2584/2582 2583/2583
f 2585/2585 2587/2587 2586/2588
f 2585/2585 2588/2586 2587/2587
f 2589/2589 2591/2591 2590/2592
f 2589/2589 2592/2590 2591/2591
f 2593/2593 2595/2595 2594/2596
f 2593/2593 2596/2594 2595/2595
f 2597/2597 2599/2599 2598/2600
f 2597/2597 2600/2598 2599/2599
f 2601/2601 2603/2603 2602/2604
f 2601/2601 2604/2602 2603/2603
f 2605/2605 2607/2607 2606/2608
f 2605/2605 2608/2606 2607/2607
f 2609/2609 2611/2611 2610/2612
f 2609/2609 2612/2610 2611/2611
f 2613/2613 2615/2615 2614/2616
f 2613/2613 2616/2614 2615/2615
f 2617/2617 2619/2619 2618/2620
f 2617/2617 2620/2618 2619/2619
f 2621/2621 2623/2623 2622/2624
f 2621/2621 2624/2622 2623/2623
f 2625/2625 2627/2627 2626/2628
f 2625/2625 2628/2626 2627/2627
f 2629/2629 2631/2631 2630/2632
f 2629/2629 2632/2630 2631/2631
f 2633/2633 2635/2635 2634/2636
f 2633/2633 2636/2634 2635/2635
f 2637/2637 2639/2639 2638/2640
f 2637/2637 2640/2638 2639/2639
f 2641/2641 2643/2643 2642/2644
f 2641/2641 2644/2642 2643/2643
f 2645/2645 2647/2647 2646/2648
f 2645/2645 2648/2646 2647/2647
o layer_0_tile_489
v 2.000000 -0.002000 27.000000
v 3.000000 -0.002000 27.000000
v 3.000000 -0.002000 28.000000
v 2.000000 -0.002000 28.000000
v 3.000000 -0.002000 5.000000
v 4.000000 -0.002000 5.000000
v 4.000000 -0.002000 6.000000
v 3.000000 -0.002000 6.000000
v 3.000000 -0.002000 10.000000
v 4.000000 -0.002000 10.000000
v 4.000000 -0.002000 11.000000
v 3.000000 -0.002000 11.000000
v 3.000000 -0.002000 13.000000
v 4.000000 -0.002000 13.000000
v 4.000000 -0.002000 14.000000
v 3.000000 -0.002000 14.000000
v 3.000000 -0.002000 23.000000
v 4.000000 -0.002000 23.000000
v 4.000000 -0.002000 24.000000
v 3.000000 -0.002000 24.000000
v 6.000000 -0.002000 5.000000
v 7.000000 -0.002000 5.000000
v 7.000000 -0.002000 6.000000
v 6.000000 -0.002000 6.000000
v 8.000000 -0.002000 18.000000
v 9.000000 -0.002000 18.000000
v 9.000000 -0.002000 19.000000
v 8.000000 -0.002000 19.000000
v 8.000000 -0.002000 23.000000
v 9.000000 -0.002000 23.000000
v 9.000000 -0.002000 24.000000
v 8.000000 -0.002000 24.000000
v 9.000000 -0.002000 14.000000
v 10.000000 -0.002000 14.000000
v 10.000000 -0.002000 15.000000
v 9.000000 -0.002000 15.000000
v 9.000000 -0.002000 26.000000
v 10.000000 -0.002000 26.000000
v 10.000000 -0.002000 27.000000
v 9.000000 -0.002000 27.000000
v 10.000000 -0.002000 7.000000
v 11.000000 -0.002000 7.000000
v 11.000000 -0.002000 8.000000
v 10.000000 -0.002000 8.000000
v 11.000000 -0.002000 3.000000
v 12.000000 -0.002000 3.000000
v 12.000000 -0.002000 4.000000
v 11.000000 -0.002000 4.000000
v 12.000000 -0.002000 13.000000
v 13.000000 -0.002000 13.000000
v 13.000000 -0.002000 14.000000
v 12.000000 -0.002000 14.000000
v 12.000000 -0.002000 16.000000
v 13.000000 -0.002000 16.000000
v 13.000000 -0.002000 17.000000
v 12.000000 -0.002000 17.000000
v 13.000000 -0.002000 5.000000
v 14.000000 -0.002000 5.000000
v 14.000000 -0.002000 6.000000
v 13.000000 -0.002000 6.000000
v 13.000000 -0.002000 24.000000
v 14.000000 -0.002000 24.000000
v 14.000000 -0.002000 25.000000
v 13.000000 -0.002000 25.000000
v 15.000000 -0.002000 9.000000
v 16.000000 -0.002000 9.000000
v 16.000000 -0.002000 10.000000
v 15.000000 -0.002000 10.000000
v 16.000000 -0.002000 15.000000
v 17.000000 -0.002000 15.000000
v 17.000000 -0.002000 16.000000
v 16.000000 -0.002000 16.000000
v 16.000000 -0.002000 26.000000
v 17.000000 -0.002000 26.000000
v 17.000000 -0.002000 27.000000
v 16.000000 -0.002000 27.000000
v 17.000000 -0.002000 3.000000
v 18.000000 -0.002000 3.000000
v 18.000000 -0.002000 4.000000
v 17.000000 -0.002000 4.000000
vt 0.125000 0.983871
vt 0.250000 0.983871
vt 0.250000 1.000000
vt 0.125000 1.000000
vt 0.125000 0.983871
vt 0.250000 0.983871
vt 0.250000 1.000000
vt 0.125000 1.000000
vt 0.125000 0.983871
vt 0.250000 0.983871
vt 0.250000 1.000000
vt 0.125000 1.000000
vt 0.125000 0.983871
vt 0.250000 0.983871
vt 0.250000 1.000000
vt 0.125000 1.000000
vt 0.125000 0.983871
vt 0.250000 0.983871
vt 0.250000 1.000000
vt 0.125000 1.000000
vt 0.125000 0.983871
vt 0.250000 0.983871
vt 0.250000 1.000000
vt 0.125000 1.000000
vt 0.125000 0.983871
vt 0.250000 0.983871
vt 0.250000 1.000000
vt 0.125000 1.000000
vt 0.125000 0.983871
vt 0.250000 0.983871
vt 0.250000 1.000000
vt 0.125000 1.000000
vt 0.125000 0.983871
vt 0.250000 0.983871
vt 0.250000 1.000000
vt 0.125000 1.000000
vt 0.125000 0.983871
vt 0.250000 0.983871
vt 0.250000 1.000000
vt 0.125000 1.000000
vt 0.125000 0.983871
vt 0.250000 0.983871
vt 0.250000 1.000000
vt 0.125000 1.000000
vt 0.125000 0.983871
vt 0.250000 0.983871
vt 0.250000 1.000000
vt 0.125000 1.000000
vt 0.125000 0.983871
vt 0.250000 0.983871
vt 0.250000 1.000000
vt 0.125000 1.000000
vt 0.125000 0.983871
vt 0.250000 0.983871
vt 0.250000 1.000000
vt 0.125000 1.000000
vt 0.125000 0.983871
vt 0.250000 0.983871
vt 0.250000 1.000000
vt 0.125000 1.000000
vt 0.125000 0.983871
vt 0.250000 0.983871
vt 0.250000 1.000000
vt 0.125000 1.000000
vt 0.125000 0.983871
vt 0.250000 0.983871
vt 0.250000 1.000000
vt 0.125000 1.000000
vt 0.125000 0.983871
vt 0.250000 0.983871
vt 0.250000 1.000000
vt 0.125000 1.000000
vt 0.125000 0.983871
vt 0.250000 0.983871
vt 0.250000 1.000000
vt 0.125000 1.000000
vt 0.125000 0.983871
vt 0.250000 0.983871
vt 0.250000 1.000000
vt 0.125000 1.000000
usemtl tileset
f 2649/2649 2651/2651 2650/2652
f 2649/2649 2652/2650 2651/2651
f 2653/2653 2655/2655 2654/2656
f 2653/2653 2656/2654 2655/2655
f 2657/2657 2659/2659 2658/2660
f 2657/2657 2660/2658 2659/2659
f 2661/2661 2663/2663 2662/2664
f 2661/2661 2664/2662 2663/2663
f 2665/2665 2667/2667 2666/2668
f 2665/2665 2668/2666 2667/2667
f 2669/2669 2671/2671 2670/2672
f 2669/2669 2672/2670 2671/2671
f 2673/2673 2675/2675 2674/2676
f 2673/2673 2676/2674 2675/2675
f 2677/2677 2679/2679 2678/2680
f 2677/2677 2680/2678 2679/2679
f 2681/2681 2683/2683 2682/2684
f 2681/2681 2684/2682 2683/2683
f 2685/2685 2687/2687 2686/2688
f 2685/2685 2688/2686 2687/2687
f 2689/2689 2691/2691 2690/2692
f 2689/2689 2692/2690 2691/2691
f 2693/2693 2695/2695 2694/2696
f 2693/2693 2696/2694 2695/2695
f 2697/2697 2699/2699 2698/2700
f 2697/2697 2700/2698 2699/2699
f 2701/2701 2703/2703 2702/2704
f 2701/2701 2704/2702 2703/2703
f 2705/2705 2707/2707 2706/2708
f 2705/2705 2708/2706 2707/2707
f 2709/2709 2711/2711 2710/2712
f 2709/2709 2712/2710 2711/2711
f 2713/2713 2715/2715 2714/2716
f 2713/2713 2716/2714 2715/2715
f 2717/2717 2719/2719 2718/2720
f 2717/2717 2720/2718 2719/2719
f 2721/2721 2723/2723 2722/2724
f 2721/2721 2724/2722 2723/2723
f 2725/2725 2727/2727 2726/2728
f 2725/2725 2728/2726 2727/2727
o layer_0_tile_490
v 1.000000 -0.002000 3.000000
v 2.000000 -0.002000 3.000000
v 2.000000 -0.002000 4.000000
v 1.000000 -0.002000 4.000000
v 1.000000 -0.002000 8.000000
v 2.000000 -0.002000 8.000000
v 2.000000 -0.002000 9.000000
v 1.000000 -0.002000 9.000000
v 2.000000 -0.002000 20.000000
v 3.000000 -0.002000 20.000000
v 3.000000 -0.002000 21.000000
v 2.000000 -0.002000 21.000000
v 5.000000 -0.002000 13.000000
v 6.000000 -0.002000 13.000000
v 6.000000 -0.002000 14.000000
v 5.000000 -0.002000 14.000000
v 6.000000 -0.002000 4.000000
v 7.000000 -0.002000 4.000000
v 7.000000 -0.002000 5.000000
v 6.000000 -0.002000 5.000000
v 6.000000 -0.002000 25.000000
v 7.000000 -0.002000 25.000000
v 7.000000 -0.002000 26.000000
v 6.000000 -0.002000 26.000000
v 14.000000 -0.002000 21.000000
v 15.000000 -0.002000 21.000000
v 15.000000 -0.002000 22.000000
v 14.000000 -0.002000 22.000000
v 17.000000 -0.002000 12.000000
v 18.000000 -0.002000 12.000000
v 18.000000 -0.002000 13.000000
v 17.000000 -0.002000 13.000000
vt 0.250000 0.983871
vt 0.375000 0.983871
vt 0.375000 1.000000
vt 0.250000 1.000000
vt 0.250000 0.983871
vt 0.375000 0.983871
vt 0.375000 1.000000
vt 0.250000 1.000000
vt 0.250000 0.983871
vt 0.375000 0.983871
vt 0.375000 1.000000
vt 0.250000 1.000000
vt 0.250000 0.983871
vt 0.375000 0.983871
vt 0.375000 1.000000
vt 0.250000 1.000000
vt 0.250000 0.983871
vt 0.375000 0.983871
vt 0.375000 1.000000
vt 0.250000 1.000000
vt 0.250000 0.983871
vt 0.375000 0.983871
vt 0.375000 1.000000
vt 0.250000 1.000000
vt 0.250000 0.983871
vt 0.375000 0.983871
vt 0.375000 1.000000
vt 0.250000 1.000000
vt 0.250000 0.983871
vt 0.375000 0.983871
vt 0.375000 1.000000
vt 0.250000 1.000000
usemtl tileset
f 2729/2729 2731/2731 2730/2732
f 2729/2729 2732/2730 2731/2731
f 2733/2733 2735/2735 2734/2736
f 2733/2733 2736/2734 2735/2735
f 2737/2737 2739/2739 2738/2740
f 2737/2737 2740/2738 2739/2739
f 2741/2741 2743/2743 2742/2744
f 2741/2741 2744/2742 2743/2743
f 2745/2745 2747/2747 2746/2748
f 2745/2745 2748/2746 2747/2747
f 2749/2749 2751/2751 2750/2752
f 2749/2749 2752/2750 2751/2751
f 2753/2753 2755/2755 2754/2756
f 2753/2753 2756/2754 2755/2755
f 2757/2757 2759/2759 2758/2760
f 2757/2757 2760/2758 2759/2759
o layer_0_tile_491
v 1.000000 -0.002000 6.000000
v 2.000000 -0.002000 6.000000
v 2.000000 -0.002000 7.000000
v 1.000000 -0.002000 7.000000
v 1.000000 -0.002000 24.000000
v 2.000000 -0.002000 24.000000
v 2.000000 -0.002000 25.000000
v 1.000000 -0.002000 25.000000
v 2.000000 -0.002000 16.000000
v 3.000000 -0.002000 16.000000
v 3.000000 -0.002000 17.000000
v 2.000000 -0.002000 17.000000
v 3.000000 -0.002000 4.000000
v 4.000000 -0.002000 4.000000
v 4.000000 -0.002000 5.000000
v 3.000000 -0.002000 5.000000
v 6.000000 -0.002000 8.000000
v 7.000000 -0.002000 8.000000
v 7.000000 -0.002000 9.000000
v 6.000000 -0.002000 9.000000
v 7.000000 -0.002000 26.000000
v 8.000000 -0.002000 26.000000
v 8.000000 -0.002000 27.000000
v 7.000000 -0.002000 27.000000
v 11.000000 -0.002000 11.000000
v 12.000000 -0.002000 11.000000
v 12.000000 -0.002000 12.000000
v 11.000000 -0.002000 12.000000
v 15.000000 -0.002000 5.000000
v 16.000000 -0.002000 5.000000
v 16.000000 -0.002000 6.000000
v 15.000000 -0.002000 6.000000
v 17.000000 -0.002000 9.000000
v 18.000000 -0.002000 9.000000
v 18.000000 -0.002000 10.000000
v 17.000000 -0.002000 10.000000
v 17.000000 -0.002000 18.000000
v 18.000000 -0.002000 18.000000
v 18.000000 -0.002000 19.000000
v 17.000000 -0.002000 19.000000
vt 0.375000 0.983871
vt 0.500000 0.983871
vt 0.500000 1.000000
vt 0.375000 1.000000
vt 0.375000 0.983871
vt 0.500000 0.983871
vt 0.500000 1.000000
vt 0.375000 1.000000
vt 0.375000 0.983871
vt 0.500000 0.983871
vt 0.500000 1.000000
vt 0.375000 1.000000
vt 0.375000 0.983871
vt 0.500000 0.983871
vt 0.500000 1.000000
vt 0.375000 1.000000
vt 0.375000 0.983871
vt 0.500000 0.983871
vt 0.500000 1.000000
vt 0.375000 1.000000
vt 0.375000 0.983871
vt 0.500000 0.983871
vt 0.500000 1.000000
vt 0.375000 1.000000
vt 0.375000 0.983871
vt 0.500000 0.983871
vt 0.500000 1.000000
vt 0.375000 1.000000
vt 0.375000 0.983871
vt 0.500000 0.983871
vt 0.500000 1.000000
vt 0.375000 1.000000
vt 0.375000 0.983871
vt 0.500000 0.983871
vt 0.500000 1.000000
vt 0.375000 1.000000
vt 0.375000 0.983871
vt 0.500000 0.983871
vt 0.500000 1.000000
vt 0.375000 1.000000
usemtl tileset
f 2761/2761 2763/2763 2762/2764
f 2761/2761 2764/2762 2763/2763
f 2765/2765 2767/2767 2766/2768
f 2765/2765 2768/2766 2767/2767
f 2769/2769 2771/2771 2770/2772
f 2769/2769 2772/2770 2771/2771
f 2773/2773 2775/2775 2774/2776
f 2773/2773 2776/2774 2775/2775
f 2777/2777 2779/2779 2778/2780
f 2777/2777 2780/2778 2779/2779
f 2781/2781 2783/2783 2782/2784
f 2781/2781 2784/2782 2783/2783
f 2785/2785 2787/2787 2786/2788
f 2785/2785 2788/2786 2787/2787
f 2789/2789 2791/2791 2790/2792
f 2789/2789 2792/2790 2791/2791
f 2793/2793 2795/2795 2794/2796
f 2793/2793 2796/2794 2795/2795
f 2797/2797 2799/2799 2798/2800
f 2797/2797 2800/2798 2799/2799
o layer_1_tile_440
v 0.000000 0.000000 14.000000
v 1.000000 0.000000 14.000000
v 1.000000 0.000000 15.000000
v 0.000000 0.000000 15.000000
v 1.000000 0.000000 14.000000
v 2.000000 0.000000 14.000000
v 2.000000 0.000000 15.000000
v 1.000000 0.000000 15.000000
vt 0.000000 0.887097
vt 0.125000 0.887097
vt 0.125000 0.903226
vt 0.000000 0.903226
vt 0.000000 0.887097
vt 0.125000 0.887097
vt 0.125000 0.903226
vt 0.000000 0.903226
usemtl tileset
f 2801/2801 2803/2803 2802/2804
f 2801/2801 2804/2802 2803/2803
f 2805/2805 2807/2807 2806/2808
f 2805/2805 2808/2806 2807/2807
o layer_1_tile_441
v 0.000000 0.000000 15.000000
v 1.000000 0.000000 15.000000
v 1.000000 0.000000 16.000000
v 0.000000 0.000000 16.000000
v 0.000000 0.000000 16.000000
v 1.000000 0.000000 16.000000
v 1.000000 0.000000 17.000000
v 0.000000 0.000000 17.000000
v 0.000000 0.000000 17.000000
v 1.000000 0.000000 17.000000
v 1.000000 0.000000 18.000000
v 0.000000 0.000000 18.000000
v 0.000000 0.000000 18.000000
v 1.000000 0.000000 18.000000
v 1.000000 0.000000 19.000000
v 0.000000 0.000000 19.000000
v 0.000000 0.000000 19.000000
v 1.000000 0.000000 19.000000
v 1.000000 0.000000 20.000000
v 0.000000 0.000000 20.000000
v 0.000000 0.000000 20.000000
v 1.000000 0.000000 20.000000
v 1.000000 0.000000 21.000000
v 0.000000 0.000000 21.000000
v 0.000000 0.000000 21.000000
v 1.000000 0.000000 21.000000
v 1.000000 0.000000 22.000000
v 0.000000 0.000000 22.000000
v 0.000000 0.000000 22.000000
v 1.000000 0.000000 22.000000
v 1.000000 0.000000 23.000000
v 0.000000 0.000000 23.000000
v 0.000000 0.000000 23.000000
v 1.000000 0.000000 23.000000
v 1.000000 0.000000 24.000000
v 0.000000 0.000000 24.000000
v 0.000000 0.000000 24.000000
v 1.000000 0.000000 24.000000
v 1.000000 0.000000 25.000000
v 0.000000 0.000000 25.000000
v 0.000000 0.000000 25.000000
v 1.000000 0.000000 25.000000
v 1.000000 0.000000 26.000000
v 0.000000 0.000000 26.000000
v 0.000000 0.000000 26.000000
v 1.000000 0.000000 26.000000
v 1.000000 0.000000 27.000000
v 0.000000 0.000000 27.000000
v 1.000000 0.000000 15.000000
v 2.000000 0.000000 15.000000
v 2.000000 0.000000 16.000000
v 1.000000 0.000000 16.000000
v 1.000000 0.000000 16.000000
v 2.000000 0.000000 16.000000
v 2.000000 0.000000 17.000000
v 1.000000 0.000000 17.000000
v 1.000000 0.000000 17.000000
v 2.000000 0.000000 17.000000
v 2.000000 0.000000 18.000000
v 1.000000 0.000000 18.000000
v 1.000000 0.000000 18.000000
v 2.000000 0.000000 18.000000
v 2.000000 0.000000 19.000000
v 1.000000 0.000000 19.000000
v 1.000000 0.000000 19.000000
v 2.000000 0.000000 19.000000
v 2.000000 0.000000 20.000000
v 1.000000 0.000000 20.000000
v 1.000000 0.000000 20.000000
v 2.000000 0.000000 20.000000
v 2.000000 0.000000 21.000000
v 1.000000 0.000000 21.000000
v 1.000000 0.000000 21.000000
v 2.000000 0.000000 21.000000
v 2.000000 0.000000 22.000000
v 1.000000 0.000000 22.000000
v 1.000000 0.000000 22.000000
v 2.000000 0.000000 22.000000
v 2.000000 0.000000 23.000000
v 1.000000 0.000000 23.000000
v 1.000000 0.000000 23.000000
v 2.000000 0.000000 23.000000
v 2.000000 0.000000 24.000000
v 1.000000 0.000000 24.000000
v 1.000000 0.000000 24.000000
v 2.000000 0.000000 24.000000
v 2.000000 0.000000 25.000000
v 1.000000 0.000000 25.000000
v 1.000000 0.000000 25.000000
v 2.000000 0.000000 25.000000
v 2.000000 0.000000 26.000000
v 1.000000 0.000000 26.000000
v 1.000000 0.000000 26.000000
v 2.000000 0.000000 26.000000
v 2.000000 0.000000 27.000000
v 1.000000 0.000000 27.000000
vt 0.125000 0.887097
vt 0.250000 0.887097
vt 0.250000 0.903226
vt 0.125000 0.903226
vt 0.125000 0.887097
vt 0.250000 0.887097
vt 0.250000 0.903226
vt 0.125000 0.903226
vt 0.125000 0.887097
vt 0.250000 0.887097
vt 0.250000 0.903226
vt 0.125000 0.903226
vt 0.125000 0.887097
vt 0.250000 0.887097
vt 0.250000 0.903226
vt 0.125000 0.903226
vt 0.125000 0.887097
vt 0.250000 0.887097
vt 0.250000 0.903226
vt 0.125000 0.903226
vt 0.125000 0.887097
vt 0.250000 0.887097
vt 0.250000 0.903226
vt 0.125000 0.903226
vt 0.125000 0.887097
vt 0.250000 0.887097
vt 0.250000 0.903226
vt 0.125000 0.903226
vt 0.125000 0.887097
vt 0.250000 0.887097
vt 0.250000 0.903226
vt 0.125000 0.903226
vt 0.125000 0.887097
vt 0.250000 0.887097
vt 0.250000 0.903226
vt 0.125000 0.903226
vt 0.125000 0.887097
vt 0.250000 0.887097
vt 0.250000 0.903226
vt 0.125000 0.903226
vt 0.125000 0.887097
vt 0.250000 0.887097
vt 0.250000 0.903226
vt 0.125000 0.903226
vt 0.125000 0.887097
vt 0.250000 0.887097
vt 0.250000 0.903226
vt 0.125000 0.903226
vt 0.125000 0.887097
vt 0.250000 0.887097
vt 0.250000 0.903226
vt 0.125000 0.903226
vt 0.125000 0.887097
vt 0.250000 0.887097
vt 0.250000 0.903226
vt 0.125000 0.903226
vt 0.125000 0.887097
vt 0.250000 0.887097
vt 0.250000 0.903226
vt 0.125000 0.903226
vt 0.125000 0.887097
vt 0.250000 0.887097
vt 0.250000 0.903226
vt 0.125000 0.903226
vt 0.125000 0.887097
vt 0.250000 0.887097
vt 0.250000 0.903226
vt 0.125000 0.903226
vt 0.125000 0.887097
vt 0.250000 0.887097
vt 0.250000 0.903226
vt 0.125000 0.903226
vt 0.125000 0.887097
vt 0.250000 0.887097
vt 0.250000 0.903226
vt 0.125000 0.903226
vt 0.125000 0.887097
vt 0.250000 0.887097
vt 0.250000 0.903226
vt 0.125000 0.903226
vt 0.125000 0.887097
vt 0.250000 0.887097
vt 0.250000 0.903226
vt 0.125000 0.903226
vt 0.125000 0.887097
vt 0.250000 0.887097
vt 0.250000 0.903226
vt 0.125000 0.903226
vt 0.125000 0.887097
vt 0.250000 0.887097
vt 0.250000 0.903226
vt 0.125000 0.903226
vt 0.125000 0.887097
vt 0.250000 0.887097
vt 0.250000 0.903226
vt 0.125000 0.903226
usemtl tileset
f 2809/2809 2811/2811 2810/2812
f 2809/2809 2812/2810 2811/2811
f 2813/2813 2815/2815 2814/2816
f 2813/2813 2816/2814 2815/2815
f 2817/2817 2819/2819 2818/2820
f 2817/2817 2820/2818 2819/2819
f 2821/2821 2823/2823 2822/2824
f 2821/2821 2824/2822 2823/2823
f 2825/2825 2827/2827 2826/2828
f 2825/2825 2828/2826 2827/2827
f 2829/2829 2831/2831 2830/2832
f 2829/2829 2832/2830 2831/2831
f 2833/2833 2835/2835 2834/2836
f 2833/2833 2836/2834 2835/2835
f 2837/2837 2839/2839 2838/2840
f 2837/2837 2840/2838 2839/2839
f 2841/2841 2843/2843 2842/2844
f 2841/2841 2844/2842 2843/2843
f 2845/2845 2847/2847 2846/2848
f 2845/2845 2848/2846 2847/2847
f 2849/2849 2851/2851 2850/2852
f 2849/2849 2852/2850 2851/2851
f 2853/2853 2855/2855 2854/2856
f 2853/2853 2856/2854 2855/2855
f 2857/2857 2859/2859 2858/2860
f 2857/2857 2860/2858 2859/2859
f 2861/2861 2863/2863 2862/2864
f 2861/2861 2864/2862 2863/2863
f 2865/2865 2867/2867 2866/2868
f 2865/2865 2868/2866 2867/2867
f 2869/2869 2871/2871 2870/2872
f 2869/2869 2872/2870 2871/2871
f 2873/2873 2875/2875 2874/2876
f 2873/2873 2876/2874 2875/2875
f 2877/2877 2879/2879 2878/2880
f 2877/2877 2880/2878 2879/2879
f 2881/2881 2883/2883 2882/2884
f 2881/2881 2884/2882 2883/2883
f 2885/2885 2887/2887 2886/2888
f 2885/2885 2888/2886 2887/2887
f 2889/2889 2891/2891 2890/2892
f 2889/2889 2892/2890 2891/2891
f 2893/2893 2895/2895 2894/2896
f 2893/2893 2896/2894 2895/2895
f 2897/2897 2899/2899 2898/2900
f 2897/2897 2900/2898 2899/2899
f 2901/2901 2903/2903 2902/2904
f 2901/2901 2904/2902 2903/2903
o layer_1_tile_442
v 0.000000 0.000000 27.000000
v 1.000000 0.000000 27.000000
v 1.000000 0.000000 28.000000
v 0.000000 0.000000 28.000000
v 1.000000 0.000000 27.000000
v 2.000000 0.000000 27.000000
v 2.000000 0.000000 28.000000
v 1.000000 0.000000 28.000000
vt 0.250000 0.887097
vt 0.375000 0.887097
vt 0.375000 0.903226
vt 0.250000 0.903226
vt 0.250000 0.887097
vt 0.375000 0.887097
vt 0.375000 0.903226
vt 0.250000 0.903226
usemtl tileset
f 2905/2905 2907/2907 2906/2908
f 2905/2905 2908/2906 2907/2907
f 2909/2909 2911/2911 2910/2912
f 2909/2909 2912/2910 2911/2911
o layer_1_tile_448
v 2.000000 0.000000 14.000000
v 3.000000 0.000000 14.000000
v 3.000000 0.000000 15.000000
v 2.000000 0.000000 15.000000
vt 0.000000 0.903226
vt 0.125000 0.903226
vt 0.125000 0.919355
vt 0.000000 0.919355
usemtl tileset
f 2913/2913 2915/2915 2914/2916
f 2913/2913 2916/2914 2915/2915
o layer_1_tile_449
v 2.000000 0.000000 15.000000
v 3.000000 0.000000 15.000000
v 3.000000 0.000000 16.000000
v 2.000000 0.000000 16.000000
v 2.000000 0.000000 16.000000
v 3.000000 0.000000 16.000000
v 3.000000 0.000000 17.000000
v 2.000000 0.000000 17.000000
v 2.000000 0.000000 17.000000
v 3.000000 0.000000 17.000000
v 3.000000 0.000000 18.000000
v 2.000000 0.000000 18.000000
v 2.000000 0.000000 18.000000
v 3.000000 0.000000 18.000000
v 3.000000 0.000000 19.000000
v 2.000000 0.000000 19.000000
v 2.000000 0.000000 19.000000
v 3.000000 0.000000 19.000000
v 3.000000 0.000000 20.000000
v 2.000000 0.000000 20.000000
v 2.000000 0.000000 20.000000
v 3.000000 0.000000 20.000000
v 3.000000 0.000000 21.000000
v 2.000000 0.000000 21.000000
v 2.000000 0.000000 21.000000
v 3.000000 0.000000 21.000000
v 3.000000 0.000000 22.000000
v 2.000000 0.000000 22.000000
v 2.000000 0.000000 22.000000
v 3.000000 0.000000 22.000000
v 3.000000 0.000000 23.000000
v 2.000000 0.000000 23.000000
v 2.000000 0.000000 23.000000
v 3.000000 0.000000 23.000000
v 3.000000 0.000000 24.000000
v 2.000000 0.000000 24.000000
v 2.000000 0.000000 24.000000
v 3.000000 0.000000 24.000000
v 3.000000 0.000000 25.000000
v 2.000000 0.000000 25.000000
v 2.000000 0.000000 25.000000
v 3.000000 0.000000 25.000000
v 3.000000 0.000000 26.000000
v 2.000000 0.000000 26.000000
v 2.000000 0.000000 26.000000
v 3.000000 0.000000 26.000000
v 3.000000 0.000000 27.000000
v 2.000000 0.000000 27.000000
vt 0.125000 0.903226
vt 0.250000 0.903226
vt 0.250000 0.919355
vt 0.125000 0.919355
vt 0.125000 0.903226
vt 0.250000 0.903226
vt 0.250000 0.919355
vt 0.125000 0.919355
vt 0.125000 0.903226
vt 0.250000 0.903226
vt 0.250000 0.919355
vt 0.125000 0.919355
vt 0.125000 0.903226
vt 0.250000 0.903226
vt 0.250000 0.919355
vt 0.125000 0.919355
vt 0.125000 0.903226
vt 0.250000 0.903226
vt 0.250000 0.919355
vt 0.125000 0.919355
vt 0.125000 0.903226
vt 0.250000 0.903226
vt 0.250000 0.919355
vt 0.125000 0.919355
vt 0.125000 0.903226
vt 0.250000 0.903226
vt 0.250000 0.919355
vt 0.125000 0.919355
vt 0.125000 0.903226
vt 0.250000 0.903226
vt 0.250000 0.919355
vt 0.125000 0.919355
vt 0.125000 0.903226
vt 0.250000 0.903226
vt 0.250000 0.919355
vt 0.125000 0.919355
vt 0.125000 0.903226
vt 0.250000 0.903226
vt 0.250000 0.919355
vt 0.125000 0.919355
vt 0.125000 0.903226
vt 0.250000 0.903226
vt 0.250000 0.919355
vt 0.125000 0.919355
vt 0.125000 0.903226
vt 0.250000 0.903226
vt 0.250000 0.919355
vt 0.125000 0.919355
usemtl tileset
f 2917/2917 2919/2919 2918/2920
f 2917/2917 2920/2918 2919/2919
f 2921/2921 2923/2923 2922/2924
f 2921/2921 2924/2922 2923/2923
f 2925/2925 2927/2927 2926/2928
f 2925/2925 2928/2926 2927/2927
f 2929/2929 2931/2931 2930/2932
f 2929/2929 2932/2930 2931/2931
f 2933/2933 2935/2935 2934/2936
f 2933/2933 2936/2934 2935/2935
f 2937/2937 2939/2939 2938/2940
f 2937/2937 2940/2938 2939/2939
f 2941/2941 2943/2943 2942/2944
f 2941/2941 2944/2942 2943/2943
f 2945/2945 2947/2947 2946/2948
f 2945/2945 2948/2946 2947/2947
f 2949/2949 2951/2951 2950/2952
f 2949/2949 2952/2950 2951/2951
f 2953/2953 2955/2955 2954/2956
f 2953/2953 2956/2954 2955/2955
f 2957/2957 2959/2959 2958/2960
f 2957/2957 2960/2958 2959/2959
f 2961/2961 2963/2963 2962/2964
f 2961/2961 2964/2962 2963/2963
o layer_1_tile_450
v 2.000000 0.000000 27.000000
v 3.000000 0.000000 27.000000
v 3.000000 0.000000 28.000000
v 2.000000 0.000000 28.000000
vt 0.250000 0.903226
vt 0.375000 0.903226
vt 0.375000 0.919355
vt 0.250000 0.919355
usemtl tileset
f 2965/2965 2967/2967 2966/2968
f 2965/2965 2968/2966 2967/2967
o layer_1_tile_464
v 8.000000 0.000000 14.000000
v 9.000000 0.000000 14.000000
v 9.000000 0.000000 15.000000
v 8.000000 0.000000 15.000000
vt 0.000000 0.935484
vt 0.125000 0.935484
vt 0.125000 0.951613
vt 0.000000 0.951613
usemtl tileset
f 2969/2969 2971/2971 2970/2972
f 2969/2969 2972/2970 2971/2971
o layer_1_tile_465
v 8.000000 0.000000 15.000000
v 9.000000 0.000000 15.000000
v 9.000000 0.000000 16.000000
v 8.000000 0.000000 16.000000
v 8.000000 0.000000 16.000000
v 9.000000 0.000000 16.000000
v 9.000000 0.000000 17.000000
v 8.000000 0.000000 17.000000
v 8.000000 0.000000 17.000000
v 9.000000 0.000000 17.000000
v 9.000000 0.000000 18.000000
v 8.000000 0.000000 18.000000
v 8.000000 0.000000 18.000000
v 9.000000 0.000000 18.000000
v 9.000000 0.000000 19.000000
v 8.000000 0.000000 19.000000
v 8.000000 0.000000 19.000000
v 9.000000 0.000000 19.000000
v 9.000000 0.000000 20.000000
v 8.000000 0.000000 20.000000
vt 0.125000 0.935484
vt 0.250000 0.935484
vt 0.250000 0.951613
vt 0.125000 0.951613
vt 0.125000 0.935484
vt 0.250000 0.935484
vt 0.250000 0.951613
vt 0.125000 0.951613
vt 0.125000 0.935484
vt 0.250000 0.935484
vt 0.250000 0.951613
vt 0.125000 0.951613
vt 0.125000 0.935484
vt 0.250000 0.935484
vt 0.250000 0.951613
vt 0.125000 0.951613
vt 0.125000 0.935484
vt 0.250000 0.935484
vt 0.250000 0.951613
vt 0.125000 0.951613
usemtl tileset
f 2973/2973 2975/2975 2974/2976
f 2973/2973 2976/2974 2975/2975
f 2977/2977 2979/2979 2978/2980
f 2977/2977 2980/2978 2979/2979
f 2981/2981 2983/2983 2982/2984
f 2981/2981 2984/2982 2983/2983
f 2985/2985 2987/2987 2986/2988
f 2985/2985 2988/2986 2987/2987
f 2989/2989 2991/2991 2990/2992
f 2989/2989 2992/2990 2991/2991
o layer_1_tile_466
v 8.000000 0.000000 20.000000
v 9.000000 0.000000 20.000000
v 9.000000 0.000000 21.000000
v 8.000000 0.000000 21.000000
vt 0.250000 0.935484
vt 0.375000 0.935484
vt 0.375000 0.951613
vt 0.250000 0.951613
usemtl tileset
f 2993/2993 2995/2995 2994/2996
f 2993/2993 2996/2994 2995/2995
o layer_1_tile_468
v 4.000000 0.000000 12.000000
v 5.000000 0.000000 12.000000
v 5.000000 0.000000 13.000000
v 4.000000 0.000000 13.000000
v 4.000000 0.000000 13.000000
v 5.000000 0.000000 13.000000
v 5.000000 0.000000 14.000000
v 4.000000 0.000000 14.000000
v 4.000000 0.000000 14.000000
v 5.000000 0.000000 14.000000
v 5.000000 0.000000 15.000000
v 4.000000 0.000000 15.000000
v 4.000000 0.000000 15.000000
v 5.000000 0.000000 15.000000
v 5.000000 0.000000 16.000000
v 4.000000 0.000000 16.000000
v 4.000000 0.000000 16.000000
v 5.000000 0.000000 16.000000
v 5.000000 0.000000 17.000000
v 4.000000 0.000000 17.000000
v 4.000000 0.000000 17.000000
v 5.000000 0.000000 17.000000
v 5.000000 0.000000 18.000000
v 4.000000 0.000000 18.000000
v 4.000000 0.000000 18.000000
v 5.000000 0.000000 18.000000
v 5.000000 0.000000 19.000000
v 4.000000 0.000000 19.000000
v 4.000000 0.000000 19.000000
v 5.000000 0.000000 19.000000
v 5.000000 0.000000 20.000000
v 4.000000 0.000000 20.000000
v 4.000000 0.000000 20.000000
v 5.000000 0.000000 20.000000
v 5.000000 0.000000 21.000000
v 4.000000 0.000000 21.000000
v 4.000000 0.000000 21.000000
v 5.000000 0.000000 21.000000
v 5.000000 0.000000 22.000000
v 4.000000 0.000000 22.000000
v 4.000000 0.000000 22.000000
v 5.000000 0.000000 22.000000
v 5.000000 0.000000 23.000000
v 4.000000 0.000000 23.000000
v 4.000000 0.000000 23.000000
v 5.000000 0.000000 23.000000
v 5.000000 0.000000 24.000000
v 4.000000 0.000000 24.000000
v 4.000000 0.000000 24.000000
v 5.000000 0.000000 24.000000
v 5.000000 0.000000 25.000000
v 4.000000 0.000000 25.000000
vt 0.500000 0.935484
vt 0.625000 0.935484
vt 0.625000 0.951613
vt 0.500000 0.951613
vt 0.500000 0.935484
vt 0.625000 0.935484
vt 0.625000 0.951613
vt 0.500000 0.951613
vt 0.500000 0.935484
vt 0.625000 0.935484
vt 0.625000 0.951613
vt 0.500000 0.951613
vt 0.500000 0.935484
vt 0.625000 0.935484
vt 0.625000 0.951613
vt 0.500000 0.951613
vt 0.500000 0.935484
vt 0.625000 0.935484
vt 0.625000 0.951613
vt 0.500000 0.951613
vt 0.500000 0.935484
vt 0.625000 0.935484
vt 0.625000 0.951613
vt 0.500000 0.951613
vt 0.500000 0.935484
vt 0.625000 0.935484
vt 0.625000 0.951613
vt 0.500000 0.951613
vt 0.500000 0.935484
vt 0.625000 0.935484
vt 0.625000 0.951613
vt 0.500000 0.951613
vt 0.500000 0.935484
vt 0.625000 0.935484
vt 0.625000 0.951613
vt 0.500000 0.951613
vt 0.500000 0.935484
vt 0.625000 0.935484
vt 0.625000 0.951613
vt 0.500000 0.951613
vt 0.500000 0.935484
vt 0.625000 0.935484
vt 0.625000 0.951613
vt 0.500000 0.951613
vt 0.500000 0.935484
vt 0.625000 0.935484
vt 0.625000 0.951613
vt 0.500000 0.951613
vt 0.500000 0.935484
vt 0.625000 0.935484
vt 0.625000 0.951613
vt 0.500000 0.951613
usemtl tileset
f 2997/2997 2999/2999 2998/3000
f 2997/2997 3000/2998 2999/2999
f 3001/3001 3003/3003 3002/3004
f 3001/3001 3004/3002 3003/3003
f 3005/3005 3007/3007 3006/3008
f 3005/3005 3008/3006 3007/3007
f 3009/3009 3011/3011 3010/3012
f 3009/3009 3012/3010 3011/3011
f 3013/3013 3015/3015 3014/3016
f 3013/3013 3016/3014 3015/3015
f 3017/3017 3019/3019 3018/3020
f 3017/3017 3020/3018 3019/3019
f 3021/3021 3023/3023 3022/3024
f 3021/3021 3024/3022 3023/3023
f 3025/3025 3027/3027 3026/3028
f 3025/3025 3028/3026 3027/3027
f 3029/3029 3031/3031 3030/3032
f 3029/3029 3032/3030 3031/3031
f 3033/3033 3035/3035 3034/3036
f 3033/3033 3036/3034 3035/3035
f 3037/3037 3039/3039 3038/3040
f 3037/3037 3040/3038 3039/3039
f 3041/3041 3043/3043 3042/3044
f 3041/3041 3044/3042 3043/3043
f 3045/3045 3047/3047 3046/3048
f 3045/3045 3048/3046 3047/3047
o layer_1_tile_469
v 4.000000 0.000000 25.000000
v 5.000000 0.000000 25.000000
v 5.000000 0.000000 26.000000
v 4.000000 0.000000 26.000000
vt 0.625000 0.935484
vt 0.750000 0.935484
vt 0.750000 0.951613
vt 0.625000 0.951613
usemtl tileset
f 3049/3049 3051/3051 3050/3052
f 3049/3049 3052/3050 3051/3051
o layer_1_tile_471
v 4.000000 0.000000 11.000000
v 5.000000 0.000000 11.000000
v 5.000000 0.000000 12.000000
v 4.000000 0.000000 12.000000
vt 0.875000 0.935484
vt 1.000000 0.935484
vt 1.000000 0.951613
vt 0.875000 0.951613
usemtl tileset
f 3053/3053 3055/3055 3054/3056
f 3053/3053 3056/3054 3055/3055
o layer_1_tile_472
v 9.000000 0.000000 14.000000
v 10.000000 0.000000 14.000000
v 10.000000 0.000000 15.000000
v 9.000000 0.000000 15.000000
v 10.000000 0.000000 14.000000
v 11.000000 0.000000 14.000000
v 11.000000 0.000000 15.000000
v 10.000000 0.000000 15.000000
v 11.000000 0.000000 14.000000
v 12.000000 0.000000 14.000000
v 12.000000 0.000000 15.000000
v 11.000000 0.000000 15.000000
v 12.000000 0.000000 14.000000
v 13.000000 0.000000 14.000000
v 13.000000 0.000000 15.000000
v 12.000000 0.000000 15.000000
v 13.000000 0.000000 14.000000
v 14.000000 0.000000 14.000000
v 14.000000 0.000000 15.000000
v 13.000000 0.000000 15.000000
v 14.000000 0.000000 14.000000
v 15.000000 0.000000 14.000000
v 15.000000 0.000000 15.000000
v 14.000000 0.000000 15.000000
vt 0.000000 0.951613
vt 0.125000 0.951613
vt 0.125000 0.967742
vt 0.000000 0.967742
vt 0.000000 0.951613
vt 0.125000 0.951613
vt 0.125000 0.967742
vt 0.000000 0.967742
vt 0.000000 0.951613
vt 0.125000 0.951613
vt 0.125000 0.967742
vt 0.000000 0.967742
vt 0.000000 0.951613
vt 0.125000 0.951613
vt 0.125000 0.967742
vt 0.000000 0.967742
vt 0.000000 0.951613
vt 0.125000 0.951613
vt 0.125000 0.967742
vt 0.000000 0.967742
vt 0.000000 0.951613
vt 0.125000 0.951613
vt 0.125000 0.967742
vt 0.000000 0.967742
usemtl tileset
f 3057/3057 3059/3059 3058/3060
f 3057/3057 3060/3058 3059/3059
f 3061/3061 3063/3063 3062/3064
f 3061/3061 3064/3062 3063/3063
f 3065/3065 3067/3067 3066/3068
f 3065/3065 3068/3066 3067/3067
f 3069/3069 3071/3071 3070/3072
f 3069/3069 3072/3070 3071/3071
f 3073/3073 3075/3075 3074/3076
f 3073/3073 3076/3074 3075/3075
f 3077/3077 3079/3079 3078/3080
f 3077/3077 3080/3078 3079/3079
o layer_1_tile_473
v 9.000000 0.000000 15.000000
v 10.000000 0.000000 15.000000
v 10.000000 0.000000 16.000000
v 9.000000 0.000000 16.000000
v 9.000000 0.000000 16.000000
v 10.000000 0.000000 16.000000
v 10.000000 0.000000 17.000000
v 9.000000 0.000000 17.000000
v 9.000000 0.000000 17.000000
v 10.000000 0.000000 17.000000
v 10.000000 0.000000 18.000000
v 9.000000 0.000000 18.000000
v 9.000000 0.000000 18.000000
v 10.000000 0.000000 18.000000
v 10.000000 0.000000 19.000000
v 9.000000 0.000000 19.000000
v 9.000000 0.000000 19.000000
v 10.000000 0.000000 19.000000
v 10.000000 0.000000 20.000000
v 9.000000 0.000000 20.000000
v 10.000000 0.000000 15.000000
v 11.000000 0.000000 15.000000
v 11.000000 0.000000 16.000000
v 10.000000 0.000000 16.000000
v 10.000000 0.000000 16.000000
v 11.000000 0.000000 16.000000
v 11.000000 0.000000 17.000000
v 10.000000 0.000000 17.000000
v 10.000000 0.000000 17.000000
v 11.000000 0.000000 17.000000
v 11.000000 0.000000 18.000000
v 10.000000 0.000000 18.000000
v 10.000000 0.000000 18.000000
v 11.000000 0.000000 18.000000
v 11.000000 0.000000 19.000000
v 10.000000 0.000000 19.000000
v 10.000000 0.000000 19.000000
v 11.000000 0.000000 19.000000
v 11.000000 0.000000 20.000000
v 10.000000 0.000000 20.000000
v 11.000000 0.000000 15.000000
v 12.000000 0.000000 15.000000
v 12.000000 0.000000 16.000000
v 11.000000 0.000000 16.000000
v 11.000000 0.000000 16.000000
v 12.000000 0.000000 16.000000
v 12.000000 0.000000 17.000000
v 11.000000 0.000000 17.000000
v 11.000000 0.000000 17.000000
v 12.000000 0.000000 17.000000
v 12.000000 0.000000 18.000000
v 11.000000 0.000000 18.000000
v 11.000000 0.000000 18.000000
v 12.000000 0.000000 18.000000
v 12.000000 0.000000 19.000000
v 11.000000 0.000000 19.000000
v 11.000000 0.000000 19.000000
v 12.000000 0.000000 19.000000
v 12.000000 0.000000 20.000000
v 11.000000 0.000000 20.000000
v 12.000000 0.000000 15.000000
v 13.000000 0.000000 15.000000
v 13.000000 0.000000 16.000000
v 12.000000 0.000000 16.000000
v 12.000000 0.000000 16.000000
v 13.000000 0.000000 16.000000
v 13.000000 0.000000 17.000000
v 12.000000 0.000000 17.000000
v 12.000000 0.000000 17.000000
v 13.000000 0.000000 17.000000
v 13.000000 0.000000 18.000000
v 12.000000 0.000000 18.000000
v 12.000000 0.000000 18.000000
v 13.000000 0.000000 18.000000
v 13.000000 0.000000 19.000000
v 12.000000 0.000000 19.000000
v 12.000000 0.000000 19.000000
v 13.000000 0.000000 19.000000
v 13.000000 0.000000 20.000000
v 12.000000 0.000000 20.000000
v 13.000000 0.000000 15.000000
v 14.000000 0.000000 15.000000
v 14.000000 0.000000 16.000000
v 13.000000 0.000000 16.000000
v 13.000000 0.000000 16.000000
v 14.000000 0.000000 16.000000
v 14.000000 0.000000 17.000000
v 13.000000 0.000000 17.000000
v 13.000000 0.000000 17.000000
v 14.000000 0.000000 17.000000
v 14.000000 0.000000 18.000000
v 13.000000 0.000000 18.000000
v 13.000000 0.000000 18.000000
v 14.000000 0.000000 18.000000
v 14.000000 0.000000 19.000000
v 13.000000 0.000000 19.000000
v 13.000000 0.000000 19.000000
v 14.000000 0.000000 19.000000
v 14.000000 0.000000 20.000000
v 13.000000 0.000000 20.000000
v 14.000000 0.000000 15.000000
v 15.000000 0.000000 15.000000
v 15.000000 0.000000 16.000000
v 14.000000 0.000000 16.000000
v 14.000000 0.000000 16.000000
v 15.000000 0.000000 16.000000
v 15.000000 0.000000 17.000000
v 14.000000 0.000000 17.000000
v 14.000000 0.000000 17.000000
v 15.000000 0.000000 17.000000
v 15.000000 0.000000 18.000000
v 14.000000 0.000000 18.000000
v 14.000000 0.000000 18.000000
v 15.000000 0.000000 18.000000
v 15.000000 0.000000 19.000000
v 14.000000 0.000000 19.000000
v 14.000000 0.000000 19.000000
v 15.000000 0.000000 19.000000
v 15.000000 0.000000 20.000000
v 14.000000 0.000000 20.000000
vt 0.125000 0.951613
vt 0.250000 0.951613
vt 0.250000 0.967742
vt 0.125000 0.967742
vt 0.125000 0.951613
vt 0.250000 0.951613
vt 0.250000 0.967742
vt 0.125000 0.967742
vt 0.125000 0.951613
vt 0.250000 0.951613
vt 0.250000 0.967742
vt 0.125000 0.967742
vt 0.125000 0.951613
vt 0.250000 0.951613
vt 0.250000 0.967742
vt 0.125000 0.967742
vt 0.125000 0.951613
vt 0.250000 0.951613
vt 0.250000 0.967742
vt 0.125000 0.967742
vt 0.125000 0.951613
vt 0.250000 0.951613
vt 0.250000 0.967742
vt 0.125000 0.967742
vt 0.125000 0.951613
vt 0.250000 0.951613
vt 0.250000 0.967742
vt 0.125000 0.967742
vt 0.125000 0.951613
vt 0.250000 0.951613
vt 0.250000 0.967742
vt 0.125000 0.967742
vt 0.125000 0.951613
vt 0.250000 0.951613
vt 0.250000 0.967742
vt 0.125000 0.967742
vt 0.125000 0.951613
vt 0.250000 0.951613
vt 0.250000 0.967742
vt 0.125000 0.967742
vt 0.125000 0.951613
vt 0.250000 0.951613
vt 0.250000 0.967742
vt 0.125000 0.967742
vt 0.125000 0.951613
vt 0.250000 0.951613
vt 0.250000 0.967742
vt 0.125000 0.967742
vt 0.125000 0.951613
vt 0.250000 0.951613
vt 0.250000 0.967742
vt 0.125000 0.967742
vt 0.125000 0.951613
vt 0.250000 0.951613
vt 0.250000 0.967742
vt 0.125000 0.967742
vt 0.125000 0.951613
vt 0.250000 0.951613
vt 0.250000 0.967742
vt 0.125000 0.967742
vt 0.125000 0.951613
vt 0.250000 0.951613
vt 0.250000 0.967742
vt 0.125000 0.967742
vt 0.125000 0.951613
vt 0.250000 0.951613
vt 0.250000 0.967742
vt 0.125000 0.967742
vt 0.125000 0.951613
vt 0.250000 0.951613
vt 0.250000 0.967742
vt 0.125000 0.967742
vt 0.125000 0.951613
vt 0.250000 0.951613
vt 0.250000 0.967742
vt 0.125000 0.967742
vt 0.125000 0.951613
vt 0.250000 0.951613
vt 0.250000 0.967742
vt 0.125000 0.967742
vt 0.125000 0.951613
vt 0.250000 0.951613
vt 0.250000 0.967742
vt 0.125000 0.967742
vt 0.125000 0.951613
vt 0.250000 0.951613
vt 0.250000 0.967742
vt 0.125000 0.967742
vt 0.125000 0.951613
vt 0.250000 0.951613
vt 0.250000 0.967742
vt 0.125000 0.967742
vt 0.125000 0.951613
vt 0.250000 0.951613
vt 0.250000 0.967742
vt 0.125000 0.967742
vt 0.125000 0.951613
vt 0.250000 0.951613
vt 0.250000 0.967742
vt 0.125000 0.967742
vt 0.125000 0.951613
vt 0.250000 0.951613
vt 0.250000 0.967742
vt 0.125000 0.967742
vt 0.125000 0.951613
vt 0.250000 0.951613
vt 0.250000 0.967742
vt 0.125000 0.967742
vt 0.125000 0.951613
vt 0.250000 0.951613
vt 0.250000 0.967742
vt 0.125000 0.967742
vt 0.125000 0.951613
vt 0.250000 0.951613
vt 0.250000 0.967742
vt 0.125000 0.967742
vt 0.125000 0.951613
vt 0.250000 0.951613
vt 0.250000 0.967742
vt 0.125000 0.967742
usemtl tileset
f 3081/3081 3083/3083 3082/3084
f 3081/3081 3084/3082 3083/3083
f 3085/3085 3087/3087 3086/3088
f 3085/3085 3088/3086 3087/3087
f 3089/3089 3091/3091 3090/3092
f 3089/3089 3092/3090 3091/3091
f 3093/3093 3095/3095 3094/3096
f 3093/3093 3096/3094 3095/3095
f 3097/3097 3099/3099 3098/3100
f 3097/3097 3100/3098 3099/3099
f 3101/3101 3103/3103 3102/3104
f 3101/3101 3104/3102 3103/3103
f 3105/3105 3107/3107 3106/3108
f 3105/3105 3108/3106 3107/3107
f 3109/3109 3111/3111 3110/3112
f 3109/3109 3112/3110 3111/3111
f 3113/3113 3115/3115 3114/3116
f 3113/3113 3116/3114 3115/3115
f 3117/3117 3119/3119 3118/3120
f 3117/3117 3120/3118 3119/3119
f 3121/3121 3123/3123 3122/3124
f 3121/3121 3124/3122 3123/3123
f 3125/3125 3127/3127 3126/3128
f 3125/3125 3128/3126 3127/3127
f 3129/3129 3131/3131 3130/3132
f 3129/3129 3132/3130 3131/3131
f 3133/3133 3135/3135 3134/3136
f 3133/3133 3136/3134 3135/3135
f 3137/3137 3139/3139 3138/3140
f 3137/3137 3140/3138 3139/3139
f 3141/3141 3143/3143 3142/3144
f 3141/3141 3144/3142 3143/3143
f 3145/3145 3147/3147 3146/3148
f 3145/3145 3148/3146 3147/3147
f 3149/3149 3151/3151 3150/3152
f 3149/3149 3152/3150 3151/3151
f 3153/3153 3155/3155 3154/3156
f 3153/3153 3156/3154 3155/3155
f 3157/3157 3159/3159 3158/3160
f 3157/3157 3160/3158 3159/3159
f 3161/3161 3163/3163 3162/3164
f 3161/3161 3164/3162 3163/3163
f 3165/3165 3167/3167 3166/3168
f 3165/3165 3168/3166 3167/3167
f 3169/3169 3171/3171 3170/3172
f 3169/3169 3172/3170 3171/3171
f 3173/3173 3175/3175 3174/3176
f 3173/3173 3176/3174 3175/3175
f 3177/3177 3179/3179 3178/3180
f 3177/3177 3180/3178 3179/3179
f 3181/3181 3183/3183 3182/3184
f 3181/3181 3184/3182 3183/3183
f 3185/3185 3187/3187 3186/3188
f 3185/3185 3188/3186 3187/3187
f 3189/3189 3191/3191 3190/3192
f 3189/3189 3192/3190 3191/3191
f 3193/3193 3195/3195 3194/3196
f 3193/3193 3196/3194 3195/3195
f 3197/3197 3199/3199 3198/3200
f 3197/3197 3200/3198 3199/3199
o layer_1_tile_474
v 9.000000 0.000000 20.000000
v 10.000000 0.000000 20.000000
v 10.000000 0.000000 21.000000
v 9.000000 0.000000 21.000000
v 10.000000 0.000000 20.000000
v 11.000000 0.000000 20.000000
v 11.000000 0.000000 21.000000
v 10.000000 0.000000 21.000000
v 11.000000 0.000000 20.000000
v 12.000000 0.000000 20.000000
v 12.000000 0.000000 21.000000
v 11.000000 0.000000 21.000000
v 12.000000 0.000000 20.000000
v 13.000000 0.000000 20.000000
v 13.000000 0.000000 21.000000
v 12.000000 0.000000 21.000000
v 13.000000 0.000000 20.000000
v 14.000000 0.000000 20.000000
v 14.000000 0.000000 21.000000
v 13.000000 0.000000 21.000000
v 14.000000 0.000000 20.000000
v 15.000000 0.000000 20.000000
v 15.000000 0.000000 21.000000
v 14.000000 0.000000 21.000000
vt 0.250000 0.951613
vt 0.375000 0.951613
vt 0.375000 0.967742
vt 0.250000 0.967742
vt 0.250000 0.951613
vt 0.375000 0.951613
vt 0.375000 0.967742
vt 0.250000 0.967742
vt 0.250000 0.951613
vt 0.375000 0.951613
vt 0.375000 0.967742
vt 0.250000 0.967742
vt 0.250000 0.951613
vt 0.375000 0.951613
vt 0.375000 0.967742
vt 0.250000 0.967742
vt 0.250000 0.951613
vt 0.375000 0.951613
vt 0.375000 0.967742
vt 0.250000 0.967742
vt 0.250000 0.951613
vt 0.375000 0.951613
vt 0.375000 0.967742
vt 0.250000 0.967742
usemtl tileset
f 3201/3201 3203/3203 3202/3204
f 3201/3201 3204/3202 3203/3203
f 3205/3205 3207/3207 3206/3208
f 3205/3205 3208/3206 3207/3207
f 3209/3209 3211/3211 3210/3212
f 3209/3209 3212/3210 3211/3211
f 3213/3213 3215/3215 3214/3216
f 3213/3213 3216/3214 3215/3215
f 3217/3217 3219/3219 3218/3220
f 3217/3217 3220/3218 3219/3219
f 3221/3221 3223/3223 3222/3224
f 3221/3221 3224/3222 3223/3223
o layer_1_tile_475
v 7.000000 0.000000 9.000000
v 8.000000 0.000000 9.000000
v 8.000000 0.000000 10.000000
v 7.000000 0.000000 10.000000
v 7.000000 0.000000 23.000000
v 8.000000 0.000000 23.000000
v 8.000000 0.000000 24.000000
v 7.000000 0.000000 24.000000
v 8.000000 0.000000 9.000000
v 9.000000 0.000000 9.000000
v 9.000000 0.000000 10.000000
v 8.000000 0.000000 10.000000
v 8.000000 0.000000 23.000000
v 9.000000 0.000000 23.000000
v 9.000000 0.000000 24.000000
v 8.000000 0.000000 24.000000
v 9.000000 0.000000 9.000000
v 10.000000 0.000000 9.000000
v 10.000000 0.000000 10.000000
v 9.000000 0.000000 10.000000
v 9.000000 0.000000 23.000000
v 10.000000 0.000000 23.000000
v 10.000000 0.000000 24.000000
v 9.000000 0.000000 24.000000
v 10.000000 0.000000 9.000000
v 11.000000 0.000000 9.000000
v 11.000000 0.000000 10.000000
v 10.000000 0.000000 10.000000
v 10.000000 0.000000 23.000000
v 11.000000 0.000000 23.000000
v 11.000000 0.000000 24.000000
v 10.000000 0.000000 24.000000
v 11.000000 0.000000 9.000000
v 12.000000 0.000000 9.000000
v 12.000000 0.000000 10.000000
v 11.000000 0.000000 10.000000
v 11.000000 0.000000 23.000000
v 12.000000 0.000000 23.000000
v 12.000000 0.000000 24.000000
v 11.000000 0.000000 24.000000
v 12.000000 0.000000 9.000000
v 13.000000 0.000000 9.000000
v 13.000000 0.000000 10.000000
v 12.000000 0.000000 10.000000
v 13.000000 0.000000 9.000000
v 14.000000 0.000000 9.000000
v 14.000000 0.000000 10.000000
v 13.000000 0.000000 10.000000
v 14.000000 0.000000 9.000000
v 15.000000 0.000000 9.000000
v 15.000000 0.000000 10.000000
v 14.000000 0.000000 10.000000
vt 0.375000 0.951613
vt 0.500000 0.951613
vt 0.500000 0.967742
vt 0.375000 0.967742
vt 0.375000 0.951613
vt 0.500000 0.951613
vt 0.500000 0.967742
vt 0.375000 0.967742
vt 0.375000 0.951613
vt 0.500000 0.951613
vt 0.500000 0.967742
vt 0.375000 0.967742
vt 0.375000 0.951613
vt 0.500000 0.951613
vt 0.500000 0.967742
vt 0.375000 0.967742
vt 0.375000 0.951613
vt 0.500000 0.951613
vt 0.500000 0.967742
vt 0.375000 0.967742
vt 0.375000 0.951613
vt 0.500000 0.951613
vt 0.500000 0.967742
vt 0.375000 0.967742
vt 0.375000 0.951613
vt 0.500000 0.951613
vt 0.500000 0.967742
vt 0.375000 0.967742
vt 0.375000 0.951613
vt 0.500000 0.951613
vt 0.500000 0.967742
vt 0.375000 0.967742
vt 0.375000 0.951613
vt 0.500000 0.951613
vt 0.500000 0.967742
vt 0.375000 0.967742
vt 0.375000 0.951613
vt 0.500000 0.951613
vt 0.500000 0.967742
vt 0.375000 0.967742
vt 0.375000 0.951613
vt 0.500000 0.951613
vt 0.500000 0.967742
vt 0.375000 0.967742
vt 0.375000 0.951613
vt 0.500000 0.951613
vt 0.500000 0.967742
vt 0.375000 0.967742
vt 0.375000 0.951613
vt 0.500000 0.951613
vt 0.500000 0.967742
vt 0.375000 0.967742
usemtl tileset
f 3225/3225 3227/3227 3226/3228
f 3225/3225 3228/3226 3227/3227
f 3229/3229 3231/3231 3230/3232
f 3229/3229 3232/3230 3231/3231
f 3233/3233 3235/3235 3234/3236
f 3233/3233 3236/3234 3235/3235
f 3237/3237 3239/3239 3238/3240
f 3237/3237 3240/3238 3239/3239
f 3241/3241 3243/3243 3242/3244
f 3241/3241 3244/3242 3243/3243
f 3245/3245 3247/3247 3246/3248
f 3245/3245 3248/3246 3247/3247
f 3249/3249 3251/3251 3250/3252
f 3249/3249 3252/3250 3251/3251
f 3253/3253 3255/3255 3254/3256
f 3253/3253 3256/3254 3255/3255
f 3257/3257 3259/3259 3258/3260
f 3257/3257 3260/3258 3259/3259
f 3261/3261 3263/3263 3262/3264
f 3261/3261 3264/3262 3263/3263
f 3265/3265 3267/3267 3266/3268
f 3265/3265 3268/3266 3267/3267
f 3269/3269 3271/3271 3270/3272
f 3269/3269 3272/3270 3271/3271
f 3273/3273 3275/3275 3274/3276
f 3273/3273 3276/3274 3275/3275
o layer_1_tile_476
v 0.000000 0.000000 0.000000
v 1.000000 0.000000 0.000000
v 1.000000 0.000000 1.000000
v 0.000000 0.000000 1.000000
v 0.000000 0.000000 1.000000
v 1.000000 0.000000 1.000000
v 1.000000 0.000000 2.000000
v 0.000000 0.000000 2.000000
v 0.000000 0.000000 2.000000
v 1.000000 0.000000 2.000000
v 1.000000 0.000000 3.000000
v 0.000000 0.000000 3.000000
v 0.000000 0.000000 3.000000
v 1.000000 0.000000 3.000000
v 1.000000 0.000000 4.000000
v 0.000000 0.000000 4.000000
v 0.000000 0.000000 4.000000
v 1.000000 0.000000 4.000000
v 1.000000 0.000000 5.000000
v 0.000000 0.000000 5.000000
v 0.000000 0.000000 5.000000
v 1.000000 0.000000 5.000000
v 1.000000 0.000000 6.000000
v 0.000000 0.000000 6.000000
v 0.000000 0.000000 6.000000
v 1.000000 0.000000 6.000000
v 1.000000 0.000000 7.000000
v 0.000000 0.000000 7.000000
v 0.000000 0.000000 7.000000
v 1.000000 0.000000 7.000000
v 1.000000 0.000000 8.000000
v 0.000000 0.000000 8.000000
v 0.000000 0.000000 8.000000
v 1.000000 0.000000 8.000000
v 1.000000 0.000000 9.000000
v 0.000000 0.000000 9.000000
v 0.000000 0.000000 9.000000
v 1.000000 0.000000 9.000000
v 1.000000 0.000000 10.000000
v 0.000000 0.000000 10.000000
v 0.000000 0.000000 10.000000
v 1.000000 0.000000 10.000000
v 1.000000 0.000000 11.000000
v 0.000000 0.000000 11.000000
v 1.000000 0.000000 0.000000
v 2.000000 0.000000 0.000000
v 2.000000 0.000000 1.000000
v 1.000000 0.000000 1.000000
v 1.000000 0.000000 1.000000
v 2.000000 0.000000 1.000000
v 2.000000 0.000000 2.000000
v 1.000000 0.000000 2.000000
v 1.000000 0.000000 2.000000
v 2.000000 0.000000 2.000000
v 2.000000 0.000000 3.000000
v 1.000000 0.000000 3.000000
v 1.000000 0.000000 3.000000
v 2.000000 0.000000 3.000000
v 2.000000 0.000000 4.000000
v 1.000000 0.000000 4.000000
v 1.000000 0.000000 4.000000
v 2.000000 0.000000 4.000000
v 2.000000 0.000000 5.000000
v 1.000000 0.000000 5.000000
v 1.000000 0.000000 5.000000
v 2.000000 0.000000 5.000000
v 2.000000 0.000000 6.000000
v 1.000000 0.000000 6.000000
v 1.000000 0.000000 6.000000
v 2.000000 0.000000 6.000000
v 2.000000 0.000000 7.000000
v 1.000000 0.000000 7.000000
v 1.000000 0.000000 8.000000
v 2.000000 0.000000 8.000000
v 2.000000 0.000000 9.000000
v 1.000000 0.000000 9.000000
v 1.000000 0.000000 9.000000
v 2.000000 0.000000 9.000000
v 2.000000 0.000000 10.000000
v 1.000000 0.000000 10.000000
v 1.000000 0.000000 10.000000
v 2.000000 0.000000 10.000000
v 2.000000 0.000000 11.000000
v 1.000000 0.000000 11.000000
v 2.000000 0.000000 0.000000
v 3.000000 0.000000 0.000000
v 3.000000 0.000000 1.000000
v 2.000000 0.000000 1.000000
v 2.000000 0.000000 1.000000
v 3.000000 0.000000 1.000000
v 3.000000 0.000000 2.000000
v 2.000000 0.000000 2.000000
v 2.000000 0.000000 2.000000
v 3.000000 0.000000 2.000000
v 3.000000 0.000000 3.000000
v 2.000000 0.000000 3.000000
v 2.000000 0.000000 3.000000
v 3.000000 0.000000 3.000000
v 3.000000 0.000000 4.000000
v 2.000000 0.000000 4.000000
v 2.000000 0.000000 5.000000
v 3.000000 0.000000 5.000000
v 3.000000 0.000000 6.000000
v 2.000000 0.000000 6.000000
v 2.000000 0.000000 6.000000
v 3.000000 0.000000 6.000000
v 3.000000 0.000000 7.000000
v 2.000000 0.000000 7.000000
v 2.000000 0.000000 7.000000
v 3.000000 0.000000 7.000000
v 3.000000 0.000000 8.000000
v 2.000000 0.000000 8.000000
v 2.000000 0.000000 8.000000
v 3.000000 0.000000 8.000000
v 3.000000 0.000000 9.000000
v 2.000000 0.000000 9.000000
v 2.000000 0.000000 10.000000
v 3.000000 0.000000 10.000000
v 3.000000 0.000000 11.000000
v 2.000000 0.000000 11.000000
v 3.000000 0.000000 0.000000
v 4.000000 0.000000 0.000000
v 4.000000 0.000000 1.000000
v 3.000000 0.000000 1.000000
v 3.000000 0.000000 1.000000
v 4.000000 0.000000 1.000000
v 4.000000 0.000000 2.000000
v 3.000000 0.000000 2.000000
v 3.000000 0.000000 2.000000
v 4.000000 0.000000 2.000000
v 4.000000 0.000000 3.000000
v 3.000000 0.000000 3.000000
v 3.000000 0.000000 3.000000
v 4.000000 0.000000 3.000000
v 4.000000 0.000000 4.000000
v 3.000000 0.000000 4.000000
v 3.000000 0.000000 4.000000
v 4.000000 0.000000 4.000000
v 4.000000 0.000000 5.000000
v 3.000000 0.000000 5.000000
v 3.000000 0.000000 5.000000
v 4.000000 0.000000 5.000000
v 4.000000 0.000000 6.000000
v 3.000000 0.000000 6.000000
v 3.000000 0.000000 6.000000
v 4.000000 0.000000 6.000000
v 4.000000 0.000000 7.000000
v 3.000000 0.000000 7.000000
v 3.000000 0.000000 7.000000
v 4.000000 0.000000 7.000000
v 4.000000 0.000000 8.000000
v 3.000000 0.000000 8.000000
v 3.000000 0.000000 8.000000
v 4.000000 0.000000 8.000000
v 4.000000 0.000000 9.000000
v 3.000000 0.000000 9.000000
v 3.000000 0.000000 9.000000
v 4.000000 0.000000 9.000000
v 4.000000 0.000000 10.000000
v 3.000000 0.000000 10.000000
v 3.000000 0.000000 10.000000
v 4.000000 0.000000 10.000000
v 4.000000 0.000000 11.000000
v 3.000000 0.000000 11.000000
v 4.000000 0.000000 0.000000
v 5.000000 0.000000 0.000000
v 5.000000 0.000000 1.000000
v 4.000000 0.000000 1.000000
v 4.000000 0.000000 1.000000
v 5.000000 0.000000 1.000000
v 5.000000 0.000000 2.000000
v 4.000000 0.000000 2.000000
v 4.000000 0.000000 2.000000
v 5.000000 0.000000 2.000000
v 5.000000 0.000000 3.000000
v 4.000000 0.000000 3.000000
v 4.000000 0.000000 3.000000
v 5.000000 0.000000 3.000000
v 5.000000 0.000000 4.000000
v 4.000000 0.000000 4.000000
v 4.000000 0.000000 4.000000
v 5.000000 0.000000 4.000000
v 5.000000 0.000000 5.000000
v 4.000000 0.000000 5.000000
v 4.000000 0.000000 5.000000
v 5.000000 0.000000 5.000000
v 5.000000 0.000000 6.000000
v 4.000000 0.000000 6.000000
v 4.000000 0.000000 7.000000
v 5.000000 0.000000 7.000000
v 5.000000 0.000000 8.000000
v 4.000000 0.000000 8.000000
v 4.000000 0.000000 8.000000
v 5.000000 0.000000 8.000000
v 5.000000 0.000000 9.000000
v 4.000000 0.000000 9.000000
v 4.000000 0.000000 9.000000
v 5.000000 0.000000 9.000000
v 5.000000 0.000000 10.000000
v 4.000000 0.000000 10.000000
v 4.000000 0.000000 10.000000
v 5.000000 0.000000 10.000000
v 5.000000 0.000000 11.000000
v 4.000000 0.000000 11.000000
v 5.000000 0.000000 0.000000
v 6.000000 0.000000 0.000000
v 6.000000 0.000000 1.000000
v 5.000000 0.000000 1.000000
v 5.000000 0.000000 1.000000
v 6.000000 0.000000 1.000000
v 6.000000 0.000000 2.000000
v 5.000000 0.000000 2.000000
v 5.000000 0.000000 3.000000
v 6.000000 0.000000 3.000000
v 6.000000 0.000000 4.000000
v 5.000000 0.000000 4.000000
v 5.000000 0.000000 4.000000
v 6.000000 0.000000 4.000000
v 6.000000 0.000000 5.000000
v 5.000000 0.000000 5.000000
v 5.000000 0.000000 5.000000
v 6.000000 0.000000 5.000000
v 6.000000 0.000000 6.000000
v 5.000000 0.000000 6.000000
v 5.000000 0.000000 6.000000
v 6.000000 0.000000 6.000000
v 6.000000 0.000000 7.000000
v 5.000000 0.000000 7.000000
v 5.000000 0.000000 7.000000
v 6.000000 0.000000 7.000000
v 6.000000 0.000000 8.000000
v 5.000000 0.000000 8.000000
v 5.000000 0.000000 8.000000
v 6.000000 0.000000 8.000000
v 6.000000 0.000000 9.000000
v 5.000000 0.000000 9.000000
v 5.000000 0.000000 9.000000
v 6.000000 0.000000 9.000000
v 6.000000 0.000000 10.000000
v 5.000000 0.000000 10.000000
v 5.000000 0.000000 10.000000
v 6.000000 0.000000 10.000000
v 6.000000 0.000000 11.000000
v 5.000000 0.000000 11.000000
v 5.000000 0.000000 11.000000
v 6.000000 0.000000 11.000000
v 6.000000 0.000000 12.000000
v 5.000000 0.000000 12.000000
v 5.000000 0.000000 12.000000
v 6.000000 0.000000 12.000000
v 6.000000 0.000000 13.000000
v 5.000000 0.000000 13.000000
v 5.000000 0.000000 13.000000
v 6.000000 0.000000 13.000000
v 6.000000 0.000000 14.000000
v 5.000000 0.000000 14.000000
v 5.000000 0.000000 14.000000
v 6.000000 0.000000 14.000000
v 6.000000 0.000000 15.000000
v 5.000000 0.000000 15.000000
v 5.000000 0.000000 15.000000
v 6.000000 0.000000 15.000000
v 6.000000 0.000000 16.000000
v 5.000000 0.000000 16.000000
v 5.000000 0.000000 16.000000
v 6.000000 0.000000 16.000000
v 6.000000 0.000000 17.000000
v 5.000000 0.000000 17.000000
v 5.000000 0.000000 18.000000
v 6.000000 0.000000 18.000000
v 6.000000 0.000000 19.000000
v 5.000000 0.000000 19.000000
v 5.000000 0.000000 19.000000
v 6.000000 0.000000 19.000000
v 6.000000 0.000000 20.000000
v 5.000000 0.000000 20.000000
v 5.000000 0.000000 20.000000
v 6.000000 0.000000 20.000000
v 6.000000 0.000000 21.000000
v 5.000000 0.000000 21.000000
v 5.000000 0.000000 21.000000
v 6.000000 0.000000 21.000000
v 6.000000 0.000000 22.000000
v 5.000000 0.000000 22.000000
v 5.000000 0.000000 22.000000
v 6.000000 0.000000 22.000000
v 6.000000 0.000000 23.000000
v 5.000000 0.000000 23.000000
v 5.000000 0.000000 23.000000
v 6.000000 0.000000 23.000000
v 6.000000 0.000000 24.000000
v 5.000000 0.000000 24.000000
v 5.000000 0.000000 24.000000
v 6.000000 0.000000 24.000000
v 6.000000 0.000000 25.000000
v 5.000000 0.000000 25.000000
v 6.000000 0.000000 10.000000
v 7.000000 0.000000 10.000000
v 7.000000 0.000000 11.000000
v 6.000000 0.000000 11.000000
v 6.000000 0.000000 24.000000
v 7.000000 0.000000 24.000000
v 7.000000 0.000000 25.000000
v 6.000000 0.000000 25.000000
v 7.000000 0.000000 10.000000
v 8.000000 0.000000 10.000000
v 8.000000 0.000000 11.000000
v 7.000000 0.000000 11.000000
v 7.000000 0.000000 24.000000
v 8.000000 0.000000 24.000000
v 8.000000 0.000000 25.000000
v 7.000000 0.000000 25.000000
v 8.000000 0.000000 10.000000
v 9.000000 0.000000 10.000000
v 9.000000 0.000000 11.000000
v 8.000000 0.000000 11.000000
v 9.000000 0.000000 10.000000
v 10.000000 0.000000 10.000000
v 10.000000 0.000000 11.000000
v 9.000000 0.000000 11.000000
v 9.000000 0.000000 24.000000
v 10.000000 0.000000 24.000000
v 10.000000 0.000000 25.000000
v 9.000000 0.000000 25.000000
v 10.000000 0.000000 10.000000
v 11.000000 0.000000 10.000000
v 11.000000 0.000000 11.000000
v 10.000000 0.000000 11.000000
v 10.000000 0.000000 24.000000
v 11.000000 0.000000 24.000000
v 11.000000 0.000000 25.000000
v 10.000000 0.000000 25.000000
v 11.000000 0.000000 24.000000
v 12.000000 0.000000 24.000000
v 12.000000 0.000000 25.000000
v 11.000000 0.000000 25.000000
v 12.000000 0.000000 10.000000
v 13.000000 0.000000 10.000000
v 13.000000 0.000000 11.000000
v 12.000000 0.000000 11.000000
v 13.000000 0.000000 10.000000
v 14.000000 0.000000 10.000000
v 14.000000 0.000000 11.000000
v 13.000000 0.000000 11.000000
v 14.000000 0.000000 10.000000
v 15.000000 0.000000 10.000000
v 15.000000 0.000000 11.000000
v 14.000000 0.000000 11.000000
vt 0.500000 0.951613
vt 0.625000 0.951613
vt 0.625000 0.967742
vt 0.500000 0.967742
vt 0.500000 0.951613
vt 0.625000 0.951613
vt 0.625000 0.967742
vt 0.500000 0.967742
vt 0.500000 0.951613
vt 0.625000 0.951613
vt 0.625000 0.967742
vt 0.500000 0.967742
vt 0.500000 0.951613
vt 0.625000 0.951613
vt 0.625000 0.967742
vt 0.500000 0.967742
vt 0.500000 0.951613
vt 0.625000 0.951613
vt 0.625000 0.967742
vt 0.500000 0.967742
vt 0.500000 0.951613
vt 0.625000 0.951613
vt 0.625000 0.967742
vt 0.500000 0.967742
vt 0.500000 0.951613
vt 0.625000 0.951613
vt 0.625000 0.967742
vt 0.500000 0.967742
vt 0.500000 0.951613
vt 0.625000 0.951613
vt 0.625000 0.967742
vt 0.500000 0.967742
vt 0.500000 0.951613
vt 0.625000 0.951613
vt 0.625000 0.967742
vt 0.500000 0.967742
vt 0.500000 0.951613
vt 0.625000 0.951613
vt 0.625000 0.967742
vt 0.500000 0.967742
vt 0.500000 0.951613
vt 0.625000 0.951613
vt 0.625000 0.967742
vt 0.500000 0.967742
vt 0.500000 0.951613
vt 0.625000 0.951613
vt 0.625000 0.967742
vt 0.500000 0.967742
vt 0.500000 0.951613
vt 0.625000 0.951613
vt 0.625000 0.967742
vt 0.500000 0.967742
vt 0.500000 0.951613
vt 0.625000 0.951613
vt 0.625000 0.967742
vt 0.500000 0.967742
vt 0.500000 0.951613
vt 0.625000 0.951613
vt 0.625000 0.967742
vt 0.500000 0.967742
vt 0.500000 0.951613
vt 0.625000 0.951613
vt 0.625000 0.967742
vt 0.500000 0.967742
vt 0.500000 0.951613
vt 0.625000 0.951613
vt 0.625000 0.967742
vt 0.500000 0.967742
vt 0.500000 0.951613
vt 0.625000 0.951613
vt 0.625000 0.967742
vt 0.500000 0.967742
vt 0.500000 0.951613
vt 0.625000 0.951613
vt 0.625000 0.967742
vt 0.500000 0.967742
vt 0.500000 0.951613
vt 0.625000 0.951613
vt 0.625000 0.967742
vt 0.500000 0.967742
vt 0.500000 0.951613
vt 0.625000 0.951613
vt 0.625000 0.967742
vt 0.500000 0.967742
vt 0.500000 0.951613
vt 0.625000 0.951613
vt 0.625000 0.967742
vt 0.500000 0.967742
vt 0.500000 0.951613
vt 0.625000 0.951613
vt 0.625000 0.967742
vt 0.500000 0.967742
vt 0.500000 0.951613
vt 0.625000 0.951613
vt 0.625000 0.967742
vt 0.500000 0.967742
vt 0.500000 0.951613
vt 0.625000 0.951613
vt 0.625000 0.967742
vt 0.500000 0.967742
vt 0.500000 0.951613
vt 0.625000 0.951613
vt 0.625000 0.967742
vt 0.500000 0.967742
vt 0.500000 0.951613
vt 0.625000 0.951613
vt 0.625000 0.967742
vt 0.500000 0.967742
vt 0.500000 0.951613
vt 0.625000 0.951613
vt 0.625000 0.967742
vt 0.500000 0.967742
vt 0.500000 0.951613
vt 0.625000 0.951613
vt 0.625000 0.967742
vt 0.500000 0.967742
vt 0.500000 0.951613
vt 0.625000 0.951613
vt 0.625000 0.967742
vt 0.500000 0.967742
vt 0.500000 0.951613
vt 0.625000 0.951613
vt 0.625000 0.967742
vt 0.500000 0.967742
vt 0.500000 0.951613
vt 0.625000 0.951613
vt 0.625000 0.967742
vt 0.500000 0.967742
vt 0.500000 0.951613
vt 0.625000 0.951613
vt 0.625000 0.967742
vt 0.500000 0.967742
vt 0.500000 0.951613
vt 0.625000 0.951613
vt 0.625000 0.967742
vt 0.500000 0.967742
vt 0.500000 0.951613
vt 0.625000 0.951613
vt 0.625000 0.967742
vt 0.500000 0.967742
vt 0.500000 0.951613
vt 0.625000 0.951613
vt 0.625000 0.967742
vt 0.500000 0.967742
vt 0.500000 0.951613
vt 0.625000 0.951613
vt 0.625000 0.967742
vt 0.500000 0.967742
vt 0.500000 0.951613
vt 0.625000 0.951613
vt 0.625000 0.967742
vt 0.500000 0.967742
vt 0.500000 0.951613
vt 0.625000 0.951613
vt 0.625000 0.967742
vt 0.500000 0.967742
vt 0.500000 0.951613
vt 0.625000 0.951613
vt 0.625000 0.967742
vt 0.500000 0.967742
vt 0.500000 0.951613
vt 0.625000 0.951613
vt 0.625000 0.967742
vt 0.500000 0.967742
vt 0.500000 0.951613
vt 0.625000 0.951613
vt 0.625000 0.967742
vt 0.500000 0.967742
vt 0.500000 0.951613
vt 0.625000 0.951613
vt 0.625000 0.967742
vt 0.500000 0.967742
vt 0.500000 0.951613
vt 0.625000 0.951613
vt 0.625000 0.967742
vt 0.500000 0.967742
vt 0.500000 0.951613
vt 0.625000 0.951613
vt 0.625000 0.967742
vt 0.500000 0.967742
vt 0.500000 0.951613
vt 0.625000 0.951613
vt 0.625000 0.967742
vt 0.500000 0.967742
vt 0.500000 0.951613
vt 0.625000 0.951613
vt 0.625000 0.967742
vt 0.500000 0.967742
vt 0.500000 0.951613
vt 0.625000 0.951613
vt 0.625000 0.967742
vt 0.500000 0.967742
vt 0.500000 0.951613
vt 0.625000 0.951613
vt 0.625000 0.967742
vt 0.500000 0.967742
vt 0.500000 0.951613
vt 0.625000 0.951613
vt 0.625000 0.967742
vt 0.500000 0.967742
vt 0.500000 0.951613
vt 0.625000 0.951613
vt 0.625000 0.967742
vt 0.500000 0.967742
vt 0.500000 0.951613
vt 0.625000 0.951613
vt 0.625000 0.967742
vt 0.500000 0.967742
vt 0.500000 0.951613
vt 0.625000 0.951613
vt 0.625000 0.967742
vt 0.500000 0.967742
vt 0.500000 0.951613
vt 0.625000 0.951613
vt 0.625000 0.967742
vt 0.500000 0.967742
vt 0.500000 0.951613
vt 0.625000 0.951613
vt 0.625000 0.967742
vt 0.500000 0.967742
vt 0.500000 0.951613
vt 0.625000 0.951613
vt 0.625000 0.967742
vt 0.500000 0.967742
vt 0.500000 0.951613
vt 0.625000 0.951613
vt 0.625000 0.967742
vt 0.500000 0.967742
vt 0.500000 0.951613
vt 0.625000 0.951613
vt 0.625000 0.967742
vt 0.500000 0.967742
vt 0.500000 0.951613
vt 0.625000 0.951613
vt 0.625000 0.967742
vt 0.500000 0.967742
vt 0.500000 0.951613
vt 0.625000 0.951613
vt 0.625000 0.967742
vt 0.500000 0.967742
vt 0.500000 0.951613
vt 0.625000 0.951613
vt 0.625000 0.967742
vt 0.500000 0.967742
vt 0.500000 0.951613
vt 0.625000 0.951613
vt 0.625000 0.967742
vt 0.500000 0.967742
vt 0.500000 0.951613
vt 0.625000 0.951613
vt 0.625000 0.967742
vt 0.500000 0.967742
vt 0.500000 0.951613
vt 0.625000 0.951613
vt 0.625000 0.967742
vt 0.500000 0.967742
vt 0.500000 0.951613
vt 0.625000 0.951613
vt 0.625000 0.967742
vt 0.500000 0.967742
vt 0.500000 0.951613
vt 0.625000 0.951613
vt 0.625000 0.967742
vt 0.500000 0.967742
vt 0.500000 0.951613
vt 0.625000 0.951613
vt 0.625000 0.967742
vt 0.500000 0.967742
vt 0.500000 0.951613
vt 0.625000 0.951613
vt 0.625000 0.967742
vt 0.500000 0.967742
vt 0.500000 0.951613
vt 0.625000 0.951613
vt 0.625000 0.967742
vt 0.500000 0.967742
vt 0.500000 0.951613
vt 0.625000 0.951613
vt 0.625000 0.967742
vt 0.500000 0.967742
vt 0.500000 0.951613
vt 0.625000 0.951613
vt 0.625000 0.967742
vt 0.500000 0.967742
vt 0.500000 0.951613
vt 0.625000 0.951613
vt 0.625000 0.967742
vt 0.500000 0.967742
vt 0.500000 0.951613
vt 0.625000 0.951613
vt 0.625000 0.967742
vt 0.500000 0.967742
vt 0.500000 0.951613
vt 0.625000 0.951613
vt 0.625000 0.967742
vt 0.500000 0.967742
vt 0.500000 0.951613
vt 0.625000 0.951613
vt 0.625000 0.967742
vt 0.500000 0.967742
vt 0.500000 0.951613
vt 0.625000 0.951613
vt 0.625000 0.967742
vt 0.500000 0.967742
vt 0.500000 0.951613
vt 0.625000 0.951613
vt 0.625000 0.967742
vt 0.500000 0.967742
vt 0.500000 0.951613
vt 0.625000 0.951613
vt 0.625000 0.967742
vt 0.500000 0.967742
vt 0.500000 0.951613
vt 0.625000 0.951613
vt 0.625000 0.967742
vt 0.500000 0.967742
vt 0.500000 0.951613
vt 0.625000 0.951613
vt 0.625000 0.967742
vt 0.500000 0.967742
vt 0.500000 0.951613
vt 0.625000 0.951613
vt 0.625000 0.967742
vt 0.500000 0.967742
vt 0.500000 0.951613
vt 0.625000 0.951613
vt 0.625000 0.967742
vt 0.500000 0.967742
vt 0.500000 0.951613
vt 0.625000 0.951613
vt 0.625000 0.967742
vt 0.500000 0.967742
vt 0.500000 0.951613
vt 0.625000 0.951613
vt 0.625000 0.967742
vt 0.500000 0.967742
vt 0.500000 0.951613
vt 0.625000 0.951613
vt 0.625000 0.967742
vt 0.500000 0.967742
vt 0.500000 0.951613
vt 0.625000 0.951613
vt 0.625000 0.967742
vt 0.500000 0.967742
vt 0.500000 0.951613
vt 0.625000 0.951613
vt 0.625000 0.967742
vt 0.500000 0.967742
usemtl tileset
f 3277/3277 3279/3279 3278/3280
f 3277/3277 3280/3278 3279/3279
f 3281/3281 3283/3283 3282/3284
f 3281/3281 3284/3282 3283/3283
f 3285/3285 3287/3287 3286/3288
f 3285/3285 3288/3286 3287/3287
f 3289/3289 3291/3291 3290/3292
f 3289/3289 3292/3290 3291/3291
f 3293/3293 3295/3295 3294/3296
f 3293/3293 3296/3294 3295/3295
f 3297/3297 3299/3299 3298/3300
f 3297/3297 3300/3298 3299/3299
f 3301/3301 3303/3303 3302/3304
f 3301/3301 3304/3302 3303/3303
f 3305/3305 3307/3307 3306/3308
f 3305/3305 3308/3306 3307/3307
f 3309/3309 3311/3311 3310/3312
f 3309/3309 3312/3310 3311/3311
f 3313/3313 3315/3315 3314/3316
f 3313/3313 3316/3314 3315/3315
f 3317/3317 3319/3319 3318/3320
f 3317/3317 3320/3318 3319/3319
f 3321/3321 3323/3323 3322/3324
f 3321/3321 3324/3322 3323/3323
f 3325/3325 3327/3327 3326/3328
f 3325/3325 3328/3326 3327/3327
f 3329/3329 3331/3331 3330/3332
f 3329/3329 3332/3330 3331/3331
f 3333/3333 3335/3335 3334/3336
f 3333/3333 3336/3334 3335/3335
f 3337/3337 3339/3339 3338/3340
f 3337/3337 3340/3338 3339/3339
f 3341/3341 3343/3343 3342/3344
f 3341/3341 3344/3342 3343/3343
f 3345/3345 3347/3347 3346/3348
f 3345/3345 3348/3346 3347/3347
f 3349/3349 3351/3351 3350/3352
f 3349/3349 3352/3350 3351/3351
f 3353/3353 3355/3355 3354/3356
f 3353/3353 3356/3354 3355/3355
f 3357/3357 3359/3359 3358/3360
f 3357/3357 3360/3358 3359/3359
f 3361/3361 3363/3363 3362/3364
f 3361/3361 3364/3362 3363/3363
f 3365/3365 3367/3367 3366/3368
f 3365/3365 3368/3366 3367/3367
f 3369/3369 3371/3371 3370/3372
f 3369/3369 3372/3370 3371/3371
f 3373/3373 3375/3375 3374/3376
f 3373/3373 3376/3374 3375/3375
f 3377/3377 3379/3379 3378/3380
f 3377/3377 3380/3378 3379/3379
f 3381/3381 3383/3383 3382/3384
f 3381/3381 3384/3382 3383/3383
f 3385/3385 3387/3387 3386/3388
f 3385/3385 3388/3386 3387/3387
f 3389/3389 3391/3391 3390/3392
f 3389/3389 3392/3390 3391/3391
f 3393/3393 3395/3395 3394/3396
f 3393/3393 3396/3394 3395/3395
f 3397/3397 3399/3399 3398/3400
f 3397/3397 3400/3398 3399/3399
f 3401/3401 3403/3403 3402/3404
f 3401/3401 3404/3402 3403/3403
f 3405/3405 3407/3407 3406/3408
f 3405/3405 3408/3406 3407/3407
f 3409/3409 3411/3411 3410/3412
f 3409/3409 3412/3410 3411/3411
f 3413/3413 3415/3415 3414/3416
f 3413/3413 3416/3414 3415/3415
f 3417/3417 3419/3419 3418/3420
f 3417/3417 3420/3418 3419/3419
f 3421/3421 3423/3423 3422/3424
f 3421/3421 3424/3422 3423/3423
f 3425/3425 3427/3427 3426/3428
f 3425/3425 3428/3426 3427/3427
f 3429/3429 3431/3431 3430/3432
f 3429/3429 3432/3430 3431/3431
f 3433/3433 3435/3435 3434/3436
f 3433/3433 3436/3434 3435/3435
f 3437/3437 3439/3439 3438/3440
f 3437/3437 3440/3438 3439/3439
f 3441/3441 3443/3443 3442/3444
f 3441/3441 3444/3442 3443/3443
f 3445/3445 3447/3447 3446/3448
f 3445/3445 3448/3446 3447/3447
f 3449/3449 3451/3451 3450/3452
f 3449/3449 3452/3450 3451/3451
f 3453/3453 3455/3455 3454/3456
f 3453/3453 3456/3454 3455/3455
f 3457/3457 3459/3459 3458/3460
f 3457/3457 3460/3458 3459/3459
f 3461/3461 3463/3463 3462/3464
f 3461/3461 3464/3462 3463/3463
f 3465/3465 3467/3467 3466/3468
f 3465/3465 3468/3466 3467/3467
f 3469/3469 3471/3471 3470/3472
f 3469/3469 3472/3470 3471/3471
f 3473/3473 3475/3475 3474/3476
f 3473/3473 3476/3474 3475/3475
f 3477/3477 3479/3479 3478/3480
f 3477/3477 3480/3478 3479/3479
f 3481/3481 3483/3483 3482/3484
f 3481/3481 3484/3482 3483/3483
f 3485/3485 3487/3487 3486/3488
f 3485/3485 3488/3486 3487/3487
f 3489/3489 3491/3491 3490/3492
f 3489/3489 3492/3490 3491/3491
f 3493/3493 3495/3495 3494/3496
f 3493/3493 3496/3494 3495/3495
f 3497/3497 3499/3499 3498/3500
f 3497/3497 3500/3498 3499/3499
f 3501/3501 3503/3503 3502/3504
f 3501/3501 3504/3502 3503/3503
f 3505/3505 3507/3507 3506/3508
f 3505/3505 3508/3506 3507/3507
f 3509/3509 3511/3511 3510/3512
f 3509/3509 3512/3510 3511/3511
f 3513/3513 3515/3515 3514/3516
f 3513/3513 3516/3514 3515/3515
f 3517/3517 3519/3519 3518/3520
f 3517/3517 3520/3518 3519/3519
f 3521/3521 3523/3523 3522/3524
f 3521/3521 3524/3522 3523/3523
f 3525/3525 3527/3527 3526/3528
f 3525/3525 3528/3526 3527/3527
f 3529/3529 3531/3531 3530/3532
f 3529/3529 3532/3530 3531/3531
f 3533/3533 3535/3535 3534/3536
f 3533/3533 3536/3534 3535/3535
f 3537/3537 3539/3539 3538/3540
f 3537/3537 3540/3538 3539/3539
f 3541/3541 3543/3543 3542/3544
f 3541/3541 3544/3542 3543/3543
f 3545/3545 3547/3547 3546/3548
f 3545/3545 3548/3546 3547/3547
f 3549/3549 3551/3551 3550/3552
f 3549/3549 3552/3550 3551/3551
f 3553/3553 3555/3555 3554/3556
f 3553/3553 3556/3554 3555/3555
f 3557/3557 3559/3559 3558/3560
f 3557/3557 3560/3558 3559/3559
f 3561/3561 3563/3563 3562/3564
f 3561/3561 3564/3562 3563/3563
f 3565/3565 3567/3567 3566/3568
f 3565/3565 3568/3566 3567/3567
f 3569/3569 3571/3571 3570/3572
f 3569/3569 3572/3570 3571/3571
f 3573/3573 3575/3575 3574/3576
f 3573/3573 3576/3574 3575/3575
f 3577/3577 3579/3579 3578/3580
f 3577/3577 3580/3578 3579/3579
f 3581/3581 3583/3583 3582/3584
f 3581/3581 3584/3582 3583/3583
f 3585/3585 3587/3587 3586/3588
f 3585/3585 3588/3586 3587/3587
f 3589/3589 3591/3591 3590/3592
f 3589/3589 3592/3590 3591/3591
f 3593/3593 3595/3595 3594/3596
f 3593/3593 3596/3594 3595/3595
f 3597/3597 3599/3599 3598/3600
f 3597/3597 3600/3598 3599/3599
f 3601/3601 3603/3603 3602/3604
f 3601/3601 3604/3602 3603/3603
f 3605/3605 3607/3607 3606/3608
f 3605/3605 3608/3606 3607/3607
f 3609/3609 3611/3611 3610/3612
f 3609/3609 3612/3610 3611/3611
f 3613/3613 3615/3615 3614/3616
f 3613/3613 3616/3614 3615/3615
f 3617/3617 3619/3619 3618/3620
f 3617/3617 3620/3618 3619/3619
f 3621/3621 3623/3623 3622/3624
f 3621/3621 3624/3622 3623/3623
o layer_1_tile_477
v 0.000000 0.000000 11.000000
v 1.000000 0.000000 11.000000
v 1.000000 0.000000 12.000000
v 0.000000 0.000000 12.000000
v 1.000000 0.000000 11.000000
v 2.000000 0.000000 11.000000
v 2.000000 0.000000 12.000000
v 1.000000 0.000000 12.000000
v 2.000000 0.000000 11.000000
v 3.000000 0.000000 11.000000
v 3.000000 0.000000 12.000000
v 2.000000 0.000000 12.000000
v 3.000000 0.000000 11.000000
v 4.000000 0.000000 11.000000
v 4.000000 0.000000 12.000000
v 3.000000 0.000000 12.000000
v 5.000000 0.000000 25.000000
v 6.000000 0.000000 25.000000
v 6.000000 0.000000 26.000000
v 5.000000 0.000000 26.000000
v 6.000000 0.000000 25.000000
v 7.000000 0.000000 25.000000
v 7.000000 0.000000 26.000000
v 6.000000 0.000000 26.000000
v 7.000000 0.000000 11.000000
v 8.000000 0.000000 11.000000
v 8.000000 0.000000 12.000000
v 7.000000 0.000000 12.000000
v 7.000000 0.000000 25.000000
v 8.000000 0.000000 25.000000
v 8.000000 0.000000 26.000000
v 7.000000 0.000000 26.000000
v 8.000000 0.000000 11.000000
v 9.000000 0.000000 11.000000
v 9.000000 0.000000 12.000000
v 8.000000 0.000000 12.000000
v 8.000000 0.000000 25.000000
v 9.000000 0.000000 25.000000
v 9.000000 0.000000 26.000000
v 8.000000 0.000000 26.000000
v 9.000000 0.000000 11.000000
v 10.000000 0.000000 11.000000
v 10.000000 0.000000 12.000000
v 9.000000 0.000000 12.000000
v 9.000000 0.000000 25.000000
v 10.000000 0.000000 25.000000
v 10.000000 0.000000 26.000000
v 9.000000 0.000000 26.000000
v 10.000000 0.000000 11.000000
v 11.000000 0.000000 11.000000
v 11.000000 0.000000 12.000000
v 10.000000 0.000000 12.000000
v 10.000000 0.000000 25.000000
v 11.000000 0.000000 25.000000
v 11.000000 0.000000 26.000000
v 10.000000 0.000000 26.000000
v 11.000000 0.000000 11.000000
v 12.000000 0.000000 11.000000
v 12.000000 0.000000 12.000000
v 11.000000 0.000000 12.000000
v 11.000000 0.000000 25.000000
v 12.000000 0.000000 25.000000
v 12.000000 0.000000 26.000000
v 11.000000 0.000000 26.000000
v 12.000000 0.000000 11.000000
v 13.000000 0.000000 11.000000
v 13.000000 0.000000 12.000000
v 12.000000 0.000000 12.000000
v 13.000000 0.000000 11.000000
v 14.000000 0.000000 11.000000
v 14.000000 0.000000 12.000000
v 13.000000 0.000000 12.000000
v 14.000000 0.000000 11.000000
v 15.000000 0.000000 11.000000
v 15.000000 0.000000 12.000000
v 14.000000 0.000000 12.000000
vt 0.625000 0.951613
vt 0.750000 0.951613
vt 0.750000 0.967742
vt 0.625000 0.967742
vt 0.625000 0.951613
vt 0.750000 0.951613
vt 0.750000 0.967742
vt 0.625000 0.967742
vt 0.625000 0.951613
vt 0.750000 0.951613
vt 0.750000 0.967742
vt 0.625000 0.967742
vt 0.625000 0.951613
vt 0.750000 0.951613
vt 0.750000 0.967742
vt 0.625000 0.967742
vt 0.625000 0.951613
vt 0.750000 0.951613
vt 0.750000 0.967742
vt 0.625000 0.967742
vt 0.625000 0.951613
vt 0.750000 0.951613
vt 0.750000 0.967742
vt 0.625000 0.967742
vt 0.625000 0.951613
vt 0.750000 0.951613
vt 0.750000 0.967742
vt 0.625000 0.967742
vt 0.625000 0.951613
vt 0.750000 0.951613
vt 0.750000 0.967742
vt 0.625000 0.967742
vt 0.625000 0.951613
vt 0.750000 0.951613
vt 0.750000 0.967742
vt 0.625000 0.967742
vt 0.625000 0.951613
vt 0.750000 0.951613
vt 0.750000 0.967742
vt 0.625000 0.967742
vt 0.625000 0.951613
vt 0.750000 0.951613
vt 0.750000 0.967742
vt 0.625000 0.967742
vt 0.625000 0.951613
vt 0.750000 0.951613
vt 0.750000 0.967742
vt 0.625000 0.967742
vt 0.625000 0.951613
vt 0.750000 0.951613
vt 0.750000 0.967742
vt 0.625000 0.967742
vt 0.625000 0.951613
vt 0.750000 0.951613
vt 0.750000 0.967742
vt 0.625000 0.967742
vt 0.625000 0.951613
vt 0.750000 0.951613
vt 0.750000 0.967742
vt 0.625000 0.967742
vt 0.625000 0.951613
vt 0.750000 0.951613
vt 0.750000 0.967742
vt 0.625000 0.967742
vt 0.625000 0.951613
vt 0.750000 0.951613
vt 0.750000 0.967742
vt 0.625000 0.967742
vt 0.625000 0.951613
vt 0.750000 0.951613
vt 0.750000 0.967742
vt 0.625000 0.967742
vt 0.625000 0.951613
vt 0.750000 0.951613
vt 0.750000 0.967742
vt 0.625000 0.967742
usemtl tileset
f 3625/3625 3627/3627 3626/3628
f 3625/3625 3628/3626 3627/3627
f 3629/3629 3631/3631 3630/3632
f 3629/3629 3632/3630 3631/3631
f 3633/3633 3635/3635 3634/3636
f 3633/3633 3636/3634 3635/3635
f 3637/3637 3639/3639 3638/3640
f 3637/3637 3640/3638 3639/3639
f 3641/3641 3643/3643 3642/3644
f 3641/3641 3644/3642 3643/3643
f 3645/3645 3647/3647 3646/3648
f 3645/3645 3648/3646 3647/3647
f 3649/3649 3651/3651 3650/3652
f 3649/3649 3652/3650 3651/3651
f 3653/3653 3655/3655 3654/3656
f 3653/3653 3656/3654 3655/3655
f 3657/3657 3659/3659 3658/3660
f 3657/3657 3660/3658 3659/3659
f 3661/3661 3663/3663 3662/3664
f 3661/3661 3664/3662 3663/3663
f 3665/3665 3667/3667 3666/3668
f 3665/3665 3668/3666 3667/3667
f 3669/3669 3671/3671 3670/3672
f 3669/3669 3672/3670 3671/3671
f 3673/3673 3675/3675 3674/3676
f 3673/3673 3676/3674 3675/3675
f 3677/3677 3679/3679 3678/3680
f 3677/3677 3680/3678 3679/3679
f 3681/3681 3683/3683 3682/3684
f 3681/3681 3684/3682 3683/3683
f 3685/3685 3687/3687 3686/3688
f 3685/3685 3688/3686 3687/3687
f 3689/3689 3691/3691 3690/3692
f 3689/3689 3692/3690 3691/3691
f 3693/3693 3695/3695 3694/3696
f 3693/3693 3696/3694 3695/3695
f 3697/3697 3699/3699 3698/3700
f 3697/3697 3700/3698 3699/3699
o layer_1_tile_478
v 6.000000 0.000000 9.000000
v 7.000000 0.000000 9.000000
v 7.000000 0.000000 10.000000
v 6.000000 0.000000 10.000000
v 6.000000 0.000000 23.000000
v 7.000000 0.000000 23.000000
v 7.000000 0.000000 24.000000
v 6.000000 0.000000 24.000000
vt 0.750000 0.951613
vt 0.875000 0.951613
vt 0.875000 0.967742
vt 0.750000 0.967742
vt 0.750000 0.951613
vt 0.875000 0.951613
vt 0.875000 0.967742
vt 0.750000 0.967742
usemtl tileset
f 3701/3701 3703/3703 3702/3704
f 3701/3701 3704/3702 3703/3703
f 3705/3705 3707/3707 3706/3708
f 3705/3705 3708/3706 3707/3707
o layer_1_tile_479
v 6.000000 0.000000 11.000000
v 7.000000 0.000000 11.000000
v 7.000000 0.000000 12.000000
v 6.000000 0.000000 12.000000
vt 0.875000 0.951613
vt 1.000000 0.951613
vt 1.000000 0.967742
vt 0.875000 0.967742
usemtl tileset
f 3709/3709 3711/3711 3710/3712
f 3709/3709 3712/3710 3711/3711
o layer_1_tile_480
v 15.000000 0.000000 14.000000
v 16.000000 0.000000 14.000000
v 16.000000 0.000000 15.000000
v 15.000000 0.000000 15.000000
vt 0.000000 0.967742
vt 0.125000 0.967742
vt 0.125000 0.983871
vt 0.000000 0.983871
usemtl tileset
f 3713/3713 3715/3715 3714/3716
f 3713/3713 3716/3714 3715/3715
o layer_1_tile_481
v 15.000000 0.000000 15.000000
v 16.000000 0.000000 15.000000
v 16.000000 0.000000 16.000000
v 15.000000 0.000000 16.000000
v 15.000000 0.000000 16.000000
v 16.000000 0.000000 16.000000
v 16.000000 0.000000 17.000000
v 15.000000 0.000000 17.000000
v 15.000000 0.000000 17.000000
v 16.000000 0.000000 17.000000
v 16.000000 0.000000 18.000000
v 15.000000 0.000000 18.000000
v 15.000000 0.000000 18.000000
v 16.000000 0.000000 18.000000
v 16.000000 0.000000 19.000000
v 15.000000 0.000000 19.000000
v 15.000000 0.000000 19.000000
v 16.000000 0.000000 19.000000
v 16.000000 0.000000 20.000000
v 15.000000 0.000000 20.000000
vt 0.125000 0.967742
vt 0.250000 0.967742
vt 0.250000 0.983871
vt 0.125000 0.983871
vt 0.125000 0.967742
vt 0.250000 0.967742
vt 0.250000 0.983871
vt 0.125000 0.983871
vt 0.125000 0.967742
vt 0.250000 0.967742
vt 0.250000 0.983871
vt 0.125000 0.983871
vt 0.125000 0.967742
vt 0.250000 0.967742
vt 0.250000 0.983871
vt 0.125000 0.983871
vt 0.125000 0.967742
vt 0.250000 0.967742
vt 0.250000 0.983871
vt 0.125000 0.983871
usemtl tileset
f 3717/3717 3719/3719 3718/3720
f 3717/3717 3720/3718 3719/3719
f 3721/3721 3723/3723 3722/3724
f 3721/3721 3724/3722 3723/3723
f 3725/3725 3727/3727 3726/3728
f 3725/3725 3728/3726 3727/3727
f 3729/3729 3731/3731 3730/3732
f 3729/3729 3732/3730 3731/3731
f 3733/3733 3735/3735 3734/3736
f 3733/3733 3736/3734 3735/3735
o layer_1_tile_482
v 15.000000 0.000000 20.000000
v 16.000000 0.000000 20.000000
v 16.000000 0.000000 21.000000
v 15.000000 0.000000 21.000000
vt 0.250000 0.967742
vt 0.375000 0.967742
vt 0.375000 0.983871
vt 0.250000 0.983871
usemtl tileset
f 3737/3737 3739/3739 3738/3740
f 3737/3737 3740/3738 3739/3739
o layer_1_tile_484
v 6.000000 0.000000 0.000000
v 7.000000 0.000000 0.000000
v 7.000000 0.000000 1.000000
v 6.000000 0.000000 1.000000
v 6.000000 0.000000 1.000000
v 7.000000 0.000000 1.000000
v 7.000000 0.000000 2.000000
v 6.000000 0.000000 2.000000
v 6.000000 0.000000 2.000000
v 7.000000 0.000000 2.000000
v 7.000000 0.000000 3.000000
v 6.000000 0.000000 3.000000
v 6.000000 0.000000 3.000000
v 7.000000 0.000000 3.000000
v 7.000000 0.000000 4.000000
v 6.000000 0.000000 4.000000
v 6.000000 0.000000 4.000000
v 7.000000 0.000000 4.000000
v 7.000000 0.000000 5.000000
v 6.000000 0.000000 5.000000
v 6.000000 0.000000 5.000000
v 7.000000 0.000000 5.000000
v 7.000000 0.000000 6.000000
v 6.000000 0.000000 6.000000
v 6.000000 0.000000 6.000000
v 7.000000 0.000000 6.000000
v 7.000000 0.000000 7.000000
v 6.000000 0.000000 7.000000
v 6.000000 0.000000 7.000000
v 7.000000 0.000000 7.000000
v 7.000000 0.000000 8.000000
v 6.000000 0.000000 8.000000
v 6.000000 0.000000 8.000000
v 7.000000 0.000000 8.000000
v 7.000000 0.000000 9.000000
v 6.000000 0.000000 9.000000
v 6.000000 0.000000 12.000000
v 7.000000 0.000000 12.000000
v 7.000000 0.000000 13.000000
v 6.000000 0.000000 13.000000
v 6.000000 0.000000 13.000000
v 7.000000 0.000000 13.000000
v 7.000000 0.000000 14.000000
v 6.000000 0.000000 14.000000
v 6.000000 0.000000 14.000000
v 7.000000 0.000000 14.000000
v 7.000000 0.000000 15.000000
v 6.000000 0.000000 15.000000
v 6.000000 0.000000 15.000000
v 7.000000 0.000000 15.000000
v 7.000000 0.000000 16.000000
v 6.000000 0.000000 16.000000
v 6.000000 0.000000 16.000000
v 7.000000 0.000000 16.000000
v 7.000000 0.000000 17.000000
v 6.000000 0.000000 17.000000
v 6.000000 0.000000 17.000000
v 7.000000 0.000000 17.000000
v 7.000000 0.000000 18.000000
v 6.000000 0.000000 18.000000
v 6.000000 0.000000 18.000000
v 7.000000 0.000000 18.000000
v 7.000000 0.000000 19.000000
v 6.000000 0.000000 19.000000
v 6.000000 0.000000 19.000000
v 7.000000 0.000000 19.000000
v 7.000000 0.000000 20.000000
v 6.000000 0.000000 20.000000
v 6.000000 0.000000 20.000000
v 7.000000 0.000000 20.000000
v 7.000000 0.000000 21.000000
v 6.000000 0.000000 21.000000
v 6.000000 0.000000 21.000000
v 7.000000 0.000000 21.000000
v 7.000000 0.000000 22.000000
v 6.000000 0.000000 22.000000
v 6.000000 0.000000 22.000000
v 7.000000 0.000000 22.000000
v 7.000000 0.000000 23.000000
v 6.000000 0.000000 23.000000
vt 0.500000 0.967742
vt 0.625000 0.967742
vt 0.625000 0.983871
vt 0.500000 0.983871
vt 0.500000 0.967742
vt 0.625000 0.967742
vt 0.625000 0.983871
vt 0.500000 0.983871
vt 0.500000 0.967742
vt 0.625000 0.967742
vt 0.625000 0.983871
vt 0.500000 0.983871
vt 0.500000 0.967742
vt 0.625000 0.967742
vt 0.625000 0.983871
vt 0.500000 0.983871
vt 0.500000 0.967742
vt 0.625000 0.967742
vt 0.625000 0.983871
vt 0.500000 0.983871
vt 0.500000 0.967742
vt 0.625000 0.967742
vt 0.625000 0.983871
vt 0.500000 0.983871
vt 0.500000 0.967742
vt 0.625000 0.967742
vt 0.625000 0.983871
vt 0.500000 0.983871
vt 0.500000 0.967742
vt 0.625000 0.967742
vt 0.625000 0.983871
vt 0.500000 0.983871
vt 0.500000 0.967742
vt 0.625000 0.967742
vt 0.625000 0.983871
vt 0.500000 0.983871
vt 0.500000 0.967742
vt 0.625000 0.967742
vt 0.625000 0.983871
vt 0.500000 0.983871
vt 0.500000 0.967742
vt 0.625000 0.967742
vt 0.625000 0.983871
vt 0.500000 0.983871
vt 0.500000 0.967742
vt 0.625000 0.967742
vt 0.625000 0.983871
vt 0.500000 0.983871
vt 0.500000 0.967742
vt 0.625000 0.967742
vt 0.625000 0.983871
vt 0.500000 0.983871
vt 0.500000 0.967742
vt 0.625000 0.967742
vt 0.625000 0.983871
vt 0.500000 0.983871
vt 0.500000 0.967742
vt 0.625000 0.967742
vt 0.625000 0.983871
vt 0.500000 0.983871
vt 0.500000 0.967742
vt 0.625000 0.967742
vt 0.625000 0.983871
vt 0.500000 0.983871
vt 0.500000 0.967742
vt 0.625000 0.967742
vt 0.625000 0.983871
vt 0.500000 0.983871
vt 0.500000 0.967742
vt 0.625000 0.967742
vt 0.625000 0.983871
vt 0.500000 0.983871
vt 0.500000 0.967742
vt 0.625000 0.967742
vt 0.625000 0.983871
vt 0.500000 0.983871
vt 0.500000 0.967742
vt 0.625000 0.967742
vt 0.625000 0.983871
vt 0.500000 0.983871
usemtl tileset
f 3741/3741 3743/3743 3742/3744
f 3741/3741 3744/3742 3743/3743
f 3745/3745 3747/3747 3746/3748
f 3745/3745 3748/3746 3747/3747
f 3749/3749 3751/3751 3750/3752
f 3749/3749 3752/3750 3751/3751
f 3753/3753 3755/3755 3754/3756
f 3753/3753 3756/3754 3755/3755
f 3757/3757 3759/3759 3758/3760
f 3757/3757 3760/3758 3759/3759
f 3761/3761 3763/3763 3762/3764
f 3761/3761 3764/3762 3763/3763
f 3765/3765 3767/3767 3766/3768
f 3765/3765 3768/3766 3767/3767
f 3769/3769 3771/3771 3770/3772
f 3769/3769 3772/3770 3771/3771
f 3773/3773 3775/3775 3774/3776
f 3773/3773 3776/3774 3775/3775
f 3777/3777 3779/3779 3778/3780
f 3777/3777 3780/3778 3779/3779
f 3781/3781 3783/3783 3782/3784
f 3781/3781 3784/3782 3783/3783
f 3785/3785 3787/3787 3786/3788
f 3785/3785 3788/3786 3787/3787
f 3789/3789 3791/3791 3790/3792
f 3789/3789 3792/3790 3791/3791
f 3793/3793 3795/3795 3794/3796
f 3793/3793 3796/3794 3795/3795
f 3797/3797 3799/3799 3798/3800
f 3797/3797 3800/3798 3799/3799
f 3801/3801 3803/3803 3802/3804
f 3801/3801 3804/3802 3803/3803
f 3805/3805 3807/3807 3806/3808
f 3805/3805 3808/3806 3807/3807
f 3809/3809 3811/3811 3810/3812
f 3809/3809 3812/3810 3811/3811
f 3813/3813 3815/3815 3814/3816
f 3813/3813 3816/3814 3815/3815
f 3817/3817 3819/3819 3818/3820
f 3817/3817 3820/3818 3819/3819
o layer_1_tile_493
v 1.000000 0.000000 7.000000
v 2.000000 0.000000 7.000000
v 2.000000 0.000000 8.000000
v 1.000000 0.000000 8.000000
v 2.000000 0.000000 4.000000
v 3.000000 0.000000 4.000000
v 3.000000 0.000000 5.000000
v 2.000000 0.000000 5.000000
v 2.000000 0.000000 9.000000
v 3.000000 0.000000 9.000000
v 3.000000 0.000000 10.000000
v 2.000000 0.000000 10.000000
v 4.000000 0.000000 6.000000
v 5.000000 0.000000 6.000000
v 5.000000 0.000000 7.000000
v 4.000000 0.000000 7.000000
v 5.000000 0.000000 2.000000
v 6.000000 0.000000 2.000000
v 6.000000 0.000000 3.000000
v 5.000000 0.000000 3.000000
v 5.000000 0.000000 17.000000
v 6.000000 0.000000 17.000000
v 6.000000 0.000000 18.000000
v 5.000000 0.000000 18.000000
v 8.000000 0.000000 24.000000
v 9.000000 0.000000 24.000000
v 9.000000 0.000000 25.000000
v 8.000000 0.000000 25.000000
v 11.000000 0.000000 10.000000
v 12.000000 0.000000 10.000000
v 12.000000 0.000000 11.000000
v 11.000000 0.000000 11.000000
vt 0.625000 0.983871
vt 0.750000 0.983871
vt 0.750000 1.000000
vt 0.625000 1.000000
vt 0.625000 0.983871
vt 0.750000 0.983871
vt 0.750000 1.000000
vt 0.625000 1.000000
vt 0.625000 0.983871
vt 0.750000 0.983871
vt 0.750000 1.000000
vt 0.625000 1.000000
vt 0.625000 0.983871
vt 0.750000 0.983871
vt 0.750000 1.000000
vt 0.625000 1.000000
vt 0.625000 0.983871
vt 0.750000 0.983871
vt 0.750000 1.000000
vt 0.625000 1.000000
vt 0.625000 0.983871
vt 0.750000 0.983871
vt 0.750000 1.000000
vt 0.625000 1.000000
vt 0.625000 0.983871
vt 0.750000 0.983871
vt 0.750000 1.000000
vt 0.625000 1.000000
vt 0.625000 0.983871
vt 0.750000 0.983871
vt 0.750000 1.000000
vt 0.625000 1.000000
usemtl tileset
f 3821/3821 3823/3823 3822/3824
f 3821/3821 3824/3822 3823/3823
f 3825/3825 3827/3827 3826/3828
f 3825/3825 3828/3826 3827/3827
f 3829/3829 3831/3831 3830/3832
f 3829/3829 3832/3830 3831/3831
f 3833/3833 3835/3835 3834/3836
f 3833/3833 3836/3834 3835/3835
f 3837/3837 3839/3839 3838/3840
f 3837/3837 3840/3838 3839/3839
f 3841/3841 3843/3843 3842/3844
f 3841/3841 3844/3842 3843/3843
f 3845/3845 3847/3847 3846/3848
f 3845/3845 3848/3846 3847/3847
f 3849/3849 3851/3851 3850/3852
f 3849/3849 3852/3850 3851/3851
o layer_2_tile_428
v 6.000000 1.000000 29.000000
v 7.000000 1.000000 29.000000
v 7.000000 1.000000 30.000000
v 6.000000 1.000000 30.000000
v 6.000000 1.000000 30.000000
v 7.000000 1.000000 30.000000
v 7.000000 1.000000 31.000000
v 6.000000 1.000000 31.000000
v 6.000000 1.000000 31.000000
v 7.000000 1.000000 31.000000
v 7.000000 1.000000 32.000000
v 6.000000 1.000000 32.000000
v 6.000000 1.000000 32.000000
v 7.000000 1.000000 32.000000
v 7.000000 1.000000 33.000000
v 6.000000 1.000000 33.000000
v 6.000000 1.000000 33.000000
v 7.000000 1.000000 33.000000
v 7.000000 1.000000 34.000000
v 6.000000 1.000000 34.000000
v 6.000000 1.000000 34.000000
v 7.000000 1.000000 34.000000
v 7.000000 1.000000 35.000000
v 6.000000 1.000000 35.000000
v 7.000000 1.000000 29.000000
v 8.000000 1.000000 29.000000
v 8.000000 1.000000 30.000000
v 7.000000 1.000000 30.000000
v 7.000000 1.000000 30.000000
v 8.000000 1.000000 30.000000
v 8.000000 1.000000 31.000000
v 7.000000 1.000000 31.000000
v 7.000000 1.000000 31.000000
v 8.000000 1.000000 31.000000
v 8.000000 1.000000 32.000000
v 7.000000 1.000000 32.000000
v 7.000000 1.000000 32.000000
v 8.000000 1.000000 32.000000
v 8.000000 1.000000 33.000000
v 7.000000 1.000000 33.000000
v 7.000000 1.000000 33.000000
v 8.000000 1.000000 33.000000
v 8.000000 1.000000 34.000000
v 7.000000 1.000000 34.000000
v 7.000000 1.000000 34.000000
v 8.000000 1.000000 34.000000
v 8.000000 1.000000 35.000000
v 7.000000 1.000000 35.000000
v 8.000000 1.000000 29.000000
v 9.000000 1.000000 29.000000
v 9.000000 1.000000 30.000000
v 8.000000 1.000000 30.000000
v 8.000000 1.000000 30.000000
v 9.000000 1.000000 30.000000
v 9.000000 1.000000 31.000000
v 8.000000 1.000000 31.000000
v 8.000000 1.000000 31.000000
v 9.000000 1.000000 31.000000
v 9.000000 1.000000 32.000000
v 8.000000 1.000000 32.000000
v 8.000000 1.000000 32.000000
v 9.000000 1.000000 32.000000
v 9.000000 1.000000 33.000000
v 8.000000 1.000000 33.000000
v 8.000000 1.000000 33.000000
v 9.000000 1.000000 33.000000
v 9.000000 1.000000 34.000000
v 8.000000 1.000000 34.000000
v 8.000000 1.000000 34.000000
v 9.000000 1.000000 34.000000
v 9.000000 1.000000 35.000000
v 8.000000 1.000000 35.000000
vt 0.500000 0.854839
vt 0.625000 0.854839
vt 0.625000 0.870968
vt 0.500000 0.870968
vt 0.500000 0.854839
vt 0.625000 0.854839
vt 0.625000 0.870968
vt 0.500000 0.870968
vt 0.500000 0.854839
vt 0.625000 0.854839
vt 0.625000 0.870968
vt 0.500000 0.870968
vt 0.500000 0.854839
vt 0.625000 0.854839
vt 0.625000 0.870968
vt 0.500000 0.870968
vt 0.500000 0.854839
vt 0.625000 0.854839
vt 0.625000 0.870968
vt 0.500000 0.870968
vt 0.500000 0.854839
vt 0.625000 0.854839
vt 0.625000 0.870968
vt 0.500000 0.870968
vt 0.500000 0.854839
vt 0.625000 0.854839
vt 0.625000 0.870968
vt 0.500000 0.870968
vt 0.500000 0.854839
vt 0.625000 0.854839
vt 0.625000 0.870968
vt 0.500000 0.870968
vt 0.500000 0.854839
vt 0.625000 0.854839
vt 0.625000 0.870968
vt 0.500000 0.870968
vt 0.500000 0.854839
vt 0.625000 0.854839
vt 0.625000 0.870968
vt 0.500000 0.870968
vt 0.500000 0.854839
vt 0.625000 0.854839
vt 0.625000 0.870968
vt 0.500000 0.870968
vt 0.500000 0.854839
vt 0.625000 0.854839
vt 0.625000 0.870968
vt 0.500000 0.870968
vt 0.500000 0.854839
vt 0.625000 0.854839
vt 0.625000 0.870968
vt 0.500000 0.870968
vt 0.500000 0.854839
vt 0.625000 0.854839
vt 0.625000 0.870968
vt 0.500000 0.870968
vt 0.500000 0.854839
vt 0.625000 0.854839
vt 0.625000 0.870968
vt 0.500000 0.870968
vt 0.500000 0.854839
vt 0.625000 0.854839
vt 0.625000 0.870968
vt 0.500000 0.870968
vt 0.500000 0.854839
vt 0.625000 0.854839
vt 0.625000 0.870968
vt 0.500000 0.870968
vt 0.500000 0.854839
vt 0.625000 0.854839
vt 0.625000 0.870968
vt 0.500000 0.870968
usemtl tileset
f 3853/3853 3855/3855 3854/3856
f 3853/3853 3856/3854 3855/3855
f 3857/3857 3859/3859 3858/3860
f 3857/3857 3860/3858 3859/3859
f 3861/3861 3863/3863 3862/3864
f 3861/3861 3864/3862 3863/3863
f 3865/3865 3867/3867 3866/3868
f 3865/3865 3868/3866 3867/3867
f 3869/3869 3871/3871 3870/3872
f 3869/3869 3872/3870 3871/3871
f 3873/3873 3875/3875 3874/3876
f 3873/3873 3876/3874 3875/3875
f 3877/3877 3879/3879 3878/3880
f 3877/3877 3880/3878 3879/3879
f 3881/3881 3883/3883 3882/3884
f 3881/3881 3884/3882 3883/3883
f 3885/3885 3887/3887 3886/3888
f 3885/3885 3888/3886 3887/3887
f 3889/3889 3891/3891 3890/3892
f 3889/3889 3892/3890 3891/3891
f 3893/3893 3895/3895 3894/3896
f 3893/3893 3896/3894 3895/3895
f 3897/3897 3899/3899 3898/3900
f 3897/3897 3900/3898 3899/3899
f 3901/3901 3903/3903 3902/3904
f 3901/3901 3904/3902 3903/3903
f 3905/3905 3907/3907 3906/3908
f 3905/3905 3908/3906 3907/3907
f 3909/3909 3911/3911 3910/3912
f 3909/3909 3912/3910 3911/3911
f 3913/3913 3915/3915 3914/3916
f 3913/3913 3916/3914 3915/3915
f 3917/3917 3919/3919 3918/3920
f 3917/3917 3920/3918 3919/3919
f 3921/3921 3923/3923 3922/3924
f 3921/3921 3924/3922 3923/3923
o layer_3_tile_428
v 10.000000 2.000000 30.000000
v 11.000000 2.000000 30.000000
v 11.000000 2.000000 31.000000
v 10.000000 2.000000 31.000000
v 10.000000 2.000000 31.000000
v 11.000000 2.000000 31.000000
v 11.000000 2.000000 32.000000
v 10.000000 2.000000 32.000000
v 10.000000 2.000000 32.000000
v 11.000000 2.000000 32.000000
v 11.000000 2.000000 33.000000
v 10.000000 2.000000 33.000000
v 10.000000 2.000000 33.000000
v 11.000000 2.000000 33.000000
v 11.000000 2.000000 34.000000
v 10.000000 2.000000 34.000000
v 10.000000 2.000000 34.000000
v 11.000000 2.000000 34.000000
v 11.000000 2.000000 35.000000
v 10.000000 2.000000 35.000000
v 11.000000 2.000000 30.000000
v 12.000000 2.000000 30.000000
v 12.000000 2.000000 31.000000
v 11.000000 2.000000 31.000000
v 11.000000 2.000000 31.000000
v 12.000000 2.000000 31.000000
v 12.000000 2.000000 32.000000
v 11.000000 2.000000 32.000000
v 11.000000 2.000000 32.000000
v 12.000000 2.000000 32.000000
v 12.000000 2.000000 33.000000
v 11.000000 2.000000 33.000000
v 11.000000 2.000000 33.000000
v 12.000000 2.000000 33.000000
v 12.000000 2.000000 34.000000
v 11.000000 2.000000 34.000000
v 11.000000 2.000000 34.000000
v 12.000000 2.000000 34.000000
v 12.000000 2.000000 35.000000
v 11.000000 2.000000 35.000000
vt 0.500000 0.854839
vt 0.625000 0.854839
vt 0.625000 0.870968
vt 0.500000 0.870968
vt 0.500000 0.854839
vt 0.625000 0.854839
vt 0.625000 0.870968
vt 0.500000 0.870968
vt 0.500000 0.854839
vt 0.625000 0.854839
vt 0.625000 0.870968
vt 0.500000 0.870968
vt 0.500000 0.854839
vt 0.625000 0.854839
vt 0.625000 0.870968
vt 0.500000 0.870968
vt 0.500000 0.854839
vt 0.625000 0.854839
vt 0.625000 0.870968
vt 0.500000 0.870968
vt 0.500000 0.854839
vt 0.625000 0.854839
vt 0.625000 0.870968
vt 0.500000 0.870968
vt 0.500000 0.854839
vt 0.625000 0.854839
vt 0.625000 0.870968
vt 0.500000 0.870968
vt 0.500000 0.854839
vt 0.625000 0.854839
vt 0.625000 0.870968
vt 0.500000 0.870968
vt 0.500000 0.854839
vt 0.625000 0.854839
vt 0.625000 0.870968
vt 0.500000 0.870968
vt 0.500000 0.854839
vt 0.625000 0.854839
vt 0.625000 0.870968
vt 0.500000 0.870968
usemtl tileset
f 3925/3925 3927/3927 3926/3928
f 3925/3925 3928/3926 3927/3927
f 3929/3929 3931/3931 3930/3932
f 3929/3929 3932/3930 3931/3931
f 3933/3933 3935/3935 3934/3936
f 3933/3933 3936/3934 3935/3935
f 3937/3937 3939/3939 3938/3940
f 3937/3937 3940/3938 3939/3939
f 3941/3941 3943/3943 3942/3944
f 3941/3941 3944/3942 3943/3943
f 3945/3945 3947/3947 3946/3948
f 3945/3945 3948/3946 3947/3947
f 3949/3949 3951/3951 3950/3952
f 3949/3949 3952/3950 3951/3951
f 3953/3953 3955/3955 3954/3956
f 3953/3953 3956/3954 3955/3955
f 3957/3957 3959/3959 3958/3960
f 3957/3957 3960/3958 3959/3959
f 3961/3961 3963/3963 3962/3964
f 3961/3961 3964/3962 3963/3963

# Terrains and Objects
o fence2
v 0.000000 0.001000 12.000000
v 0.000000 0.001000 12.989949
v 0.494975 0.858321 12.989949
v 0.494975 0.858321 12.000000
vt 0.000000 0.200000
vt 0.330789 0.200000
vt 0.330789 0.398473
vt 0.000000 0.398473
usemtl objects
f 3965/3965 3966/3966 3967/3967
f 3965/3965 3967/3967 3968/3968
o fence2
v 1.000000 0.001000 12.000000
v 1.000000 0.001000 12.989949
v 1.494975 0.858321 12.989949
v 1.494975 0.858321 12.000000
vt 0.000000 0.200000
vt 0.330789 0.200000
vt 0.330789 0.398473
vt 0.000000 0.398473
usemtl objects
f 3969/3969 3970/3970 3971/3971
f 3969/3969 3971/3971 3972/3972
o fence2
v 2.000000 0.001000 12.000000
v 2.000000 0.001000 12.989949
v 2.494975 0.858321 12.989949
v 2.494975 0.858321 12.000000
vt 0.000000 0.200000
vt 0.330789 0.200000
vt 0.330789 0.398473
vt 0.000000 0.398473
usemtl objects
f 3973/3973 3974/3974 3975/3975
f 3973/3973 3975/3975 3976/3976
o fence3
v 3.000000 0.001000 12.000000
v 3.000000 0.001000 12.986178
v 3.496853 0.861575 12.986178
v 3.496853 0.861575 12.000000
vt 0.000000 0.398473
vt 0.333333 0.398473
vt 0.333333 0.600000
vt 0.000000 0.600000
usemtl objects
f 3977/3977 3978/3978 3979/3979
f 3977/3977 3979/3979 3980/3980
o cliffcorn_up-left
v 5.750000 0.876002 28.999998
v 5.375000 0.126002 28.500000
v 5.500000 0.126002 28.374998
v 6.000000 0.876002 28.749998
v 5.375000 0.126002 28.500000
v 5.125000 0.001002 28.500000
v 5.500000 0.001002 28.125000
v 5.500000 0.126002 28.374998
v 5.250000 0.126002 28.999998
v 5.000000 0.001002 28.999998
v 5.125000 0.001002 28.500000
v 5.375000 0.126002 28.500000
v 5.500000 0.126002 28.374998
v 5.500000 0.001002 28.125000
v 6.000000 0.001002 28.000000
v 6.000000 0.126002 28.249998
v 5.375000 0.126002 28.500000
v 5.750000 0.876002 28.999998
v 5.250000 0.126002 28.999998
v 5.750000 0.876002 28.999998
v 6.000000 0.876002 28.749998
v 6.000000 1.001002 28.999998
v 5.500000 0.126002 28.374998
v 6.000000 0.126002 28.249998
v 6.000000 0.876002 28.749998
vt 0.387402 0.882627
vt 0.449902 0.195127
vt 0.574902 0.195127
vt 0.637402 0.882627
vt 0.449902 0.195127
vt 0.387402 0.007627
vt 0.637402 0.007627
vt 0.574902 0.195127
vt 0.168652 0.195127
vt 0.137402 0.007627
vt 0.387402 0.007627
vt 0.449902 0.195127
vt 0.574902 0.195127
vt 0.637402 0.007627
vt 0.887402 0.007627
vt 0.856152 0.195127
vt 0.449902 0.195127
vt 0.387402 0.882627
vt 0.168652 0.195127
vt 0.481152 0.882627
vt 0.543652 0.882627
vt 0.512402 1.007627
vt 0.574902 0.195127
vt 0.856152 0.195127
vt 0.637402 0.882627
usemtl criffp_lm42
f 3981/3981 3983/3983 3982/3982
f 3981/3981 3984/3984 3983/3983
f 3985/3985 3987/3987 3986/3986
f 3985/3985 3988/3988 3987/3987
f 3989/3989 3991/3991 3990/3990
f 3989/3989 3992/3992 3991/3991
f 3993/3993 3995/3995 3994/3994
f 3993/3993 3996/3996 3995/3995
f 3997/3997 3999/3999 3998/3998
f 4000/4000 4002/4002 4001/4001
f 4003/4003 4005/4005 4004/4004
o cliffcorn_up-left
v 6.000000 0.001002 28.000000
v 5.500000 0.001002 28.125000
v 5.000000 0.001002 28.000000
v 5.500000 0.001002 28.125000
v 5.125000 0.001002 28.500000
v 5.000000 0.001002 28.000000
v 5.000000 0.001002 28.000000
v 5.125000 0.001002 28.500000
v 5.000000 0.001002 28.999998
vt 0.648206 0.921500
vt 0.478912 0.485480
vt 0.704804 0.130667
vt 0.478912 0.485480
vt 0.325382 0.275353
vt 0.704804 0.130667
vt 0.704804 0.130667
vt 0.325382 0.275353
vt 0.123137 0.123284
usemtl criffp_lm42
f 4006/4006 4008/4008 4007/4007
f 4009/4009 4011/4011 4010/4010
f 4012/4012 4014/4014 4013/4013
o cliff_up
v 5.750000 0.876002 29.999998
v 5.250000 0.126002 29.999998
v 5.250000 0.126002 29.000000
v 5.750000 0.876002 29.000000
v 5.250000 0.126002 29.999998
v 5.000000 0.001002 29.999998
v 5.000000 0.001002 29.000000
v 5.250000 0.126002 29.000000
v 6.000000 1.001002 29.999998
v 5.750000 0.876002 29.999998
v 5.750000 0.876002 29.000000
v 6.000000 1.001002 29.000000
vt 0.000000 -0.125000
vt 0.000000 -0.812500
vt 1.000000 -0.812500
vt 1.000000 -0.125000
vt 0.000000 -0.812500
vt 0.000000 -1.000000
vt 1.000000 -1.000000
vt 1.000000 -0.812500
vt 0.000000 0.000000
vt 0.000000 -0.125000
vt 1.000000 -0.125000
vt 1.000000 0.000000
usemtl criffp_lm42
f 4015/4015 4017/4017 4016/4016
f 4015/4015 4018/4018 4017/4017
f 4019/4019 4021/4021 4020/4020
f 4019/4019 4022/4022 4021/4021
f 4023/4023 4025/4025 4024/4024
f 4023/4023 4026/4026 4025/4025
o cliff_up
v 5.750000 0.876002 30.999998
v 5.250000 0.126002 30.999998
v 5.250000 0.126002 30.000000
v 5.750000 0.876002 30.000000
v 5.250000 0.126002 30.999998
v 5.000000 0.001002 30.999998
v 5.000000 0.001002 30.000000
v 5.250000 0.126002 30.000000
v 6.000000 1.001002 30.999998
v 5.750000 0.876002 30.999998
v 5.750000 0.876002 30.000000
v 6.000000 1.001002 30.000000
vt 0.000000 -0.125000
vt 0.000000 -0.812500
vt 1.000000 -0.812500
vt 1.000000 -0.125000
vt 0.000000 -0.812500
vt 0.000000 -1.000000
vt 1.000000 -1.000000
vt 1.000000 -0.812500
vt 0.000000 0.000000
vt 0.000000 -0.125000
vt 1.000000 -0.125000
vt 1.000000 0.000000
usemtl criffp_lm42
f 4027/4027 4029/4029 4028/4028
f 4027/4027 4030/4030 4029/4029
f 4031/4031 4033/4033 4032/4032
f 4031/4031 4034/4034 4033/4033
f 4035/4035 4037/4037 4036/4036
f 4035/4035 4038/4038 4037/4037
o cliff_up
v 5.750000 0.876002 31.999998
v 5.250000 0.126002 31.999998
v 5.250000 0.126002 31.000000
v 5.750000 0.876002 31.000000
v 5.250000 0.126002 31.999998
v 5.000000 0.001002 31.999998
v 5.000000 0.001002 31.000000
v 5.250000 0.126002 31.000000
v 6.000000 1.001002 31.999998
v 5.750000 0.876002 31.999998
v 5.750000 0.876002 31.000000
v 6.000000 1.001002 31.000000
vt 0.000000 -0.125000
vt 0.000000 -0.812500
vt 1.000000 -0.812500
vt 1.000000 -0.125000
vt 0.000000 -0.812500
vt 0.000000 -1.000000
vt 1.000000 -1.000000
vt 1.000000 -0.812500
vt 0.000000 0.000000
vt 0.000000 -0.125000
vt 1.000000 -0.125000
vt 1.000000 0.000000
usemtl criffp_lm42
f 4039/4039 4041/4041 4040/4040
f 4039/4039 4042/4042 4041/4041
f 4043/4043 4045/4045 4044/4044
f 4043/4043 4046/4046 4045/4045
f 4047/4047 4049/4049 4048/4048
f 4047/4047 4050/4050 4049/4049
o cliff_up
v 5.750000 0.876002 33.000000
v 5.250000 0.126002 33.000000
v 5.250000 0.126002 32.000000
v 5.750000 0.876002 32.000000
v 5.250000 0.126002 33.000000
v 5.000000 0.001002 33.000000
v 5.000000 0.001002 32.000000
v 5.250000 0.126002 32.000000
v 6.000000 1.001002 33.000000
v 5.750000 0.876002 33.000000
v 5.750000 0.876002 32.000000
v 6.000000 1.001002 32.000000
vt 0.000000 -0.125000
vt 0.000000 -0.812500
vt 1.000000 -0.812500
vt 1.000000 -0.125000
vt 0.000000 -0.812500
vt 0.000000 -1.000000
vt 1.000000 -1.000000
vt 1.000000 -0.812500
vt 0.000000 0.000000
vt 0.000000 -0.125000
vt 1.000000 -0.125000
vt 1.000000 0.000000
usemtl criffp_lm42
f 4051/4051 4053/4053 4052/4052
f 4051/4051 4054/4054 4053/4053
f 4055/4055 4057/4057 4056/4056
f 4055/4055 4058/4058 4057/4057
f 4059/4059 4061/4061 4060/4060
f 4059/4059 4062/4062 4061/4061
o cliff_up
v 5.750000 0.876002 34.000000
v 5.250000 0.126002 34.000000
v 5.250000 0.126002 33.000000
v 5.750000 0.876002 33.000000
v 5.250000 0.126002 34.000000
v 5.000000 0.001002 34.000000
v 5.000000 0.001002 33.000000
v 5.250000 0.126002 33.000000
v 6.000000 1.001002 34.000000
v 5.750000 0.876002 34.000000
v 5.750000 0.876002 33.000000
v 6.000000 1.001002 33.000000
vt 0.000000 -0.125000
vt 0.000000 -0.812500
vt 1.000000 -0.812500
vt 1.000000 -0.125000
vt 0.000000 -0.812500
vt 0.000000 -1.000000
vt 1.000000 -1.000000
vt 1.000000 -0.812500
vt 0.000000 0.000000
vt 0.000000 -0.125000
vt 1.000000 -0.125000
vt 1.000000 0.000000
usemtl criffp_lm42
f 4063/4063 4065/4065 4064/4064
f 4063/4063 4066/4066 4065/4065
f 4067/4067 4069/4069 4068/4068
f 4067/4067 4070/4070 4069/4069
f 4071/4071 4073/4073 4072/4072
f 4071/4071 4074/4074 4073/4073
o cliff_up
v 5.750000 0.876002 35.000000
v 5.250000 0.126002 35.000000
v 5.250000 0.126002 34.000000
v 5.750000 0.876002 34.000000
v 5.250000 0.126002 35.000000
v 5.000000 0.001002 35.000000
v 5.000000 0.001002 34.000000
v 5.250000 0.126002 34.000000
v 6.000000 1.001002 35.000000
v 5.750000 0.876002 35.000000
v 5.750000 0.876002 34.000000
v 6.000000 1.001002 34.000000
vt 0.000000 -0.125000
vt 0.000000 -0.812500
vt 1.000000 -0.812500
vt 1.000000 -0.125000
vt 0.000000 -0.812500
vt 0.000000 -1.000000
vt 1.000000 -1.000000
vt 1.000000 -0.812500
vt 0.000000 0.000000
vt 0.000000 -0.125000
vt 1.000000 -0.125000
vt 1.000000 0.000000
usemtl criffp_lm42
f 4075/4075 4077/4077 4076/4076
f 4075/4075 4078/4078 4077/4077
f 4079/4079 4081/4081 4080/4080
f 4079/4079 4082/4082 4081/4081
f 4083/4083 4085/4085 4084/4084
f 4083/4083 4086/4086 4085/4085
o cliff_up
v 6.000001 0.876002 28.750000
v 6.000001 0.126002 28.250000
v 7.000001 0.126002 28.250000
v 7.000001 0.876002 28.750000
v 6.000001 0.126002 28.250000
v 6.000001 0.001002 28.000000
v 7.000001 0.001002 28.000000
v 7.000001 0.126002 28.250000
v 6.000001 1.001002 29.000000
v 6.000001 0.876002 28.750000
v 7.000001 0.876002 28.750000
v 7.000001 1.001002 29.000000
vt 0.000000 -0.125000
vt 0.000000 -0.812500
vt 1.000000 -0.812500
vt 1.000000 -0.125000
vt 0.000000 -0.812500
vt 0.000000 -1.000000
vt 1.000000 -1.000000
vt 1.000000 -0.812500
vt 0.000000 0.000000
vt 0.000000 -0.125000
vt 1.000000 -0.125000
vt 1.000000 0.000000
usemtl criffp_lm42
f 4087/4087 4089/4089 4088/4088
f 4087/4087 4090/4090 4089/4089
f 4091/4091 4093/4093 4092/4092
f 4091/4091 4094/4094 4093/4093
f 4095/4095 4097/4097 4096/4096
f 4095/4095 4098/4098 4097/4097
o fence4
v 7.000000 0.001000 0.000000
v 7.000000 0.001000 0.982479
v 7.498682 0.864743 0.982479
v 7.498682 0.864743 0.000000
vt 0.333333 0.000000
vt 0.669211 0.000000
vt 0.669211 0.204580
vt 0.333333 0.204580
usemtl objects
f 4099/4099 4100/4100 4101/4101
f 4099/4099 4101/4101 4102/4102
o fence4
v 7.000000 0.001000 1.000000
v 7.000000 0.001000 1.982479
v 7.498682 0.864743 1.982479
v 7.498682 0.864743 1.000000
vt 0.333333 0.000000
vt 0.669211 0.000000
vt 0.669211 0.204580
vt 0.333333 0.204580
usemtl objects
f 4103/4103 4104/4104 4105/4105
f 4103/4103 4105/4105 4106/4106
o fence4
v 7.000000 0.001000 2.000000
v 7.000000 0.001000 2.982479
v 7.498682 0.864743 2.982479
v 7.498682 0.864743 2.000000
vt 0.333333 0.000000
vt 0.669211 0.000000
vt 0.669211 0.204580
vt 0.333333 0.204580
usemtl objects
f 4107/4107 4108/4108 4109/4109
f 4107/4107 4109/4109 4110/4110
o fence4
v 7.000000 0.001000 3.000000
v 7.000000 0.001000 3.982479
v 7.498682 0.864743 3.982479
v 7.498682 0.864743 3.000000
vt 0.333333 0.000000
vt 0.669211 0.000000
vt 0.669211 0.204580
vt 0.333333 0.204580
usemtl objects
f 4111/4111 4112/4112 4113/4113
f 4111/4111 4113/4113 4114/4114
o fence4
v 7.000000 0.001000 4.000000
v 7.000000 0.001000 4.982479
v 7.498682 0.864743 4.982479
v 7.498682 0.864743 4.000000
vt 0.333333 0.000000
vt 0.669211 0.000000
vt 0.669211 0.204580
vt 0.333333 0.204580
usemtl objects
f 4115/4115 4116/4116 4117/4117
f 4115/4115 4117/4117 4118/4118
o fence4
v 7.000000 0.001000 5.000000
v 7.000000 0.001000 5.982479
v 7.498682 0.864743 5.982479
v 7.498682 0.864743 5.000000
vt 0.333333 0.000000
vt 0.669211 0.000000
vt 0.669211 0.204580
vt 0.333333 0.204580
usemtl objects
f 4119/4119 4120/4120 4121/4121
f 4119/4119 4121/4121 4122/4122
o fence4
v 7.000000 0.001000 6.000000
v 7.000000 0.001000 6.982479
v 7.498682 0.864743 6.982479
v 7.498682 0.864743 6.000000
vt 0.333333 0.000000
vt 0.669211 0.000000
vt 0.669211 0.204580
vt 0.333333 0.204580
usemtl objects
f 4123/4123 4124/4124 4125/4125
f 4123/4123 4125/4125 4126/4126
o fence4
v 7.000000 0.001000 13.000000
v 7.000000 0.001000 13.982478
v 7.498682 0.864743 13.982478
v 7.498682 0.864743 13.000000
vt 0.333333 0.000000
vt 0.669211 0.000000
vt 0.669211 0.204580
vt 0.333333 0.204580
usemtl objects
f 4127/4127 4128/4128 4129/4129
f 4127/4127 4129/4129 4130/4130
o fence4
v 7.000000 0.001000 14.000000
v 7.000000 0.001000 14.982478
v 7.498682 0.864743 14.982478
v 7.498682 0.864743 14.000000
vt 0.333333 0.000000
vt 0.669211 0.000000
vt 0.669211 0.204580
vt 0.333333 0.204580
usemtl objects
f 4131/4131 4132/4132 4133/4133
f 4131/4131 4133/4133 4134/4134
o fence4
v 7.000000 0.001000 15.000000
v 7.000000 0.001000 15.982478
v 7.498682 0.864743 15.982478
v 7.498682 0.864743 15.000000
vt 0.333333 0.000000
vt 0.669211 0.000000
vt 0.669211 0.204580
vt 0.333333 0.204580
usemtl objects
f 4135/4135 4136/4136 4137/4137
f 4135/4135 4137/4137 4138/4138
o fence4
v 7.000000 0.001000 16.000000
v 7.000000 0.001000 16.982479
v 7.498682 0.864743 16.982479
v 7.498682 0.864743 16.000000
vt 0.333333 0.000000
vt 0.669211 0.000000
vt 0.669211 0.204580
vt 0.333333 0.204580
usemtl objects
f 4139/4139 4140/4140 4141/4141
f 4139/4139 4141/4141 4142/4142
o fence4
v 7.000000 0.001000 17.000000
v 7.000000 0.001000 17.982479
v 7.498682 0.864743 17.982479
v 7.498682 0.864743 17.000000
vt 0.333333 0.000000
vt 0.669211 0.000000
vt 0.669211 0.204580
vt 0.333333 0.204580
usemtl objects
f 4143/4143 4144/4144 4145/4145
f 4143/4143 4145/4145 4146/4146
o fence4
v 7.000000 0.001000 18.000000
v 7.000000 0.001000 18.982479
v 7.498682 0.864743 18.982479
v 7.498682 0.864743 18.000000
vt 0.333333 0.000000
vt 0.669211 0.000000
vt 0.669211 0.204580
vt 0.333333 0.204580
usemtl objects
f 4147/4147 4148/4148 4149/4149
f 4147/4147 4149/4149 4150/4150
o fence4
v 7.000000 0.001000 19.000000
v 7.000000 0.001000 19.982479
v 7.498682 0.864743 19.982479
v 7.498682 0.864743 19.000000
vt 0.333333 0.000000
vt 0.669211 0.000000
vt 0.669211 0.204580
vt 0.333333 0.204580
usemtl objects
f 4151/4151 4152/4152 4153/4153
f 4151/4151 4153/4153 4154/4154
o fence4
v 7.000000 0.001000 20.000000
v 7.000000 0.001000 20.982479
v 7.498682 0.864743 20.982479
v 7.498682 0.864743 20.000000
vt 0.333333 0.000000
vt 0.669211 0.000000
vt 0.669211 0.204580
vt 0.333333 0.204580
usemtl objects
f 4155/4155 4156/4156 4157/4157
f 4155/4155 4157/4157 4158/4158
o fence4
v 7.000000 0.001000 21.000000
v 7.000000 0.001000 21.982479
v 7.498682 0.864743 21.982479
v 7.498682 0.864743 21.000000
vt 0.333333 0.000000
vt 0.669211 0.000000
vt 0.669211 0.204580
vt 0.333333 0.204580
usemtl objects
f 4159/4159 4160/4160 4161/4161
f 4159/4159 4161/4161 4162/4162
o cliff_up
v 7.000001 0.876002 28.750000
v 7.000001 0.126002 28.250000
v 8.000001 0.126002 28.250000
v 8.000001 0.876002 28.750000
v 7.000001 0.126002 28.250000
v 7.000001 0.001002 28.000000
v 8.000001 0.001002 28.000000
v 8.000001 0.126002 28.250000
v 7.000001 1.001002 29.000000
v 7.000001 0.876002 28.750000
v 8.000001 0.876002 28.750000
v 8.000001 1.001002 29.000000
vt 0.000000 -0.125000
vt 0.000000 -0.812500
vt 1.000000 -0.812500
vt 1.000000 -0.125000
vt 0.000000 -0.812500
vt 0.000000 -1.000000
vt 1.000000 -1.000000
vt 1.000000 -0.812500
vt 0.000000 0.000000
vt 0.000000 -0.125000
vt 1.000000 -0.125000
vt 1.000000 0.000000
usemtl criffp_lm42
f 4163/4163 4165/4165 4164/4164
f 4163/4163 4166/4166 4165/4165
f 4167/4167 4169/4169 4168/4168
f 4167/4167 4170/4170 4169/4169
f 4171/4171 4173/4173 4172/4172
f 4171/4171 4174/4174 4173/4173
o cliff_up
v 8.000001 0.876002 28.750000
v 8.000001 0.126002 28.250000
v 9.000001 0.126002 28.250000
v 9.000001 0.876002 28.750000
v 8.000001 0.126002 28.250000
v 8.000001 0.001002 28.000000
v 9.000001 0.001002 28.000000
v 9.000001 0.126002 28.250000
v 8.000001 1.001002 29.000000
v 8.000001 0.876002 28.750000
v 9.000001 0.876002 28.750000
v 9.000001 1.001002 29.000000
vt 0.000000 -0.125000
vt 0.000000 -0.812500
vt 1.000000 -0.812500
vt 1.000000 -0.125000
vt 0.000000 -0.812500
vt 0.000000 -1.000000
vt 1.000000 -1.000000
vt 1.000000 -0.812500
vt 0.000000 0.000000
vt 0.000000 -0.125000
vt 1.000000 -0.125000
vt 1.000000 0.000000
usemtl criffp_lm42
f 4175/4175 4177/4177 4176/4176
f 4175/4175 4178/4178 4177/4177
f 4179/4179 4181/4181 4180/4180
f 4179/4179 4182/4182 4181/4181
f 4183/4183 4185/4185 4184/4184
f 4183/4183 4186/4186 4185/4185
o rock
v 8.000000 0.001000 31.000000
v 8.000000 0.001000 31.969027
v 8.505219 0.876066 31.969027
v 8.505219 0.876066 31.000000
vt 0.000000 0.805277
vt 0.308707 0.805277
vt 0.308707 0.998417
vt 0.000000 0.998417
usemtl objects
f 4187/4187 4188/4188 4189/4189
f 4187/4187 4189/4189 4190/4190
o tree
v 9.000000 0.041000 0.000000
v 9.000000 0.041000 2.040541
v 10.594595 0.041000 2.040541
v 10.594595 0.041000 0.000000
v 9.000000 0.471000 -0.560000
v 9.000000 0.471000 2.563123
v 10.298800 2.720586 2.563123
v 10.298800 2.720586 -0.560000
v 9.000000 1.561000 -0.240000
v 9.000000 1.561000 2.282522
v 10.096096 3.459494 2.282522
v 10.096096 3.459494 -0.240000
v 9.000000 2.611000 0.240000
v 9.000000 2.611000 1.801562
v 9.788288 3.976355 1.801562
v 9.788288 3.976355 0.240000
vt 0.546547 0.582583
vt 1.000000 0.582583
vt 1.000000 0.936937
vt 0.546547 0.936937
vt 0.360360 0.015015
vt 0.984985 0.015015
vt 0.984985 0.534535
vt 0.360360 0.534535
vt 0.012012 0.546547
vt 0.516517 0.546547
vt 0.516517 0.984985
vt 0.012012 0.984985
vt 0.012012 0.015015
vt 0.324324 0.015015
vt 0.324324 0.330330
vt 0.012012 0.330330
usemtl tree01_lm2
f 4191/4191 4192/4192 4193/4193
f 4191/4191 4193/4193 4194/4194
f 4195/4195 4196/4196 4197/4197
f 4195/4195 4197/4197 4198/4198
f 4199/4199 4200/4200 4201/4201
f 4199/4199 4201/4201 4202/4202
f 4203/4203 4204/4204 4205/4205
f 4203/4203 4205/4205 4206/4206
o tree
v 9.000000 0.041000 3.000000
v 9.000000 0.041000 5.040541
v 10.594595 0.041000 5.040541
v 10.594595 0.041000 3.000000
v 9.000000 0.471000 2.440000
v 9.000000 0.471000 5.563123
v 10.298800 2.720586 5.563123
v 10.298800 2.720586 2.440000
v 9.000000 1.561000 2.760000
v 9.000000 1.561000 5.282522
v 10.096096 3.459494 5.282522
v 10.096096 3.459494 2.760000
v 9.000000 2.611000 3.240000
v 9.000000 2.611000 4.801561
v 9.788288 3.976355 4.801561
v 9.788288 3.976355 3.240000
vt 0.546547 0.582583
vt 1.000000 0.582583
vt 1.000000 0.936937
vt 0.546547 0.936937
vt 0.360360 0.015015
vt 0.984985 0.015015
vt 0.984985 0.534535
vt 0.360360 0.534535
vt 0.012012 0.546547
vt 0.516517 0.546547
vt 0.516517 0.984985
vt 0.012012 0.984985
vt 0.012012 0.015015
vt 0.324324 0.015015
vt 0.324324 0.330330
vt 0.012012 0.330330
usemtl tree01_lm2
f 4207/4207 4208/4208 4209/4209
f 4207/4207 4209/4209 4210/4210
f 4211/4211 4212/4212 4213/4213
f 4211/4211 4213/4213 4214/4214
f 4215/4215 4216/4216 4217/4217
f 4215/4215 4217/4217 4218/4218
f 4219/4219 4220/4220 4221/4221
f 4219/4219 4221/4221 4222/4222
o rock
v 9.000000 0.001000 19.000000
v 9.000000 0.001000 19.969027
v 9.505219 0.876066 19.969027
v 9.505219 0.876066 19.000000
vt 0.000000 0.805277
vt 0.308707 0.805277
vt 0.308707 0.998417
vt 0.000000 0.998417
usemtl objects
f 4223/4223 4224/4224 4225/4225
f 4223/4223 4225/4225 4226/4226
o cliff_up
v 9.000001 0.876002 28.750000
v 9.000001 0.126002 28.250000
v 10.000001 0.126002 28.250000
v 10.000001 0.876002 28.750000
v 9.000001 0.126002 28.250000
v 9.000001 0.001002 28.000000
v 10.000001 0.001002 28.000000
v 10.000001 0.126002 28.250000
v 9.000001 1.001002 29.000000
v 9.000001 0.876002 28.750000
v 10.000001 0.876002 28.750000
v 10.000001 1.001002 29.000000
vt 0.000000 -0.125000
vt 0.000000 -0.812500
vt 1.000000 -0.812500
vt 1.000000 -0.125000
vt 0.000000 -0.812500
vt 0.000000 -1.000000
vt 1.000000 -1.000000
vt 1.000000 -0.812500
vt 0.000000 0.000000
vt 0.000000 -0.125000
vt 1.000000 -0.125000
vt 1.000000 0.000000
usemtl criffp_lm42
f 4227/4227 4229/4229 4228/4228
f 4227/4227 4230/4230 4229/4229
f 4231/4231 4233/4233 4232/4232
f 4231/4231 4234/4234 4233/4233
f 4235/4235 4237/4237 4236/4236
f 4235/4235 4238/4238 4237/4237
o rock2
v 9.000000 0.001000 30.000000
v 9.000000 0.001000 31.004946
v 9.487361 0.845134 31.004946
v 9.487361 0.845134 30.000000
vt 0.328244 0.803053
vt 0.666667 0.803053
vt 0.666667 1.000000
vt 0.328244 1.000000
usemtl objects
f 4239/4239 4240/4240 4241/4241
f 4239/4239 4241/4241 4242/4242
o cliff_up
v 10.000001 0.876002 28.750000
v 10.000001 0.126002 28.250000
v 11.000001 0.126002 28.250000
v 11.000001 0.876002 28.750000
v 10.000001 0.126002 28.250000
v 10.000001 0.001002 28.000000
v 11.000001 0.001002 28.000000
v 11.000001 0.126002 28.250000
v 10.000001 1.001002 29.000000
v 10.000001 0.876002 28.750000
v 11.000001 0.876002 28.750000
v 11.000001 1.001002 29.000000
vt 0.000000 -0.125000
vt 0.000000 -0.812500
vt 1.000000 -0.812500
vt 1.000000 -0.125000
vt 0.000000 -0.812500
vt 0.000000 -1.000000
vt 1.000000 -1.000000
vt 1.000000 -0.812500
vt 0.000000 0.000000
vt 0.000000 -0.125000
vt 1.000000 -0.125000
vt 1.000000 0.000000
usemtl criffp_lm42
f 4243/4243 4245/4245 4244/4244
f 4243/4243 4246/4246 4245/4245
f 4247/4247 4249/4249 4248/4248
f 4247/4247 4250/4250 4249/4249
f 4251/4251 4253/4253 4252/4252
f 4251/4251 4254/4254 4253/4253
o rock
v 11.000000 0.001000 16.000000
v 11.000000 0.001000 16.969027
v 11.505219 0.876066 16.969027
v 11.505219 0.876066 16.000000
vt 0.000000 0.805277
vt 0.308707 0.805277
vt 0.308707 0.998417
vt 0.000000 0.998417
usemtl objects
f 4255/4255 4256/4256 4257/4257
f 4255/4255 4257/4257 4258/4258
o cliff_up
v 11.000001 0.876002 28.750000
v 11.000001 0.126002 28.250000
v 12.000001 0.126002 28.250000
v 12.000001 0.876002 28.750000
v 11.000001 0.126002 28.250000
v 11.000001 0.001002 28.000000
v 12.000001 0.001002 28.000000
v 12.000001 0.126002 28.250000
v 11.000001 1.001002 29.000000
v 11.000001 0.876002 28.750000
v 12.000001 0.876002 28.750000
v 12.000001 1.001002 29.000000
vt 0.000000 -0.125000
vt 0.000000 -0.812500
vt 1.000000 -0.812500
vt 1.000000 -0.125000
vt 0.000000 -0.812500
vt 0.000000 -1.000000
vt 1.000000 -1.000000
vt 1.000000 -0.812500
vt 0.000000 0.000000
vt 0.000000 -0.125000
vt 1.000000 -0.125000
vt 1.000000 0.000000
usemtl criffp_lm42
f 4259/4259 4261/4261 4260/4260
f 4259/4259 4262/4262 4261/4261
f 4263/4263 4265/4265 4264/4264
f 4263/4263 4266/4266 4265/4265
f 4267/4267 4269/4269 4268/4268
f 4267/4267 4270/4270 4269/4269
o tree
v 12.000000 0.041000 0.000000
v 12.000000 0.041000 2.040541
v 13.594595 0.041000 2.040541
v 13.594595 0.041000 0.000000
v 12.000000 0.471000 -0.560000
v 12.000000 0.471000 2.563123
v 13.298800 2.720586 2.563123
v 13.298800 2.720586 -0.560000
v 12.000000 1.561000 -0.240000
v 12.000000 1.561000 2.282522
v 13.096096 3.459494 2.282522
v 13.096096 3.459494 -0.240000
v 12.000000 2.611000 0.240000
v 12.000000 2.611000 1.801562
v 12.788288 3.976355 1.801562
v 12.788288 3.976355 0.240000
vt 0.546547 0.582583
vt 1.000000 0.582583
vt 1.000000 0.936937
vt 0.546547 0.936937
vt 0.360360 0.015015
vt 0.984985 0.015015
vt 0.984985 0.534535
vt 0.360360 0.534535
vt 0.012012 0.546547
vt 0.516517 0.546547
vt 0.516517 0.984985
vt 0.012012 0.984985
vt 0.012012 0.015015
vt 0.324324 0.015015
vt 0.324324 0.330330
vt 0.012012 0.330330
usemtl tree01_lm2
f 4271/4271 4272/4272 4273/4273
f 4271/4271 4273/4273 4274/4274
f 4275/4275 4276/4276 4277/4277
f 4275/4275 4277/4277 4278/4278
f 4279/4279 4280/4280 4281/4281
f 4279/4279 4281/4281 4282/4282
f 4283/4283 4284/4284 4285/4285
f 4283/4283 4285/4285 4286/4286
o tree
v 12.000000 0.041000 3.000000
v 12.000000 0.041000 5.040541
v 13.594595 0.041000 5.040541
v 13.594595 0.041000 3.000000
v 12.000000 0.471000 2.440000
v 12.000000 0.471000 5.563123
v 13.298800 2.720586 5.563123
v 13.298800 2.720586 2.440000
v 12.000000 1.561000 2.760000
v 12.000000 1.561000 5.282522
v 13.096096 3.459494 5.282522
v 13.096096 3.459494 2.760000
v 12.000000 2.611000 3.240000
v 12.000000 2.611000 4.801561
v 12.788288 3.976355 4.801561
v 12.788288 3.976355 3.240000
vt 0.546547 0.582583
vt 1.000000 0.582583
vt 1.000000 0.936937
vt 0.546547 0.936937
vt 0.360360 0.015015
vt 0.984985 0.015015
vt 0.984985 0.534535
vt 0.360360 0.534535
vt 0.012012 0.546547
vt 0.516517 0.546547
vt 0.516517 0.984985
vt 0.012012 0.984985
vt 0.012012 0.015015
vt 0.324324 0.015015
vt 0.324324 0.330330
vt 0.012012 0.330330
usemtl tree01_lm2
f 4287/4287 4288/4288 4289/4289
f 4287/4287 4289/4289 4290/4290
f 4291/4291 4292/4292 4293/4293
f 4291/4291 4293/4293 4294/4294
f 4295/4295 4296/4296 4297/4297
f 4295/4295 4297/4297 4298/4298
f 4299/4299 4300/4300 4301/4301
f 4299/4299 4301/4301 4302/4302
o cliff_up
v 12.000001 0.876002 28.750000
v 12.000001 0.126002 28.250000
v 13.000001 0.126002 28.250000
v 13.000001 0.876002 28.750000
v 12.000001 0.126002 28.250000
v 12.000001 0.001002 28.000000
v 13.000001 0.001002 28.000000
v 13.000001 0.126002 28.250000
v 12.000001 1.001002 29.000000
v 12.000001 0.876002 28.750000
v 13.000001 0.876002 28.750000
v 13.000001 1.001002 29.000000
vt 0.000000 -0.125000
vt 0.000000 -0.812500
vt 1.000000 -0.812500
vt 1.000000 -0.125000
vt 0.000000 -0.812500
vt 0.000000 -1.000000
vt 1.000000 -1.000000
vt 1.000000 -0.812500
vt 0.000000 0.000000
vt 0.000000 -0.125000
vt 1.000000 -0.125000
vt 1.000000 0.000000
usemtl criffp_lm42
f 4303/4303 4305/4305 4304/4304
f 4303/4303 4306/4306 4305/4305
f 4307/4307 4309/4309 4308/4308
f 4307/4307 4310/4310 4309/4309
f 4311/4311 4313/4313 4312/4312
f 4311/4311 4314/4314 4313/4313
o rock2
v 13.000000 0.001000 15.000000
v 13.000000 0.001000 16.004946
v 13.487361 0.845134 16.004946
v 13.487361 0.845134 15.000000
vt 0.328244 0.803053
vt 0.666667 0.803053
vt 0.666667 1.000000
vt 0.328244 1.000000
usemtl objects
f 4315/4315 4316/4316 4317/4317
f 4315/4315 4317/4317 4318/4318
o rock
v 13.000000 0.001000 18.000000
v 13.000000 0.001000 18.969027
v 13.505219 0.876066 18.969027
v 13.505219 0.876066 18.000000
vt 0.000000 0.805277
vt 0.308707 0.805277
vt 0.308707 0.998417
vt 0.000000 0.998417
usemtl objects
f 4319/4319 4320/4320 4321/4321
f 4319/4319 4321/4321 4322/4322
o cliffcorn_up-left
v 13.000001 0.876002 28.750000
v 13.500001 0.126002 28.375000
v 13.625001 0.126002 28.500000
v 13.250001 0.876002 29.000000
v 13.500001 0.126002 28.375000
v 13.500001 0.001002 28.125000
v 13.875001 0.001002 28.500000
v 13.625001 0.126002 28.500000
v 13.000001 0.126002 28.250000
v 13.000001 0.001002 28.000000
v 13.500001 0.001002 28.125000
v 13.500001 0.126002 28.375000
v 13.625001 0.126002 28.500000
v 13.875001 0.001002 28.500000
v 14.000001 0.001002 29.000000
v 13.750001 0.126002 29.000000
v 13.500001 0.126002 28.375000
v 13.000001 0.876002 28.750000
v 13.000001 0.126002 28.250000
v 13.000001 0.876002 28.750000
v 13.250001 0.876002 29.000000
v 13.000001 1.001002 29.000000
v 13.625001 0.126002 28.500000
v 13.750001 0.126002 29.000000
v 13.250001 0.876002 29.000000
vt 0.387402 0.882627
vt 0.449902 0.195127
vt 0.574902 0.195127
vt 0.637402 0.882627
vt 0.449902 0.195127
vt 0.387402 0.007627
vt 0.637402 0.007627
vt 0.574902 0.195127
vt 0.168652 0.195127
vt 0.137402 0.007627
vt 0.387402 0.007627
vt 0.449902 0.195127
vt 0.574902 0.195127
vt 0.637402 0.007627
vt 0.887402 0.007627
vt 0.856152 0.195127
vt 0.449902 0.195127
vt 0.387402 0.882627
vt 0.168652 0.195127
vt 0.481152 0.882627
vt 0.543652 0.882627
vt 0.512402 1.007627
vt 0.574902 0.195127
vt 0.856152 0.195127
vt 0.637402 0.882627
usemtl criffp_lm42
f 4323/4323 4325/4325 4324/4324
f 4323/4323 4326/4326 4325/4325
f 4327/4327 4329/4329 4328/4328
f 4327/4327 4330/4330 4329/4329
f 4331/4331 4333/4333 4332/4332
f 4331/4331 4334/4334 4333/4333
f 4335/4335 4337/4337 4336/4336
f 4335/4335 4338/4338 4337/4337
f 4339/4339 4341/4341 4340/4340
f 4342/4342 4344/4344 4343/4343
f 4345/4345 4347/4347 4346/4346
o cliffcorn_up-left
v 14.000001 0.001002 29.000000
v 13.875001 0.001002 28.500000
v 14.000001 0.001002 28.000000
v 13.875001 0.001002 28.500000
v 13.500001 0.001002 28.125000
v 14.000001 0.001002 28.000000
v 14.000001 0.001002 28.000000
v 13.500001 0.001002 28.125000
v 13.000001 0.001002 28.000000
vt 0.648206 0.921500
vt 0.478912 0.485480
vt 0.704804 0.130667
vt 0.478912 0.485480
vt 0.325382 0.275353
vt 0.704804 0.130667
vt 0.704804 0.130667
vt 0.325382 0.275353
vt 0.123137 0.123284
usemtl criffp_lm42
f 4348/4348 4350/4350 4349/4349
f 4351/4351 4353/4353 4352/4352
f 4354/4354 4356/4356 4355/4355
o cliff_up
v 13.250000 0.876002 29.000002
v 13.750000 0.126002 29.000002
v 13.750000 0.126002 30.000000
v 13.250001 0.876002 30.000002
v 13.750000 0.126002 29.000002
v 14.000000 0.001002 29.000002
v 14.000000 0.001002 30.000000
v 13.750000 0.126002 30.000000
v 13.000000 1.001002 29.000002
v 13.250000 0.876002 29.000002
v 13.250001 0.876002 30.000002
v 13.000001 1.001002 30.000002
vt 0.000000 -0.125000
vt 0.000000 -0.812500
vt 1.000000 -0.812500
vt 1.000000 -0.125000
vt 0.000000 -0.812500
vt 0.000000 -1.000000
vt 1.000000 -1.000000
vt 1.000000 -0.812500
vt 0.000000 0.000000
vt 0.000000 -0.125000
vt 1.000000 -0.125000
vt 1.000000 0.000000
usemtl criffp_lm42
f 4357/4357 4359/4359 4358/4358
f 4357/4357 4360/4360 4359/4359
f 4361/4361 4363/4363 4362/4362
f 4361/4361 4364/4364 4363/4363
f 4365/4365 4367/4367 4366/4366
f 4365/4365 4368/4368 4367/4367
o cliff_up
v 13.250000 0.876002 30.000002
v 13.750000 0.126002 30.000002
v 13.750000 0.126002 31.000000
v 13.250001 0.876002 31.000002
v 13.750000 0.126002 30.000002
v 14.000000 0.001002 30.000002
v 14.000000 0.001002 31.000000
v 13.750000 0.126002 31.000000
v 13.000000 1.001002 30.000002
v 13.250000 0.876002 30.000002
v 13.250001 0.876002 31.000002
v 13.000001 1.001002 31.000002
vt 0.000000 -0.125000
vt 0.000000 -0.812500
vt 1.000000 -0.812500
vt 1.000000 -0.125000
vt 0.000000 -0.812500
vt 0.000000 -1.000000
vt 1.000000 -1.000000
vt 1.000000 -0.812500
vt 0.000000 0.000000
vt 0.000000 -0.125000
vt 1.000000 -0.125000
vt 1.000000 0.000000
usemtl criffp_lm42
f 4369/4369 4371/4371 4370/4370
f 4369/4369 4372/4372 4371/4371
f 4373/4373 4375/4375 4374/4374
f 4373/4373 4376/4376 4375/4375
f 4377/4377 4379/4379 4378/4378
f 4377/4377 4380/4380 4379/4379
o cliff_up
v 13.250000 0.876002 31.000002
v 13.750000 0.126002 31.000002
v 13.750000 0.126002 32.000000
v 13.250001 0.876002 32.000000
v 13.750000 0.126002 31.000002
v 14.000000 0.001002 31.000002
v 14.000000 0.001002 32.000000
v 13.750000 0.126002 32.000000
v 13.000000 1.001002 31.000002
v 13.250000 0.876002 31.000002
v 13.250001 0.876002 32.000000
v 13.000001 1.001002 32.000000
vt 0.000000 -0.125000
vt 0.000000 -0.812500
vt 1.000000 -0.812500
vt 1.000000 -0.125000
vt 0.000000 -0.812500
vt 0.000000 -1.000000
vt 1.000000 -1.000000
vt 1.000000 -0.812500
vt 0.000000 0.000000
vt 0.000000 -0.125000
vt 1.000000 -0.125000
vt 1.000000 0.000000
usemtl criffp_lm42
f 4381/4381 4383/4383 4382/4382
f 4381/4381 4384/4384 4383/4383
f 4385/4385 4387/4387 4386/4386
f 4385/4385 4388/4388 4387/4387
f 4389/4389 4391/4391 4390/4390
f 4389/4389 4392/4392 4391/4391
o cliff_up
v 13.250000 0.876002 32.000000
v 13.750000 0.126002 32.000000
v 13.750000 0.126002 33.000000
v 13.250001 0.876002 33.000000
v 13.750000 0.126002 32.000000
v 14.000000 0.001002 32.000000
v 14.000000 0.001002 33.000000
v 13.750000 0.126002 33.000000
v 13.000000 1.001002 32.000000
v 13.250000 0.876002 32.000000
v 13.250001 0.876002 33.000000
v 13.000001 1.001002 33.000000
vt 0.000000 -0.125000
vt 0.000000 -0.812500
vt 1.000000 -0.812500
vt 1.000000 -0.125000
vt 0.000000 -0.812500
vt 0.000000 -1.000000
vt 1.000000 -1.000000
vt 1.000000 -0.812500
vt 0.000000 0.000000
vt 0.000000 -0.125000
vt 1.000000 -0.125000
vt 1.000000 0.000000
usemtl criffp_lm42
f 4393/4393 4395/4395 4394/4394
f 4393/4393 4396/4396 4395/4395
f 4397/4397 4399/4399 4398/4398
f 4397/4397 4400/4400 4399/4399
f 4401/4401 4403/4403 4402/4402
f 4401/4401 4404/4404 4403/4403
o cliff_up
v 13.250000 0.876002 33.000000
v 13.750000 0.126002 33.000000
v 13.750000 0.126002 34.000000
v 13.250001 0.876002 34.000000
v 13.750000 0.126002 33.000000
v 14.000000 0.001002 33.000000
v 14.000000 0.001002 34.000000
v 13.750000 0.126002 34.000000
v 13.000000 1.001002 33.000000
v 13.250000 0.876002 33.000000
v 13.250001 0.876002 34.000000
v 13.000001 1.001002 34.000000
vt 0.000000 -0.125000
vt 0.000000 -0.812500
vt 1.000000 -0.812500
vt 1.000000 -0.125000
vt 0.000000 -0.812500
vt 0.000000 -1.000000
vt 1.000000 -1.000000
vt 1.000000 -0.812500
vt 0.000000 0.000000
vt 0.000000 -0.125000
vt 1.000000 -0.125000
vt 1.000000 0.000000
usemtl criffp_lm42
f 4405/4405 4407/4407 4406/4406
f 4405/4405 4408/4408 4407/4407
f 4409/4409 4411/4411 4410/4410
f 4409/4409 4412/4412 4411/4411
f 4413/4413 4415/4415 4414/4414
f 4413/4413 4416/4416 4415/4415
o cliff_up
v 13.250000 0.876002 34.000000
v 13.750000 0.126002 34.000000
v 13.750000 0.126002 35.000000
v 13.250001 0.876002 35.000000
v 13.750000 0.126002 34.000000
v 14.000000 0.001002 34.000000
v 14.000000 0.001002 35.000000
v 13.750000 0.126002 35.000000
v 13.000000 1.001002 34.000000
v 13.250000 0.876002 34.000000
v 13.250001 0.876002 35.000000
v 13.000001 1.001002 35.000000
vt 0.000000 -0.125000
vt 0.000000 -0.812500
vt 1.000000 -0.812500
vt 1.000000 -0.125000
vt 0.000000 -0.812500
vt 0.000000 -1.000000
vt 1.000000 -1.000000
vt 1.000000 -0.812500
vt 0.000000 0.000000
vt 0.000000 -0.125000
vt 1.000000 -0.125000
vt 1.000000 0.000000
usemtl criffp_lm42
f 4417/4417 4419/4419 4418/4418
f 4417/4417 4420/4420 4419/4419
f 4421/4421 4423/4423 4422/4422
f 4421/4421 4424/4424 4423/4423
f 4425/4425 4427/4427 4426/4426
f 4425/4425 4428/4428 4427/4427
o tree
v 15.000000 0.041000 0.000000
v 15.000000 0.041000 2.040541
v 16.594595 0.041000 2.040541
v 16.594595 0.041000 0.000000
v 15.000000 0.471000 -0.560000
v 15.000000 0.471000 2.563123
v 16.298800 2.720586 2.563123
v 16.298800 2.720586 -0.560000
v 15.000000 1.561000 -0.240000
v 15.000000 1.561000 2.282522
v 16.096096 3.459494 2.282522
v 16.096096 3.459494 -0.240000
v 15.000000 2.611000 0.240000
v 15.000000 2.611000 1.801562
v 15.788288 3.976355 1.801562
v 15.788288 3.976355 0.240000
vt 0.546547 0.582583
vt 1.000000 0.582583
vt 1.000000 0.936937
vt 0.546547 0.936937
vt 0.360360 0.015015
vt 0.984985 0.015015
vt 0.984985 0.534535
vt 0.360360 0.534535
vt 0.012012 0.546547
vt 0.516517 0.546547
vt 0.516517 0.984985
vt 0.012012 0.984985
vt 0.012012 0.015015
vt 0.324324 0.015015
vt 0.324324 0.330330
vt 0.012012 0.330330
usemtl tree01_lm2
f 4429/4429 4430/4430 4431/4431
f 4429/4429 4431/4431 4432/4432
f 4433/4433 4434/4434 4435/4435
f 4433/4433 4435/4435 4436/4436
f 4437/4437 4438/4438 4439/4439
f 4437/4437 4439/4439 4440/4440
f 4441/4441 4442/4442 4443/4443
f 4441/4441 4443/4443 4444/4444
o tree
v 15.000000 0.041000 3.000000
v 15.000000 0.041000 5.040541
v 16.594595 0.041000 5.040541
v 16.594595 0.041000 3.000000
v 15.000000 0.471000 2.440000
v 15.000000 0.471000 5.563123
v 16.298800 2.720586 5.563123
v 16.298800 2.720586 2.440000
v 15.000000 1.561000 2.760000
v 15.000000 1.561000 5.282522
v 16.096096 3.459494 5.282522
v 16.096096 3.459494 2.760000
v 15.000000 2.611000 3.240000
v 15.000000 2.611000 4.801561
v 15.788288 3.976355 4.801561
v 15.788288 3.976355 3.240000
vt 0.546547 0.582583
vt 1.000000 0.582583
vt 1.000000 0.936937
vt 0.546547 0.936937
vt 0.360360 0.015015
vt 0.984985 0.015015
vt 0.984985 0.534535
vt 0.360360 0.534535
vt 0.012012 0.546547
vt 0.516517 0.546547
vt 0.516517 0.984985
vt 0.012012 0.984985
vt 0.012012 0.015015
vt 0.324324 0.015015
vt 0.324324 0.330330
vt 0.012012 0.330330
usemtl tree01_lm2
f 4445/4445 4446/4446 4447/4447
f 4445/4445 4447/4447 4448/4448
f 4449/4449 4450/4450 4451/4451
f 4449/4449 4451/4451 4452/4452
f 4453/4453 4454/4454 4455/4455
f 4453/4453 4455/4455 4456/4456
f 4457/4457 4458/4458 4459/4459
f 4457/4457 4459/4459 4460/4460
o tree
v 15.000000 0.041000 30.000000
v 15.000000 0.041000 32.040543
v 16.594595 0.041000 32.040543
v 16.594595 0.041000 30.000000
v 15.000000 0.471000 29.440001
v 15.000000 0.471000 32.563122
v 16.298800 2.720586 32.563122
v 16.298800 2.720586 29.440001
v 15.000000 1.561000 29.760000
v 15.000000 1.561000 32.282524
v 16.096096 3.459494 32.282524
v 16.096096 3.459494 29.760000
v 15.000000 2.611000 30.240000
v 15.000000 2.611000 31.801561
v 15.788288 3.976355 31.801561
v 15.788288 3.976355 30.240000
vt 0.546547 0.582583
vt 1.000000 0.582583
vt 1.000000 0.936937
vt 0.546547 0.936937
vt 0.360360 0.015015
vt 0.984985 0.015015
vt 0.984985 0.534535
vt 0.360360 0.534535
vt 0.012012 0.546547
vt 0.516517 0.546547
vt 0.516517 0.984985
vt 0.012012 0.984985
vt 0.012012 0.015015
vt 0.324324 0.015015
vt 0.324324 0.330330
vt 0.012012 0.330330
usemtl tree01_lm2
f 4461/4461 4462/4462 4463/4463
f 4461/4461 4463/4463 4464/4464
f 4465/4465 4466/4466 4467/4467
f 4465/4465 4467/4467 4468/4468
f 4469/4469 4470/4470 4471/4471
f 4469/4469 4471/4471 4472/4472
f 4473/4473 4474/4474 4475/4475
f 4473/4473 4475/4475 4476/4476
o tree
v 15.000000 0.041000 33.000000
v 15.000000 0.041000 35.040543
v 16.594595 0.041000 35.040543
v 16.594595 0.041000 33.000000
v 15.000000 0.471000 32.439999
v 15.000000 0.471000 35.563122
v 16.298800 2.720586 35.563122
v 16.298800 2.720586 32.439999
v 15.000000 1.561000 32.759998
v 15.000000 1.561000 35.282524
v 16.096096 3.459494 35.282524
v 16.096096 3.459494 32.759998
v 15.000000 2.611000 33.240002
v 15.000000 2.611000 34.801563
v 15.788288 3.976355 34.801563
v 15.788288 3.976355 33.240002
vt 0.546547 0.582583
vt 1.000000 0.582583
vt 1.000000 0.936937
vt 0.546547 0.936937
vt 0.360360 0.015015
vt 0.984985 0.015015
vt 0.984985 0.534535
vt 0.360360 0.534535
vt 0.012012 0.546547
vt 0.516517 0.546547
vt 0.516517 0.984985
vt 0.012012 0.984985
vt 0.012012 0.015015
vt 0.324324 0.015015
vt 0.324324 0.330330
vt 0.012012 0.330330
usemtl tree01_lm2
f 4477/4477 4478/4478 4479/4479
f 4477/4477 4479/4479 4480/4480
f 4481/4481 4482/4482 4483/4483
f 4481/4481 4483/4483 4484/4484
f 4485/4485 4486/4486 4487/4487
f 4485/4485 4487/4487 4488/4488
f 4489/4489 4490/4490 4491/4491
f 4489/4489 4491/4491 4492/4492
o tree
v 18.000000 0.041000 0.000000
v 18.000000 0.041000 2.040541
v 19.594595 0.041000 2.040541
v 19.594595 0.041000 0.000000
v 18.000000 0.471000 -0.560000
v 18.000000 0.471000 2.563123
v 19.298800 2.720586 2.563123
v 19.298800 2.720586 -0.560000
v 18.000000 1.561000 -0.240000
v 18.000000 1.561000 2.282522
v 19.096096 3.459494 2.282522
v 19.096096 3.459494 -0.240000
v 18.000000 2.611000 0.240000
v 18.000000 2.611000 1.801562
v 18.788288 3.976355 1.801562
v 18.788288 3.976355 0.240000
vt 0.546547 0.582583
vt 1.000000 0.582583
vt 1.000000 0.936937
vt 0.546547 0.936937
vt 0.360360 0.015015
vt 0.984985 0.015015
vt 0.984985 0.534535
vt 0.360360 0.534535
vt 0.012012 0.546547
vt 0.516517 0.546547
vt 0.516517 0.984985
vt 0.012012 0.984985
vt 0.012012 0.015015
vt 0.324324 0.015015
vt 0.324324 0.330330
vt 0.012012 0.330330
usemtl tree01_lm2
f 4493/4493 4494/4494 4495/4495
f 4493/4493 4495/4495 4496/4496
f 4497/4497 4498/4498 4499/4499
f 4497/4497 4499/4499 4500/4500
f 4501/4501 4502/4502 4503/4503
f 4501/4501 4503/4503 4504/4504
f 4505/4505 4506/4506 4507/4507
f 4505/4505 4507/4507 4508/4508
o tree
v 18.000000 0.041000 3.000000
v 18.000000 0.041000 5.040541
v 19.594595 0.041000 5.040541
v 19.594595 0.041000 3.000000
v 18.000000 0.471000 2.440000
v 18.000000 0.471000 5.563123
v 19.298800 2.720586 5.563123
v 19.298800 2.720586 2.440000
v 18.000000 1.561000 2.760000
v 18.000000 1.561000 5.282522
v 19.096096 3.459494 5.282522
v 19.096096 3.459494 2.760000
v 18.000000 2.611000 3.240000
v 18.000000 2.611000 4.801561
v 18.788288 3.976355 4.801561
v 18.788288 3.976355 3.240000
vt 0.546547 0.582583
vt 1.000000 0.582583
vt 1.000000 0.936937
vt 0.546547 0.936937
vt 0.360360 0.015015
vt 0.984985 0.015015
vt 0.984985 0.534535
vt 0.360360 0.534535
vt 0.012012 0.546547
vt 0.516517 0.546547
vt 0.516517 0.984985
vt 0.012012 0.984985
vt 0.012012 0.015015
vt 0.324324 0.015015
vt 0.324324 0.330330
vt 0.012012 0.330330
usemtl tree01_lm2
f 4509/4509 4510/4510 4511/4511
f 4509/4509 4511/4511 4512/4512
f 4513/4513 4514/4514 4515/4515
f 4513/4513 4515/4515 4516/4516
f 4517/4517 4518/4518 4519/4519
f 4517/4517 4519/4519 4520/4520
f 4521/4521 4522/4522 4523/4523
f 4521/4521 4523/4523 4524/4524
o tree
v 18.000000 0.041000 6.000000
v 18.000000 0.041000 8.040541
v 19.594595 0.041000 8.040541
v 19.594595 0.041000 6.000000
v 18.000000 0.471000 5.440000
v 18.000000 0.471000 8.563124
v 19.298800 2.720586 8.563124
v 19.298800 2.720586 5.440000
v 18.000000 1.561000 5.760000
v 18.000000 1.561000 8.282522
v 19.096096 3.459494 8.282522
v 19.096096 3.459494 5.760000
v 18.000000 2.611000 6.240000
v 18.000000 2.611000 7.801561
v 18.788288 3.976355 7.801561
v 18.788288 3.976355 6.240000
vt 0.546547 0.582583
vt 1.000000 0.582583
vt 1.000000 0.936937
vt 0.546547 0.936937
vt 0.360360 0.015015
vt 0.984985 0.015015
vt 0.984985 0.534535
vt 0.360360 0.534535
vt 0.012012 0.546547
vt 0.516517 0.546547
vt 0.516517 0.984985
vt 0.012012 0.984985
vt 0.012012 0.015015
vt 0.324324 0.015015
vt 0.324324 0.330330
vt 0.012012 0.330330
usemtl tree01_lm2
f 4525/4525 4526/4526 4527/4527
f 4525/4525 4527/4527 4528/4528
f 4529/4529 4530/4530 4531/4531
f 4529/4529 4531/4531 4532/4532
f 4533/4533 4534/4534 4535/4535
f 4533/4533 4535/4535 4536/4536
f 4537/4537 4538/4538 4539/4539
f 4537/4537 4539/4539 4540/4540
o tree
v 18.000000 0.041000 9.000000
v 18.000000 0.041000 11.040541
v 19.594595 0.041000 11.040541
v 19.594595 0.041000 9.000000
v 18.000000 0.471000 8.440000
v 18.000000 0.471000 11.563124
v 19.298800 2.720586 11.563124
v 19.298800 2.720586 8.440000
v 18.000000 1.561000 8.760000
v 18.000000 1.561000 11.282522
v 19.096096 3.459494 11.282522
v 19.096096 3.459494 8.760000
v 18.000000 2.611000 9.240000
v 18.000000 2.611000 10.801561
v 18.788288 3.976355 10.801561
v 18.788288 3.976355 9.240000
vt 0.546547 0.582583
vt 1.000000 0.582583
vt 1.000000 0.936937
vt 0.546547 0.936937
vt 0.360360 0.015015
vt 0.984985 0.015015
vt 0.984985 0.534535
vt 0.360360 0.534535
vt 0.012012 0.546547
vt 0.516517 0.546547
vt 0.516517 0.984985
vt 0.012012 0.984985
vt 0.012012 0.015015
vt 0.324324 0.015015
vt 0.324324 0.330330
vt 0.012012 0.330330
usemtl tree01_lm2
f 4541/4541 4542/4542 4543/4543
f 4541/4541 4543/4543 4544/4544
f 4545/4545 4546/4546 4547/4547
f 4545/4545 4547/4547 4548/4548
f 4549/4549 4550/4550 4551/4551
f 4549/4549 4551/4551 4552/4552
f 4553/4553 4554/4554 4555/4555
f 4553/4553 4555/4555 4556/4556
o tree
v 18.000000 0.041000 12.000000
v 18.000000 0.041000 14.040541
v 19.594595 0.041000 14.040541
v 19.594595 0.041000 12.000000
v 18.000000 0.471000 11.440000
v 18.000000 0.471000 14.563124
v 19.298800 2.720586 14.563124
v 19.298800 2.720586 11.440000
v 18.000000 1.561000 11.760000
v 18.000000 1.561000 14.282522
v 19.096096 3.459494 14.282522
v 19.096096 3.459494 11.760000
v 18.000000 2.611000 12.240000
v 18.000000 2.611000 13.801561
v 18.788288 3.976355 13.801561
v 18.788288 3.976355 12.240000
vt 0.546547 0.582583
vt 1.000000 0.582583
vt 1.000000 0.936937
vt 0.546547 0.936937
vt 0.360360 0.015015
vt 0.984985 0.015015
vt 0.984985 0.534535
vt 0.360360 0.534535
vt 0.012012 0.546547
vt 0.516517 0.546547
vt 0.516517 0.984985
vt 0.012012 0.984985
vt 0.012012 0.015015
vt 0.324324 0.015015
vt 0.324324 0.330330
vt 0.012012 0.330330
usemtl tree01_lm2
f 4557/4557 4558/4558 4559/4559
f 4557/4557 4559/4559 4560/4560
f 4561/4561 4562/4562 4563/4563
f 4561/4561 4563/4563 4564/4564
f 4565/4565 4566/4566 4567/4567
f 4565/4565 4567/4567 4568/4568
f 4569/4569 4570/4570 4571/4571
f 4569/4569 4571/4571 4572/4572
o tree
v 18.000000 0.041000 15.000000
v 18.000000 0.041000 17.040541
v 19.594595 0.041000 17.040541
v 19.594595 0.041000 15.000000
v 18.000000 0.471000 14.440000
v 18.000000 0.471000 17.563124
v 19.298800 2.720586 17.563124
v 19.298800 2.720586 14.440000
v 18.000000 1.561000 14.760000
v 18.000000 1.561000 17.282522
v 19.096096 3.459494 17.282522
v 19.096096 3.459494 14.760000
v 18.000000 2.611000 15.240000
v 18.000000 2.611000 16.801561
v 18.788288 3.976355 16.801561
v 18.788288 3.976355 15.240000
vt 0.546547 0.582583
vt 1.000000 0.582583
vt 1.000000 0.936937
vt 0.546547 0.936937
vt 0.360360 0.015015
vt 0.984985 0.015015
vt 0.984985 0.534535
vt 0.360360 0.534535
vt 0.012012 0.546547
vt 0.516517 0.546547
vt 0.516517 0.984985
vt 0.012012 0.984985
vt 0.012012 0.015015
vt 0.324324 0.015015
vt 0.324324 0.330330
vt 0.012012 0.330330
usemtl tree01_lm2
f 4573/4573 4574/4574 4575/4575
f 4573/4573 4575/4575 4576/4576
f 4577/4577 4578/4578 4579/4579
f 4577/4577 4579/4579 4580/4580
f 4581/4581 4582/4582 4583/4583
f 4581/4581 4583/4583 4584/4584
f 4585/4585 4586/4586 4587/4587
f 4585/4585 4587/4587 4588/4588
o tree
v 18.000000 0.041000 18.000000
v 18.000000 0.041000 20.040541
v 19.594595 0.041000 20.040541
v 19.594595 0.041000 18.000000
v 18.000000 0.471000 17.440001
v 18.000000 0.471000 20.563124
v 19.298800 2.720586 20.563124
v 19.298800 2.720586 17.440001
v 18.000000 1.561000 17.760000
v 18.000000 1.561000 20.282522
v 19.096096 3.459494 20.282522
v 19.096096 3.459494 17.760000
v 18.000000 2.611000 18.240000
v 18.000000 2.611000 19.801561
v 18.788288 3.976355 19.801561
v 18.788288 3.976355 18.240000
vt 0.546547 0.582583
vt 1.000000 0.582583
vt 1.000000 0.936937
vt 0.546547 0.936937
vt 0.360360 0.015015
vt 0.984985 0.015015
vt 0.984985 0.534535
vt 0.360360 0.534535
vt 0.012012 0.546547
vt 0.516517 0.546547
vt 0.516517 0.984985
vt 0.012012 0.984985
vt 0.012012 0.015015
vt 0.324324 0.015015
vt 0.324324 0.330330
vt 0.012012 0.330330
usemtl tree01_lm2
f 4589/4589 4590/4590 4591/4591
f 4589/4589 4591/4591 4592/4592
f 4593/4593 4594/4594 4595/4595
f 4593/4593 4595/4595 4596/4596
f 4597/4597 4598/4598 4599/4599
f 4597/4597 4599/4599 4600/4600
f 4601/4601 4602/4602 4603/4603
f 4601/4601 4603/4603 4604/4604
o tree
v 18.000000 0.041000 21.000000
v 18.000000 0.041000 23.040541
v 19.594595 0.041000 23.040541
v 19.594595 0.041000 21.000000
v 18.000000 0.471000 20.440001
v 18.000000 0.471000 23.563124
v 19.298800 2.720586 23.563124
v 19.298800 2.720586 20.440001
v 18.000000 1.561000 20.760000
v 18.000000 1.561000 23.282522
v 19.096096 3.459494 23.282522
v 19.096096 3.459494 20.760000
v 18.000000 2.611000 21.240000
v 18.000000 2.611000 22.801561
v 18.788288 3.976355 22.801561
v 18.788288 3.976355 21.240000
vt 0.546547 0.582583
vt 1.000000 0.582583
vt 1.000000 0.936937
vt 0.546547 0.936937
vt 0.360360 0.015015
vt 0.984985 0.015015
vt 0.984985 0.534535
vt 0.360360 0.534535
vt 0.012012 0.546547
vt 0.516517 0.546547
vt 0.516517 0.984985
vt 0.012012 0.984985
vt 0.012012 0.015015
vt 0.324324 0.015015
vt 0.324324 0.330330
vt 0.012012 0.330330
usemtl tree01_lm2
f 4605/4605 4606/4606 4607/4607
f 4605/4605 4607/4607 4608/4608
f 4609/4609 4610/4610 4611/4611
f 4609/4609 4611/4611 4612/4612
f 4613/4613 4614/4614 4615/4615
f 4613/4613 4615/4615 4616/4616
f 4617/4617 4618/4618 4619/4619
f 4617/4617 4619/4619 4620/4620
o tree
v 18.000000 0.041000 24.000000
v 18.000000 0.041000 26.040541
v 19.594595 0.041000 26.040541
v 19.594595 0.041000 24.000000
v 18.000000 0.471000 23.440001
v 18.000000 0.471000 26.563124
v 19.298800 2.720586 26.563124
v 19.298800 2.720586 23.440001
v 18.000000 1.561000 23.760000
v 18.000000 1.561000 26.282522
v 19.096096 3.459494 26.282522
v 19.096096 3.459494 23.760000
v 18.000000 2.611000 24.240000
v 18.000000 2.611000 25.801561
v 18.788288 3.976355 25.801561
v 18.788288 3.976355 24.240000
vt 0.546547 0.582583
vt 1.000000 0.582583
vt 1.000000 0.936937
vt 0.546547 0.936937
vt 0.360360 0.015015
vt 0.984985 0.015015
vt 0.984985 0.534535
vt 0.360360 0.534535
vt 0.012012 0.546547
vt 0.516517 0.546547
vt 0.516517 0.984985
vt 0.012012 0.984985
vt 0.012012 0.015015
vt 0.324324 0.015015
vt 0.324324 0.330330
vt 0.012012 0.330330
usemtl tree01_lm2
f 4621/4621 4622/4622 4623/4623
f 4621/4621 4623/4623 4624/4624
f 4625/4625 4626/4626 4627/4627
f 4625/4625 4627/4627 4628/4628
f 4629/4629 4630/4630 4631/4631
f 4629/4629 4631/4631 4632/4632
f 4633/4633 4634/4634 4635/4635
f 4633/4633 4635/4635 4636/4636
o tree
v 18.000000 0.041000 27.000000
v 18.000000 0.041000 29.040541
v 19.594595 0.041000 29.040541
v 19.594595 0.041000 27.000000
v 18.000000 0.471000 26.440001
v 18.000000 0.471000 29.563124
v 19.298800 2.720586 29.563124
v 19.298800 2.720586 26.440001
v 18.000000 1.561000 26.760000
v 18.000000 1.561000 29.282522
v 19.096096 3.459494 29.282522
v 19.096096 3.459494 26.760000
v 18.000000 2.611000 27.240000
v 18.000000 2.611000 28.801561
v 18.788288 3.976355 28.801561
v 18.788288 3.976355 27.240000
vt 0.546547 0.582583
vt 1.000000 0.582583
vt 1.000000 0.936937
vt 0.546547 0.936937
vt 0.360360 0.015015
vt 0.984985 0.015015
vt 0.984985 0.534535
vt 0.360360 0.534535
vt 0.012012 0.546547
vt 0.516517 0.546547
vt 0.516517 0.984985
vt 0.012012 0.984985
vt 0.012012 0.015015
vt 0.324324 0.015015
vt 0.324324 0.330330
vt 0.012012 0.330330
usemtl tree01_lm2
f 4637/4637 4638/4638 4639/4639
f 4637/4637 4639/4639 4640/4640
f 4641/4641 4642/4642 4643/4643
f 4641/4641 4643/4643 4644/4644
f 4645/4645 4646/4646 4647/4647
f 4645/4645 4647/4647 4648/4648
f 4649/4649 4650/4650 4651/4651
f 4649/4649 4651/4651 4652/4652
o tree
v 18.000000 0.041000 30.000000
v 18.000000 0.041000 32.040543
v 19.594595 0.041000 32.040543
v 19.594595 0.041000 30.000000
v 18.000000 0.471000 29.440001
v 18.000000 0.471000 32.563122
v 19.298800 2.720586 32.563122
v 19.298800 2.720586 29.440001
v 18.000000 1.561000 29.760000
v 18.000000 1.561000 32.282524
v 19.096096 3.459494 32.282524
v 19.096096 3.459494 29.760000
v 18.000000 2.611000 30.240000
v 18.000000 2.611000 31.801561
v 18.788288 3.976355 31.801561
v 18.788288 3.976355 30.240000
vt 0.546547 0.582583
vt 1.000000 0.582583
vt 1.000000 0.936937
vt 0.546547 0.936937
vt 0.360360 0.015015
vt 0.984985 0.015015
vt 0.984985 0.534535
vt 0.360360 0.534535
vt 0.012012 0.546547
vt 0.516517 0.546547
vt 0.516517 0.984985
vt 0.012012 0.984985
vt 0.012012 0.015015
vt 0.324324 0.015015
vt 0.324324 0.330330
vt 0.012012 0.330330
usemtl tree01_lm2
f 4653/4653 4654/4654 4655/4655
f 4653/4653 4655/4655 4656/4656
f 4657/4657 4658/4658 4659/4659
f 4657/4657 4659/4659 4660/4660
f 4661/4661 4662/4662 4663/4663
f 4661/4661 4663/4663 4664/4664
f 4665/4665 4666/4666 4667/4667
f 4665/4665 4667/4667 4668/4668
o tree
v 18.000000 0.041000 33.000000
v 18.000000 0.041000 35.040543
v 19.594595 0.041000 35.040543
v 19.594595 0.041000 33.000000
v 18.000000 0.471000 32.439999
v 18.000000 0.471000 35.563122
v 19.298800 2.720586 35.563122
v 19.298800 2.720586 32.439999
v 18.000000 1.561000 32.759998
v 18.000000 1.561000 35.282524
v 19.096096 3.459494 35.282524
v 19.096096 3.459494 32.759998
v 18.000000 2.611000 33.240002
v 18.000000 2.611000 34.801563
v 18.788288 3.976355 34.801563
v 18.788288 3.976355 33.240002
vt 0.546547 0.582583
vt 1.000000 0.582583
vt 1.000000 0.936937
vt 0.546547 0.936937
vt 0.360360 0.015015
vt 0.984985 0.015015
vt 0.984985 0.534535
vt 0.360360 0.534535
vt 0.012012 0.546547
vt 0.516517 0.546547
vt 0.516517 0.984985
vt 0.012012 0.984985
vt 0.012012 0.015015
vt 0.324324 0.015015
vt 0.324324 0.330330
vt 0.012012 0.330330
usemtl tree01_lm2
f 4669/4669 4670/4670 4671/4671
f 4669/4669 4671/4671 4672/4672
f 4673/4673 4674/4674 4675/4675
f 4673/4673 4675/4675 4676/4676
f 4677/4677 4678/4678 4679/4679
f 4677/4677 4679/4679 4680/4680
f 4681/4681 4682/4682 4683/4683
f 4681/4681 4683/4683 4684/4684
o rock2
v 7.000000 1.000000 30.000000
v 7.000000 1.000000 31.004946
v 7.487361 1.844134 31.004946
v 7.487361 1.844134 30.000000
vt 0.328244 0.803053
vt 0.666667 0.803053
vt 0.666667 1.000000
vt 0.328244 1.000000
usemtl objects
f 4685/4685 4686/4686 4687/4687
f 4685/4685 4687/4687 4688/4688
o rock
v 7.000000 1.000000 31.000000
v 7.000000 1.000000 31.969027
v 7.505219 1.875066 31.969027
v 7.505219 1.875066 31.000000
vt 0.000000 0.805277
vt 0.308707 0.805277
vt 0.308707 0.998417
vt 0.000000 0.998417
usemtl objects
f 4689/4689 4690/4690 4691/4691
f 4689/4689 4691/4691 4692/4692
o rock
v 8.000000 1.000000 33.000000
v 8.000000 1.000000 33.969028
v 8.505219 1.875066 33.969028
v 8.505219 1.875066 33.000000
vt 0.000000 0.805277
vt 0.308707 0.805277
vt 0.308707 0.998417
vt 0.000000 0.998417
usemtl objects
f 4693/4693 4694/4694 4695/4695
f 4693/4693 4695/4695 4696/4696
o cliffcorn_up-left
v 9.750000 1.875002 29.999998
v 9.375000 1.125002 29.500000
v 9.500000 1.125002 29.374998
v 10.000000 1.875002 29.749998
v 9.375000 1.125002 29.500000
v 9.125000 1.000002 29.500000
v 9.500000 1.000002 29.125000
v 9.500000 1.125002 29.374998
v 9.250000 1.125002 29.999998
v 9.000000 1.000002 29.999998
v 9.125000 1.000002 29.500000
v 9.375000 1.125002 29.500000
v 9.500000 1.125002 29.374998
v 9.500000 1.000002 29.125000
v 10.000000 1.000002 29.000000
v 10.000000 1.125002 29.249998
v 9.375000 1.125002 29.500000
v 9.750000 1.875002 29.999998
v 9.250000 1.125002 29.999998
v 9.750000 1.875002 29.999998
v 10.000000 1.875002 29.749998
v 10.000000 2.000002 29.999998
v 9.500000 1.125002 29.374998
v 10.000000 1.125002 29.249998
v 10.000000 1.875002 29.749998
vt 0.387402 0.882627
vt 0.449902 0.195127
vt 0.574902 0.195127
vt 0.637402 0.882627
vt 0.449902 0.195127
vt 0.387402 0.007627
vt 0.637402 0.007627
vt 0.574902 0.195127
vt 0.168652 0.195127
vt 0.137402 0.007627
vt 0.387402 0.007627
vt 0.449902 0.195127
vt 0.574902 0.195127
vt 0.637402 0.007627
vt 0.887402 0.007627
vt 0.856152 0.195127
vt 0.449902 0.195127
vt 0.387402 0.882627
vt 0.168652 0.195127
vt 0.481152 0.882627
vt 0.543652 0.882627
vt 0.512402 1.007627
vt 0.574902 0.195127
vt 0.856152 0.195127
vt 0.637402 0.882627
usemtl criffp_lm42
f 4697/4697 4699/4699 4698/4698
f 4697/4697 4700/4700 4699/4699
f 4701/4701 4703/4703 4702/4702
f 4701/4701 4704/4704 4703/4703
f 4705/4705 4707/4707 4706/4706
f 4705/4705 4708/4708 4707/4707
f 4709/4709 4711/4711 4710/4710
f 4709/4709 4712/4712 4711/4711
f 4713/4713 4715/4715 4714/4714
f 4716/4716 4718/4718 4717/4717
f 4719/4719 4721/4721 4720/4720
o cliffcorn_up-left
v 10.000000 1.000002 29.000000
v 9.500000 1.000002 29.125000
v 9.000000 1.000002 29.000000
v 9.500000 1.000002 29.125000
v 9.125000 1.000002 29.500000
v 9.000000 1.000002 29.000000
v 9.000000 1.000002 29.000000
v 9.125000 1.000002 29.500000
v 9.000000 1.000002 29.999998
vt 0.648206 0.921500
vt 0.478912 0.485480
vt 0.704804 0.130667
vt 0.478912 0.485480
vt 0.325382 0.275353
vt 0.704804 0.130667
vt 0.704804 0.130667
vt 0.325382 0.275353
vt 0.123137 0.123284
usemtl criffp_lm42
f 4722/4722 4724/4724 4723/4723
f 4725/4725 4727/4727 4726/4726
f 4728/4728 4730/4730 4729/4729
o cliff_up
v 9.750000 1.875002 30.999998
v 9.250000 1.125002 30.999998
v 9.250000 1.125002 30.000000
v 9.750000 1.875002 30.000000
v 9.250000 1.125002 30.999998
v 9.000000 1.000002 30.999998
v 9.000000 1.000002 30.000000
v 9.250000 1.125002 30.000000
v 10.000000 2.000002 30.999998
v 9.750000 1.875002 30.999998
v 9.750000 1.875002 30.000000
v 10.000000 2.000002 30.000000
vt 0.000000 -0.125000
vt 0.000000 -0.812500
vt 1.000000 -0.812500
vt 1.000000 -0.125000
vt 0.000000 -0.812500
vt 0.000000 -1.000000
vt 1.000000 -1.000000
vt 1.000000 -0.812500
vt 0.000000 0.000000
vt 0.000000 -0.125000
vt 1.000000 -0.125000
vt 1.000000 0.000000
usemtl criffp_lm42
f 4731/4731 4733/4733 4732/4732
f 4731/4731 4734/4734 4733/4733
f 4735/4735 4737/4737 4736/4736
f 4735/4735 4738/4738 4737/4737
f 4739/4739 4741/4741 4740/4740
f 4739/4739 4742/4742 4741/4741
o cliff_up
v 9.750000 1.875002 31.999998
v 9.250000 1.125002 31.999998
v 9.250000 1.125002 31.000000
v 9.750000 1.875002 31.000000
v 9.250000 1.125002 31.999998
v 9.000000 1.000002 31.999998
v 9.000000 1.000002 31.000000
v 9.250000 1.125002 31.000000
v 10.000000 2.000002 31.999998
v 9.750000 1.875002 31.999998
v 9.750000 1.875002 31.000000
v 10.000000 2.000002 31.000000
vt 0.000000 -0.125000
vt 0.000000 -0.812500
vt 1.000000 -0.812500
vt 1.000000 -0.125000
vt 0.000000 -0.812500
vt 0.000000 -1.000000
vt 1.000000 -1.000000
vt 1.000000 -0.812500
vt 0.000000 0.000000
vt 0.000000 -0.125000
vt 1.000000 -0.125000
vt 1.000000 0.000000
usemtl criffp_lm42
f 4743/4743 4745/4745 4744/4744
f 4743/4743 4746/4746 4745/4745
f 4747/4747 4749/4749 4748/4748
f 4747/4747 4750/4750 4749/4749
f 4751/4751 4753/4753 4752/4752
f 4751/4751 4754/4754 4753/4753
o cliff_up
v 9.750000 1.875002 33.000000
v 9.250000 1.125002 33.000000
v 9.250000 1.125002 32.000000
v 9.750000 1.875002 32.000000
v 9.250000 1.125002 33.000000
v 9.000000 1.000002 33.000000
v 9.000000 1.000002 32.000000
v 9.250000 1.125002 32.000000
v 10.000000 2.000002 33.000000
v 9.750000 1.875002 33.000000
v 9.750000 1.875002 32.000000
v 10.000000 2.000002 32.000000
vt 0.000000 -0.125000
vt 0.000000 -0.812500
vt 1.000000 -0.812500
vt 1.000000 -0.125000
vt 0.000000 -0.812500
vt 0.000000 -1.000000
vt 1.000000 -1.000000
vt 1.000000 -0.812500
vt 0.000000 0.000000
vt 0.000000 -0.125000
vt 1.000000 -0.125000
vt 1.000000 0.000000
usemtl criffp_lm42
f 4755/4755 4757/4757 4756/4756
f 4755/4755 4758/4758 4757/4757
f 4759/4759 4761/4761 4760/4760
f 4759/4759 4762/4762 4761/4761
f 4763/4763 4765/4765 4764/4764
f 4763/4763 4766/4766 4765/4765
o cliff_up
v 9.750000 1.875002 34.000000
v 9.250000 1.125002 34.000000
v 9.250000 1.125002 33.000000
v 9.750000 1.875002 33.000000
v 9.250000 1.125002 34.000000
v 9.000000 1.000002 34.000000
v 9.000000 1.000002 33.000000
v 9.250000 1.125002 33.000000
v 10.000000 2.000002 34.000000
v 9.750000 1.875002 34.000000
v 9.750000 1.875002 33.000000
v 10.000000 2.000002 33.000000
vt 0.000000 -0.125000
vt 0.000000 -0.812500
vt 1.000000 -0.812500
vt 1.000000 -0.125000
vt 0.000000 -0.812500
vt 0.000000 -1.000000
vt 1.000000 -1.000000
vt 1.000000 -0.812500
vt 0.000000 0.000000
vt 0.000000 -0.125000
vt 1.000000 -0.125000
vt 1.000000 0.000000
usemtl criffp_lm42
f 4767/4767 4769/4769 4768/4768
f 4767/4767 4770/4770 4769/4769
f 4771/4771 4773/4773 4772/4772
f 4771/4771 4774/4774 4773/4773
f 4775/4775 4777/4777 4776/4776
f 4775/4775 4778/4778 4777/4777
o cliff_up
v 9.750000 1.875002 35.000000
v 9.250000 1.125002 35.000000
v 9.250000 1.125002 34.000000
v 9.750000 1.875002 34.000000
v 9.250000 1.125002 35.000000
v 9.000000 1.000002 35.000000
v 9.000000 1.000002 34.000000
v 9.250000 1.125002 34.000000
v 10.000000 2.000002 35.000000
v 9.750000 1.875002 35.000000
v 9.750000 1.875002 34.000000
v 10.000000 2.000002 34.000000
vt 0.000000 -0.125000
vt 0.000000 -0.812500
vt 1.000000 -0.812500
vt 1.000000 -0.125000
vt 0.000000 -0.812500
vt 0.000000 -1.000000
vt 1.000000 -1.000000
vt 1.000000 -0.812500
vt 0.000000 0.000000
vt 0.000000 -0.125000
vt 1.000000 -0.125000
vt 1.000000 0.000000
usemtl criffp_lm42
f 4779/4779 4781/4781 4780/4780
f 4779/4779 4782/4782 4781/4781
f 4783/4783 4785/4785 4784/4784
f 4783/4783 4786/4786 4785/4785
f 4787/4787 4789/4789 4788/4788
f 4787/4787 4790/4790 4789/4789
o cliff_up
v 10.000001 1.875002 29.750000
v 10.000001 1.125002 29.250000
v 11.000001 1.125002 29.250000
v 11.000001 1.875002 29.750000
v 10.000001 1.125002 29.250000
v 10.000001 1.000002 29.000000
v 11.000001 1.000002 29.000000
v 11.000001 1.125002 29.250000
v 10.000001 2.000002 30.000000
v 10.000001 1.875002 29.750000
v 11.000001 1.875002 29.750000
v 11.000001 2.000002 30.000000
vt 0.000000 -0.125000
vt 0.000000 -0.812500
vt 1.000000 -0.812500
vt 1.000000 -0.125000
vt 0.000000 -0.812500
vt 0.000000 -1.000000
vt 1.000000 -1.000000
vt 1.000000 -0.812500
vt 0.000000 0.000000
vt 0.000000 -0.125000
vt 1.000000 -0.125000
vt 1.000000 0.000000
usemtl criffp_lm42
f 4791/4791 4793/4793 4792/4792
f 4791/4791 4794/4794 4793/4793
f 4795/4795 4797/4797 4796/4796
f 4795/4795 4798/4798 4797/4797
f 4799/4799 4801/4801 4800/4800
f 4799/4799 4802/4802 4801/4801
o cliff_up
v 11.000001 1.875002 29.750000
v 11.000001 1.125002 29.250000
v 12.000001 1.125002 29.250000
v 12.000001 1.875002 29.750000
v 11.000001 1.125002 29.250000
v 11.000001 1.000002 29.000000
v 12.000001 1.000002 29.000000
v 12.000001 1.125002 29.250000
v 11.000001 2.000002 30.000000
v 11.000001 1.875002 29.750000
v 12.000001 1.875002 29.750000
v 12.000001 2.000002 30.000000
vt 0.000000 -0.125000
vt 0.000000 -0.812500
vt 1.000000 -0.812500
vt 1.000000 -0.125000
vt 0.000000 -0.812500
vt 0.000000 -1.000000
vt 1.000000 -1.000000
vt 1.000000 -0.812500
vt 0.000000 0.000000
vt 0.000000 -0.125000
vt 1.000000 -0.125000
vt 1.000000 0.000000
usemtl criffp_lm42
f 4803/4803 4805/4805 4804/4804
f 4803/4803 4806/4806 4805/4805
f 4807/4807 4809/4809 4808/4808
f 4807/4807 4810/4810 4809/4809
f 4811/4811 4813/4813 4812/4812
f 4811/4811 4814/4814 4813/4813
o cliffcorn_up-left
v 12.000001 1.875002 29.750000
v 12.500001 1.125002 29.375000
v 12.625001 1.125002 29.500000
v 12.250001 1.875002 30.000000
v 12.500001 1.125002 29.375000
v 12.500001 1.000002 29.125000
v 12.875001 1.000002 29.500000
v 12.625001 1.125002 29.500000
v 12.000001 1.125002 29.250000
v 12.000001 1.000002 29.000000
v 12.500001 1.000002 29.125000
v 12.500001 1.125002 29.375000
v 12.625001 1.125002 29.500000
v 12.875001 1.000002 29.500000
v 13.000001 1.000002 30.000000
v 12.750001 1.125002 30.000000
v 12.500001 1.125002 29.375000
v 12.000001 1.875002 29.750000
v 12.000001 1.125002 29.250000
v 12.000001 1.875002 29.750000
v 12.250001 1.875002 30.000000
v 12.000001 2.000002 30.000000
v 12.625001 1.125002 29.500000
v 12.750001 1.125002 30.000000
v 12.250001 1.875002 30.000000
vt 0.387402 0.882627
vt 0.449902 0.195127
vt 0.574902 0.195127
vt 0.637402 0.882627
vt 0.449902 0.195127
vt 0.387402 0.007627
vt 0.637402 0.007627
vt 0.574902 0.195127
vt 0.168652 0.195127
vt 0.137402 0.007627
vt 0.387402 0.007627
vt 0.449902 0.195127
vt 0.574902 0.195127
vt 0.637402 0.007627
vt 0.887402 0.007627
vt 0.856152 0.195127
vt 0.449902 0.195127
vt 0.387402 0.882627
vt 0.168652 0.195127
vt 0.481152 0.882627
vt 0.543652 0.882627
vt 0.512402 1.007627
vt 0.574902 0.195127
vt 0.856152 0.195127
vt 0.637402 0.882627
usemtl criffp_lm42
f 4815/4815 4817/4817 4816/4816
f 4815/4815 4818/4818 4817/4817
f 4819/4819 4821/4821 4820/4820
f 4819/4819 4822/4822 4821/4821
f 4823/4823 4825/4825 4824/4824
f 4823/4823 4826/4826 4825/4825
f 4827/4827 4829/4829 4828/4828
f 4827/4827 4830/4830 4829/4829
f 4831/4831 4833/4833 4832/4832
f 4834/4834 4836/4836 4835/4835
f 4837/4837 4839/4839 4838/4838
o cliffcorn_up-left
v 13.000001 1.000002 30.000000
v 12.875001 1.000002 29.500000
v 13.000001 1.000002 29.000000
v 12.875001 1.000002 29.500000
v 12.500001 1.000002 29.125000
v 13.000001 1.000002 29.000000
v 13.000001 1.000002 29.000000
v 12.500001 1.000002 29.125000
v 12.000001 1.000002 29.000000
vt 0.648206 0.921500
vt 0.478912 0.485480
vt 0.704804 0.130667
vt 0.478912 0.485480
vt 0.325382 0.275353
vt 0.704804 0.130667
vt 0.704804 0.130667
vt 0.325382 0.275353
vt 0.123137 0.123284
usemtl criffp_lm42
f 4840/4840 4842/4842 4841/4841
f 4843/4843 4845/4845 4844/4844
f 4846/4846 4848/4848 4847/4847
o cliff_up
v 12.250000 1.875002 30.000002
v 12.750000 1.125002 30.000002
v 12.750000 1.125002 31.000000
v 12.250001 1.875002 31.000002
v 12.750000 1.125002 30.000002
v 13.000000 1.000002 30.000002
v 13.000000 1.000002 31.000000
v 12.750000 1.125002 31.000000
v 12.000000 2.000002 30.000002
v 12.250000 1.875002 30.000002
v 12.250001 1.875002 31.000002
v 12.000001 2.000002 31.000002
vt 0.000000 -0.125000
vt 0.000000 -0.812500
vt 1.000000 -0.812500
vt 1.000000 -0.125000
vt 0.000000 -0.812500
vt 0.000000 -1.000000
vt 1.000000 -1.000000
vt 1.000000 -0.812500
vt 0.000000 0.000000
vt 0.000000 -0.125000
vt 1.000000 -0.125000
vt 1.000000 0.000000
usemtl criffp_lm42
f 4849/4849 4851/4851 4850/4850
f 4849/4849 4852/4852 4851/4851
f 4853/4853 4855/4855 4854/4854
f 4853/4853 4856/4856 4855/4855
f 4857/4857 4859/4859 4858/4858
f 4857/4857 4860/4860 4859/4859
o cliff_up
v 12.250000 1.875002 31.000002
v 12.750000 1.125002 31.000002
v 12.750000 1.125002 32.000000
v 12.250001 1.875002 32.000000
v 12.750000 1.125002 31.000002
v 13.000000 1.000002 31.000002
v 13.000000 1.000002 32.000000
v 12.750000 1.125002 32.000000
v 12.000000 2.000002 31.000002
v 12.250000 1.875002 31.000002
v 12.250001 1.875002 32.000000
v 12.000001 2.000002 32.000000
vt 0.000000 -0.125000
vt 0.000000 -0.812500
vt 1.000000 -0.812500
vt 1.000000 -0.125000
vt 0.000000 -0.812500
vt 0.000000 -1.000000
vt 1.000000 -1.000000
vt 1.000000 -0.812500
vt 0.000000 0.000000
vt 0.000000 -0.125000
vt 1.000000 -0.125000
vt 1.000000 0.000000
usemtl criffp_lm42
f 4861/4861 4863/4863 4862/4862
f 4861/4861 4864/4864 4863/4863
f 4865/4865 4867/4867 4866/4866
f 4865/4865 4868/4868 4867/4867
f 4869/4869 4871/4871 4870/4870
f 4869/4869 4872/4872 4871/4871
o cliff_up
v 12.250000 1.875002 32.000000
v 12.750000 1.125002 32.000000
v 12.750000 1.125002 33.000000
v 12.250001 1.875002 33.000000
v 12.750000 1.125002 32.000000
v 13.000000 1.000002 32.000000
v 13.000000 1.000002 33.000000
v 12.750000 1.125002 33.000000
v 12.000000 2.000002 32.000000
v 12.250000 1.875002 32.000000
v 12.250001 1.875002 33.000000
v 12.000001 2.000002 33.000000
vt 0.000000 -0.125000
vt 0.000000 -0.812500
vt 1.000000 -0.812500
vt 1.000000 -0.125000
vt 0.000000 -0.812500
vt 0.000000 -1.000000
vt 1.000000 -1.000000
vt 1.000000 -0.812500
vt 0.000000 0.000000
vt 0.000000 -0.125000
vt 1.000000 -0.125000
vt 1.000000 0.000000
usemtl criffp_lm42
f 4873/4873 4875/4875 4874/4874
f 4873/4873 4876/4876 4875/4875
f 4877/4877 4879/4879 4878/4878
f 4877/4877 4880/4880 4879/4879
f 4881/4881 4883/4883 4882/4882
f 4881/4881 4884/4884 4883/4883
o cliff_up
v 12.250000 1.875002 33.000000
v 12.750000 1.125002 33.000000
v 12.750000 1.125002 34.000000
v 12.250001 1.875002 34.000000
v 12.750000 1.125002 33.000000
v 13.000000 1.000002 33.000000
v 13.000000 1.000002 34.000000
v 12.750000 1.125002 34.000000
v 12.000000 2.000002 33.000000
v 12.250000 1.875002 33.000000
v 12.250001 1.875002 34.000000
v 12.000001 2.000002 34.000000
vt 0.000000 -0.125000
vt 0.000000 -0.812500
vt 1.000000 -0.812500
vt 1.000000 -0.125000
vt 0.000000 -0.812500
vt 0.000000 -1.000000
vt 1.000000 -1.000000
vt 1.000000 -0.812500
vt 0.000000 0.000000
vt 0.000000 -0.125000
vt 1.000000 -0.125000
vt 1.000000 0.000000
usemtl criffp_lm42
f 4885/4885 4887/4887 4886/4886
f 4885/4885 4888/4888 4887/4887
f 4889/4889 4891/4891 4890/4890
f 4889/4889 4892/4892 4891/4891
f 4893/4893 4895/4895 4894/4894
f 4893/4893 4896/4896 4895/4895
o cliff_up
v 12.250000 1.875002 34.000000
v 12.750000 1.125002 34.000000
v 12.750000 1.125002 35.000000
v 12.250001 1.875002 35.000000
v 12.750000 1.125002 34.000000
v 13.000000 1.000002 34.000000
v 13.000000 1.000002 35.000000
v 12.750000 1.125002 35.000000
v 12.000000 2.000002 34.000000
v 12.250000 1.875002 34.000000
v 12.250001 1.875002 35.000000
v 12.000001 2.000002 35.000000
vt 0.000000 -0.125000
vt 0.000000 -0.812500
vt 1.000000 -0.812500
vt 1.000000 -0.125000
vt 0.000000 -0.812500
vt 0.000000 -1.000000
vt 1.000000 -1.000000
vt 1.000000 -0.812500
vt 0.000000 0.000000
vt 0.000000 -0.125000
vt 1.000000 -0.125000
vt 1.000000 0.000000
usemtl criffp_lm42
f 4897/4897 4899/4899 4898/4898
f 4897/4897 4900/4900 4899/4899
f 4901/4901 4903/4903 4902/4902
f 4901/4901 4904/4904 4903/4903
f 4905/4905 4907/4907 4906/4906
f 4905/4905 4908/4908 4907/4907
o rock
v 11.000000 2.000000 31.000000
v 11.000000 2.000000 31.969027
v 11.505219 2.875066 31.969027
v 11.505219 2.875066 31.000000
vt 0.000000 0.805277
vt 0.308707 0.805277
vt 0.308707 0.998417
vt 0.000000 0.998417
usemtl objects
f 4909/4909 4910/4910 4911/4911
f 4909/4909 4911/4911 4912/4912

# Models
o Object
v 14.324580 3.806983 9.450006
v 14.324580 3.597265 9.700006
v 14.324580 2.589209 9.450005
v 14.324580 3.597265 9.700006
v 14.324580 2.838476 9.700006
v 14.324580 2.589209 9.450005
v 14.324580 2.589209 9.450005
v 14.324580 2.838476 9.700006
v 14.324580 2.589205 11.825005
v 14.324580 2.838476 9.700006
v 14.324580 2.838475 10.700006
v 14.324580 2.589205 11.825005
v 14.324580 2.589205 11.825005
v 14.324580 2.838475 10.700006
v 14.324580 3.806980 10.831598
v 14.324580 2.838475 10.700006
v 14.324580 3.597264 10.700006
v 14.324580 3.806980 10.831598
v 14.324580 3.806980 10.831598
v 14.324580 3.597264 10.700006
v 14.324580 3.806983 9.450006
v 14.324580 3.597264 10.700006
v 14.324580 3.597265 9.700006
v 14.324580 3.806983 9.450006
v 17.410763 2.246196 7.075004
v 17.410763 2.589213 7.075005
v 16.750851 2.246196 7.075004
v 17.410763 2.589213 7.075005
v 16.750851 2.589213 7.075005
v 16.750851 2.246196 7.075004
v 16.750851 2.246196 7.075004
v 16.750851 2.589213 7.075005
v 14.940059 2.246196 7.075004
v 16.750851 2.589213 7.075005
v 14.940059 2.589213 7.075005
v 14.940059 2.246196 7.075004
v 14.940059 2.246196 7.075004
v 14.940059 2.589213 7.075005
v 14.324580 2.246196 7.075004
v 14.940059 2.589213 7.075005
v 14.324580 2.589214 7.075005
v 14.324580 2.246196 7.075004
v 14.324580 2.246196 7.075004
v 14.324580 2.589214 7.075005
v 14.180049 2.246196 7.075004
v 14.324580 2.589214 7.075005
v 14.180049 2.589214 7.075005
v 14.180049 2.246196 7.075004
v 14.180049 2.246187 11.825005
v 14.180049 2.589205 11.825005
v 14.324580 2.246187 11.825005
v 14.180049 2.589205 11.825005
v 14.324580 2.589205 11.825005
v 14.324580 2.246187 11.825005
v 14.324580 2.246187 11.825005
v 14.324580 2.589205 11.825005
v 14.940059 2.246187 11.825005
v 14.324580 2.589205 11.825005
v 14.940059 2.589205 11.825005
v 14.940059 2.246187 11.825005
v 14.940059 2.246187 11.825005
v 14.940059 2.589205 11.825005
v 16.750851 2.246187 11.825005
v 14.940059 2.589205 11.825005
v 16.750851 2.589205 11.825005
v 16.750851 2.246187 11.825005
v 16.750851 2.246187 11.825005
v 16.750851 2.589205 11.825005
v 17.410763 2.246187 11.825005
v 16.750851 2.589205 11.825005
v 17.410763 2.589205 11.825005
v 17.410763 2.246187 11.825005
v 14.324580 2.246192 9.450004
v 14.324580 1.931251 9.173392
v 14.324580 2.246195 7.609428
v 14.324580 1.931251 9.173392
v 14.324580 1.931253 7.885062
v 14.324580 2.246195 7.609428
v 14.324580 2.246195 7.609428
v 14.324580 1.931253 7.885062
v 14.324580 0.582865 7.609425
v 14.324580 1.931253 7.885062
v 14.324580 0.832620 7.885060
v 14.324580 0.582865 7.609425
v 14.324580 0.582865 7.609425
v 14.324580 0.832620 7.885060
v 14.324580 0.582861 9.450489
v 14.324580 0.832620 7.885060
v 14.324580 0.832618 9.169240
v 14.324580 0.582861 9.450489
v 14.324580 0.582861 9.450489
v 14.324580 0.832618 9.169240
v 14.324580 2.246192 9.450004
v 14.324580 0.832618 9.169240
v 14.324580 1.931251 9.173392
v 14.324580 2.246192 9.450004
v 14.324580 3.806985 8.068415
v 14.324580 3.597268 8.200006
v 14.324580 2.589214 7.075005
v 14.324580 3.597268 8.200006
v 14.324580 2.838479 8.200006
v 14.324580 2.589214 7.075005
v 14.324580 2.589214 7.075005
v 14.324580 2.838479 8.200006
v 14.324580 2.589209 9.450005
v 14.324580 2.838479 8.200006
v 14.324580 2.838477 9.200006
v 14.324580 2.589209 9.450005
v 14.324580 2.589209 9.450005
v 14.324580 2.838477 9.200006
v 14.324580 3.806983 9.450006
v 14.324580 2.838477 9.200006
v 14.324580 3.597266 9.200006
v 14.324580 3.806983 9.450006
v 14.324580 3.806983 9.450006
v 14.324580 3.597266 9.200006
v 14.324580 3.806985 8.068415
v 14.324580 3.597266 9.200006
v 14.324580 3.597268 8.200006
v 14.324580 3.806985 8.068415
v 14.324580 0.582858 11.300098
v 14.324580 0.582858 11.149952
v 14.324580 2.246188 11.300102
v 14.324580 0.582858 11.149952
v 14.324580 1.905368 11.149955
v 14.324580 2.246188 11.300102
v 14.324580 2.246188 11.300102
v 14.324580 1.905368 11.149955
v 14.324580 2.246192 9.450004
v 14.324580 1.905368 11.149955
v 14.324580 1.905371 9.801078
v 14.324580 2.246192 9.450004
v 14.324580 2.246192 9.450004
v 14.324580 1.905371 9.801078
v 14.324580 0.582861 9.450489
v 14.324580 1.905371 9.801078
v 14.324580 0.582861 9.801075
v 14.324580 0.582861 9.450489
v 14.180049 4.158791 8.345515
v 14.324580 4.158791 8.345515
v 14.180049 4.158789 9.450007
v 14.324580 4.158791 8.345515
v 14.324580 4.158789 9.450007
v 14.180049 4.158789 9.450007
v 14.180049 4.158789 9.450007
v 14.324580 4.158789 9.450007
v 14.180049 4.158787 10.554500
v 14.324580 4.158789 9.450007
v 14.324580 4.158787 10.554500
v 14.180049 4.158787 10.554500
v 14.180049 3.806985 8.068415
v 14.180049 4.158791 8.345515
v 14.180049 3.806983 9.450006
v 14.180049 4.158791 8.345515
v 14.180049 4.158789 9.450007
v 14.180049 3.806983 9.450006
v 14.180049 3.806983 9.450006
v 14.180049 4.158789 9.450007
v 14.180049 3.806980 10.831598
v 14.180049 4.158789 9.450007
v 14.180049 4.158787 10.554500
v 14.180049 3.806980 10.831598
v 14.324580 4.158791 8.345515
v 14.324581 5.264258 9.215878
v 14.324580 4.158789 9.450007
v 14.324581 5.264258 9.215878
v 14.324581 5.264258 9.450009
v 14.324580 4.158789 9.450007
v 14.324580 4.158789 9.450007
v 14.324581 5.264258 9.450009
v 14.324580 4.158787 10.554500
v 14.324581 5.264258 9.450009
v 14.324581 5.264257 9.684140
v 14.324580 4.158787 10.554500
v 14.324580 0.832620 7.885060
v 14.324580 1.931253 7.885062
v 14.261836 1.900003 7.916312
v 14.261836 1.900003 7.916312
v 14.261836 0.863870 7.916310
v 14.324580 0.832620 7.885060
v 14.324580 1.931251 9.173392
v 14.324580 0.832618 9.169240
v 14.261836 0.863868 9.137990
v 14.261836 0.863868 9.137990
v 14.261836 1.900001 9.142142
v 14.324580 1.931251 9.173392
v 14.324580 2.246195 7.609428
v 14.324580 0.582865 7.609425
v 14.324580 0.582866 7.109425
v 14.324580 0.582866 7.109425
v 14.324580 2.246196 7.109428
v 14.324580 2.246195 7.609428
v 14.324580 2.246188 11.300102
v 14.324580 2.246187 11.790581
v 14.324580 0.582857 11.790577
v 14.324580 0.582857 11.790577
v 14.324580 0.582858 11.300098
v 14.324580 2.246188 11.300102
v 16.750851 0.582857 11.790577
v 16.750851 2.246187 11.790581
v 17.410763 2.246187 11.790581
v 17.410763 2.246187 11.790581
v 17.410763 0.582857 11.790577
v 16.750851 0.582857 11.790577
v 16.750851 2.246196 7.109428
v 16.750851 0.582865 7.109425
v 17.410763 0.582865 7.109425
v 17.410763 0.582865 7.109425
v 17.410763 2.246196 7.109428
v 16.750851 2.246196 7.109428
v 14.940059 2.246187 11.790581
v 14.940059 0.582857 11.790577
v 14.324580 0.582857 11.790577
v 14.324580 0.582857 11.790577
v 14.324580 2.246187 11.790581
v 14.940059 2.246187 11.790581
v 14.940059 2.246196 7.109428
v 14.940059 0.582866 7.109425
v 16.750851 0.582865 7.109425
v 16.750851 0.582865 7.109425
v 16.750851 2.246196 7.109428
v 14.940059 2.246196 7.109428
v 14.940059 2.246187 11.790581
v 16.750851 2.246187 11.790581
v 16.750851 0.582857 11.790577
v 16.750851 0.582857 11.790577
v 14.940059 0.582857 11.790577
v 14.940059 2.246187 11.790581
v 14.261836 3.566018 8.231256
v 14.261836 3.566016 9.168756
v 14.261836 2.869727 9.168756
v 14.261836 2.869727 9.168756
v 14.261836 2.869729 8.231256
v 14.261836 3.566018 8.231256
v 14.324580 2.838479 8.200006
v 14.324580 3.597268 8.200006
v 14.261836 3.566018 8.231256
v 14.261836 3.566018 8.231256
v 14.261836 2.869729 8.231256
v 14.324580 2.838479 8.200006
v 14.324580 2.589214 7.075005
v 14.324580 2.589209 9.450005
v 14.180049 2.589209 9.450005
v 14.180049 2.589209 9.450005
v 14.180049 2.589214 7.075005
v 14.324580 2.589214 7.075005
v 14.324580 2.589209 9.450005
v 14.324580 2.589205 11.825005
v 14.180049 2.589205 11.825005
v 14.180049 2.589205 11.825005
v 14.180049 2.589209 9.450005
v 14.324580 2.589209 9.450005
v 14.324580 3.597266 9.200006
v 14.324580 2.838477 9.200006
v 14.261836 2.869727 9.168756
v 14.261836 2.869727 9.168756
v 14.261836 3.566016 9.168756
v 14.324580 3.597266 9.200006
v 14.324580 3.597268 8.200006
v 14.324580 3.597266 9.200006
v 14.261836 3.566016 9.168756
v 14.261836 3.566016 9.168756
v 14.261836 3.566018 8.231256
v 14.324580 3.597268 8.200006
v 14.324580 0.582866 7.109425
v 14.940059 0.582866 7.109425
v 14.940059 2.246196 7.109428
v 14.940059 2.246196 7.109428
v 14.324580 2.246196 7.109428
v 14.324580 0.582866 7.109425
v 14.324580 2.838476 9.700006
v 14.324580 3.597265 9.700006
v 14.261836 3.566015 9.731256
v 14.261836 3.566015 9.731256
v 14.261836 2.869726 9.731256
v 14.324580 2.838476 9.700006
v 14.261836 1.900001 9.142142
v 14.261836 0.863868 9.137990
v 14.261836 0.863870 7.916310
v 14.261836 0.863870 7.916310
v 14.261836 1.900003 7.916312
v 14.261836 1.900001 9.142142
v 15.867794 5.667334 9.684141
v 15.867793 2.608979 12.206841
v 14.037715 2.608980 12.206841
v 14.037715 2.608980 12.206841
v 14.037716 5.667334 9.684141
v 15.867794 5.667334 9.684141
v 17.617550 5.667334 9.684141
v 17.617550 2.608979 12.206841
v 15.867793 2.608979 12.206841
v 15.867793 2.608979 12.206841
v 15.867794 5.667334 9.684141
v 17.617550 5.667334 9.684141
v 17.617550 5.667335 9.215879
v 15.867794 5.667335 9.215879
v 15.867793 2.608989 6.706352
v 15.867793 2.608989 6.706352
v 17.617550 2.608989 6.706352
v 17.617550 5.667335 9.215879
v 17.617550 5.667335 9.215879
v 17.617550 5.667334 9.684141
v 15.867794 5.667334 9.684141
v 15.867794 5.667334 9.684141
v 15.867794 5.667335 9.215879
v 17.617550 5.667335 9.215879
v 15.867794 5.667335 9.215879
v 14.037716 5.667335 9.215879
v 14.037715 2.608990 6.706352
v 14.037715 2.608990 6.706352
v 15.867793 2.608989 6.706352
v 15.867794 5.667335 9.215879
v 15.867794 5.667334 9.684141
v 14.037716 5.667334 9.684141
v 14.037716 5.667335 9.215879
v 14.037716 5.667335 9.215879
v 15.867794 5.667335 9.215879
v 15.867794 5.667334 9.684141
v 14.324580 3.597264 10.700006
v 14.324580 2.838475 10.700006
v 14.261836 2.869725 10.668756
v 14.261836 2.869725 10.668756
v 14.261836 3.566014 10.668756
v 14.324580 3.597264 10.700006
v 14.180049 2.589209 9.450005
v 14.180049 2.246192 9.450004
v 14.180049 2.246196 7.075004
v 14.180049 2.246196 7.075004
v 14.180049 2.589214 7.075005
v 14.180049 2.589209 9.450005
v 14.180049 2.589205 11.825005
v 14.180049 2.246187 11.825005
v 14.180049 2.246192 9.450004
v 14.180049 2.246192 9.450004
v 14.180049 2.589209 9.450005
v 14.180049 2.589205 11.825005
v 14.324580 3.597265 9.700006
v 14.324580 3.597264 10.700006
v 14.261836 3.566014 10.668756
v 14.261836 3.566014 10.668756
v 14.261836 3.566015 9.731256
v 14.324580 3.597265 9.700006
v 14.324580 1.931253 7.885062
v 14.324580 1.931251 9.173392
v 14.261836 1.900001 9.142142
v 14.261836 1.900001 9.142142
v 14.261836 1.900003 7.916312
v 14.324580 1.931253 7.885062
v 14.261836 3.566015 9.731256
v 14.261836 3.566014 10.668756
v 14.261836 2.869725 10.668756
v 14.261836 2.869725 10.668756
v 14.261836 2.869726 9.731256
v 14.261836 3.566015 9.731256
vt 0.609375 -0.640625
vt 0.531250 -0.687500
vt 0.609375 -0.984375
vt 0.531250 -0.687500
vt 0.531250 -0.937500
vt 0.609375 -0.984375
vt 0.609375 -0.984375
vt 0.531250 -0.937500
vt 0.015625 -0.984375
vt 0.531250 -0.937500
vt 0.296875 -0.937500
vt 0.015625 -0.984375
vt 0.015625 -0.984375
vt 0.296875 -0.937500
vt 0.125000 -0.640625
vt 0.296875 -0.937500
vt 0.296875 -0.687500
vt 0.125000 -0.640625
vt 0.125000 -0.640625
vt 0.296875 -0.687500
vt 0.609375 -0.640625
vt 0.296875 -0.687500
vt 0.531250 -0.687500
vt 0.609375 -0.640625
vt -0.077148 -0.802734
vt -0.038086 -0.802734
vt -0.077148 -0.752930
vt -0.038086 -0.802734
vt -0.038086 -0.752930
vt -0.077148 -0.752930
vt -0.077148 -0.752930
vt -0.038086 -0.752930
vt -0.077148 -0.578125
vt -0.038086 -0.752930
vt -0.038086 -0.578125
vt -0.077148 -0.578125
vt -0.077148 -0.578125
vt -0.038086 -0.578125
vt -0.077148 -0.532227
vt -0.038086 -0.578125
vt -0.038086 -0.532227
vt -0.077148 -0.532227
vt -0.077148 -0.532227
vt -0.038086 -0.532227
vt -0.077148 -0.518555
vt -0.038086 -0.532227
vt -0.038086 -0.518555
vt -0.077148 -0.518555
vt -0.082031 -0.799805
vt -0.042969 -0.799805
vt -0.082031 -0.786133
vt -0.042969 -0.799805
vt -0.042969 -0.786133
vt -0.082031 -0.786133
vt -0.082031 -0.786133
vt -0.042969 -0.786133
vt -0.082031 -0.740234
vt -0.042969 -0.786133
vt -0.042969 -0.740234
vt -0.082031 -0.740234
vt -0.082031 -0.740234
vt -0.042969 -0.740234
vt -0.082031 -0.565430
vt -0.042969 -0.740234
vt -0.042969 -0.565430
vt -0.082031 -0.565430
vt -0.082031 -0.565430
vt -0.042969 -0.565430
vt -0.082031 -0.515625
vt -0.042969 -0.565430
vt -0.042969 -0.515625
vt -0.082031 -0.515625
vt 0.640625 -0.140625
vt 0.671875 -0.234375
vt 0.734375 -0.140625
vt 0.671875 -0.234375
vt 0.703125 -0.234375
vt 0.734375 -0.140625
vt 0.734375 -0.140625
vt 0.703125 -0.234375
vt 0.734375 -0.609375
vt 0.703125 -0.234375
vt 0.703125 -0.531250
vt 0.734375 -0.609375
vt 0.734375 -0.609375
vt 0.703125 -0.531250
vt 0.640625 -0.609375
vt 0.703125 -0.531250
vt 0.671875 -0.531250
vt 0.640625 -0.609375
vt 0.640625 -0.609375
vt 0.671875 -0.531250
vt 0.640625 -0.140625
vt 0.671875 -0.531250
vt 0.671875 -0.234375
vt 0.640625 -0.140625
vt 0.125000 -0.640625
vt 0.296875 -0.687500
vt 0.015625 -0.984375
vt 0.296875 -0.687500
vt 0.296875 -0.937500
vt 0.015625 -0.984375
vt 0.015625 -0.984375
vt 0.296875 -0.937500
vt 0.609375 -0.984375
vt 0.296875 -0.937500
vt 0.531250 -0.937500
vt 0.609375 -0.984375
vt 0.609375 -0.984375
vt 0.531250 -0.937500
vt 0.609375 -0.640625
vt 0.531250 -0.937500
vt 0.531250 -0.687500
vt 0.609375 -0.640625
vt 0.609375 -0.640625
vt 0.531250 -0.687500
vt 0.125000 -0.640625
vt 0.531250 -0.687500
vt 0.296875 -0.687500
vt 0.125000 -0.640625
vt 0.015625 -0.609375
vt 0.031250 -0.609375
vt 0.015625 -0.140625
vt 0.031250 -0.609375
vt 0.031250 -0.234375
vt 0.015625 -0.140625
vt 0.015625 -0.140625
vt 0.031250 -0.234375
vt 0.109375 -0.140625
vt 0.031250 -0.234375
vt 0.093750 -0.234375
vt 0.109375 -0.140625
vt 0.109375 -0.140625
vt 0.093750 -0.234375
vt 0.109375 -0.609375
vt 0.093750 -0.234375
vt 0.093750 -0.609375
vt 0.109375 -0.609375
vt 0.984375 -1.984375
vt 0.890625 -1.984375
vt 0.984375 -1.515625
vt 0.890625 -1.984375
vt 0.890625 -1.515625
vt 0.984375 -1.515625
vt 0.984375 -1.515625
vt 0.890625 -1.515625
vt 0.984375 -1.984375
vt 0.890625 -1.515625
vt 0.890625 -1.984375
vt 0.984375 -1.984375
vt 0.984375 -0.984375
vt 0.890625 -0.890625
vt 0.984375 -0.515625
vt 0.890625 -0.890625
vt 0.890625 -0.515625
vt 0.984375 -0.515625
vt 0.984375 -0.515625
vt 0.890625 -0.515625
vt 0.984375 -0.984375
vt 0.890625 -0.515625
vt 0.890625 -0.890625
vt 0.984375 -0.984375
vt 0.640625 -0.984375
vt 0.796875 -0.640625
vt 0.859375 -0.984375
vt 0.796875 -0.640625
vt 0.859375 -0.640625
vt 0.859375 -0.984375
vt 0.859375 -0.984375
vt 0.859375 -0.640625
vt 0.640625 -0.984375
vt 0.859375 -0.640625
vt 0.796875 -0.640625
vt 0.640625 -0.984375
vt 0.859375 -0.609375
vt 0.859375 -0.515625
vt 0.765625 -0.515625
vt 0.765625 -0.515625
vt 0.765625 -0.609375
vt 0.859375 -0.609375
vt 0.765625 -0.515625
vt 0.765625 -0.609375
vt 0.859375 -0.609375
vt 0.859375 -0.609375
vt 0.859375 -0.515625
vt 0.765625 -0.515625
vt 0.765625 -0.140625
vt 0.765625 -0.484375
vt 0.953125 -0.484375
vt 0.953125 -0.484375
vt 0.953125 -0.140625
vt 0.765625 -0.140625
vt 0.953125 -0.140625
vt 0.765625 -0.140625
vt 0.765625 -0.484375
vt 0.765625 -0.484375
vt 0.953125 -0.484375
vt 0.953125 -0.140625
vt 0.953125 -0.484375
vt 0.953125 -0.140625
vt 0.765625 -0.140625
vt 0.765625 -0.140625
vt 0.765625 -0.484375
vt 0.953125 -0.484375
vt 0.765625 -0.140625
vt 0.765625 -0.484375
vt 0.953125 -0.484375
vt 0.953125 -0.484375
vt 0.953125 -0.140625
vt 0.765625 -0.140625
vt 0.765625 -0.140625
vt 0.765625 -0.484375
vt 0.953125 -0.484375
vt 0.953125 -0.484375
vt 0.953125 -0.140625
vt 0.765625 -0.140625
vt 0.093750 -1.140625
vt 0.093750 -1.609375
vt 0.656250 -1.609375
vt 0.656250 -1.609375
vt 0.656250 -1.140625
vt 0.093750 -1.140625
vt 0.656250 -1.140625
vt 0.093750 -1.140625
vt 0.093750 -1.609375
vt 0.093750 -1.609375
vt 0.656250 -1.609375
vt 0.656250 -1.140625
vt 0.546875 -0.234375
vt 0.203125 -0.234375
vt 0.203125 -0.531250
vt 0.203125 -0.531250
vt 0.546875 -0.531250
vt 0.546875 -0.234375
vt 0.859375 -0.609375
vt 0.859375 -0.515625
vt 0.765625 -0.515625
vt 0.765625 -0.515625
vt 0.765625 -0.609375
vt 0.859375 -0.609375
vt 0.955078 -0.713867
vt 0.955078 -0.519531
vt 0.940430 -0.519531
vt 0.940430 -0.519531
vt 0.940430 -0.713867
vt 0.955078 -0.713867
vt 0.949219 -0.710938
vt 0.949219 -0.516602
vt 0.935547 -0.516602
vt 0.935547 -0.516602
vt 0.935547 -0.710938
vt 0.949219 -0.710938
vt 0.765625 -0.515625
vt 0.765625 -0.609375
vt 0.859375 -0.609375
vt 0.859375 -0.609375
vt 0.859375 -0.515625
vt 0.765625 -0.515625
vt 0.859375 -0.609375
vt 0.859375 -0.515625
vt 0.765625 -0.515625
vt 0.765625 -0.515625
vt 0.765625 -0.609375
vt 0.859375 -0.609375
vt 0.765625 -0.484375
vt 0.953125 -0.484375
vt 0.953125 -0.140625
vt 0.953125 -0.140625
vt 0.765625 -0.140625
vt 0.765625 -0.484375
vt 0.859375 -0.609375
vt 0.859375 -0.515625
vt 0.765625 -0.515625
vt 0.765625 -0.515625
vt 0.765625 -0.609375
vt 0.859375 -0.609375
vt 0.203125 -0.234375
vt 0.203125 -0.531250
vt 0.546875 -0.531250
vt 0.546875 -0.531250
vt 0.546875 -0.234375
vt 0.203125 -0.234375
vt 0.015625 -0.109375
vt 0.859375 -0.109375
vt 0.859375 -0.015625
vt 0.859375 -0.015625
vt 0.015625 -0.015625
vt 0.015625 -0.109375
vt 0.015625 -0.109375
vt 0.859375 -0.109375
vt 0.859375 -0.015625
vt 0.859375 -0.015625
vt 0.015625 -0.015625
vt 0.015625 -0.109375
vt 0.015625 -0.015625
vt 0.015625 -0.109375
vt 0.859375 -0.109375
vt 0.859375 -0.109375
vt 0.859375 -0.015625
vt 0.015625 -0.015625
vt 0.984375 -0.109375
vt 0.984375 -0.015625
vt 0.890625 -0.015625
vt 0.890625 -0.015625
vt 0.890625 -0.109375
vt 0.984375 -0.109375
vt 0.015625 -0.015625
vt 0.015625 -0.109375
vt 0.859375 -0.109375
vt 0.859375 -0.109375
vt 0.859375 -0.015625
vt 0.015625 -0.015625
vt 0.984375 -0.015625
vt 0.890625 -0.015625
vt 0.890625 -0.109375
vt 0.890625 -0.109375
vt 0.984375 -0.109375
vt 0.984375 -0.015625
vt 0.765625 -0.515625
vt 0.765625 -0.609375
vt 0.859375 -0.609375
vt 0.859375 -0.609375
vt 0.859375 -0.515625
vt 0.765625 -0.515625
vt 0.969727 -0.525391
vt 0.930664 -0.525391
vt 0.930664 -0.720703
vt 0.930664 -0.720703
vt 0.969727 -0.720703
vt 0.969727 -0.525391
vt 0.928711 -0.722656
vt 0.967773 -0.722656
vt 0.967773 -0.527344
vt 0.967773 -0.527344
vt 0.928711 -0.527344
vt 0.928711 -0.722656
vt 0.859375 -0.609375
vt 0.859375 -0.515625
vt 0.765625 -0.515625
vt 0.765625 -0.515625
vt 0.765625 -0.609375
vt 0.859375 -0.609375
vt 0.859375 -0.609375
vt 0.859375 -0.515625
vt 0.765625 -0.515625
vt 0.765625 -0.515625
vt 0.765625 -0.609375
vt 0.859375 -0.609375
vt 0.546875 -0.234375
vt 0.203125 -0.234375
vt 0.203125 -0.531250
vt 0.203125 -0.531250
vt 0.546875 -0.531250
vt 0.546875 -0.234375
usemtl t1_s01_1
f 4913/4913 4915/4915 4914/4914
f 4916/4916 4918/4918 4917/4917
f 4919/4919 4921/4921 4920/4920
f 4922/4922 4924/4924 4923/4923
f 4925/4925 4927/4927 4926/4926
f 4928/4928 4930/4930 4929/4929
f 4931/4931 4933/4933 4932/4932
f 4934/4934 4936/4936 4935/4935
f 4937/4937 4939/4939 4938/4938
f 4940/4940 4942/4942 4941/4941
f 4943/4943 4945/4945 4944/4944
f 4946/4946 4948/4948 4947/4947
f 4949/4949 4951/4951 4950/4950
f 4952/4952 4954/4954 4953/4953
f 4955/4955 4957/4957 4956/4956
f 4958/4958 4960/4960 4959/4959
f 4961/4961 4963/4963 4962/4962
f 4964/4964 4966/4966 4965/4965
f 4967/4967 4969/4969 4968/4968
f 4970/4970 4972/4972 4971/4971
f 4973/4973 4975/4975 4974/4974
f 4976/4976 4978/4978 4977/4977
f 4979/4979 4981/4981 4980/4980
f 4982/4982 4984/4984 4983/4983
f 4985/4985 4987/4987 4986/4986
f 4988/4988 4990/4990 4989/4989
f 4991/4991 4993/4993 4992/4992
f 4994/4994 4996/4996 4995/4995
f 4997/4997 4999/4999 4998/4998
f 5000/5000 5002/5002 5001/5001
f 5003/5003 5005/5005 5004/5004
f 5006/5006 5008/5008 5007/5007
f 5009/5009 5011/5011 5010/5010
f 5012/5012 5014/5014 5013/5013
f 5015/5015 5017/5017 5016/5016
f 5018/5018 5020/5020 5019/5019
f 5021/5021 5023/5023 5022/5022
f 5024/5024 5026/5026 5025/5025
f 5027/5027 5029/5029 5028/5028
f 5030/5030 5032/5032 5031/5031
f 5033/5033 5035/5035 5034/5034
f 5036/5036 5038/5038 5037/5037
f 5039/5039 5041/5041 5040/5040
f 5042/5042 5044/5044 5043/5043
f 5045/5045 5047/5047 5046/5046
f 5048/5048 5050/5050 5049/5049
f 5051/5051 5053/5053 5052/5052
f 5054/5054 5056/5056 5055/5055
f 5057/5057 5059/5059 5058/5058
f 5060/5060 5062/5062 5061/5061
f 5063/5063 5065/5065 5064/5064
f 5066/5066 5068/5068 5067/5067
f 5069/5069 5071/5071 5070/5070
f 5072/5072 5074/5074 5073/5073
f 5075/5075 5077/5077 5076/5076
f 5078/5078 5080/5080 5079/5079
f 5081/5081 5083/5083 5082/5082
f 5084/5084 5086/5086 5085/5085
f 5087/5087 5089/5089 5088/5088
f 5090/5090 5092/5092 5091/5091
f 5093/5093 5095/5095 5094/5094
f 5096/5096 5098/5098 5097/5097
f 5099/5099 5101/5101 5100/5100
f 5102/5102 5104/5104 5103/5103
f 5105/5105 5107/5107 5106/5106
f 5108/5108 5110/5110 5109/5109
f 5111/5111 5113/5113 5112/5112
f 5114/5114 5116/5116 5115/5115
f 5117/5117 5119/5119 5118/5118
f 5120/5120 5122/5122 5121/5121
f 5123/5123 5125/5125 5124/5124
f 5126/5126 5128/5128 5127/5127
f 5129/5129 5131/5131 5130/5130
f 5132/5132 5134/5134 5133/5133
f 5135/5135 5137/5137 5136/5136
f 5138/5138 5140/5140 5139/5139
f 5141/5141 5143/5143 5142/5142
f 5144/5144 5146/5146 5145/5145
f 5147/5147 5149/5149 5148/5148
f 5150/5150 5152/5152 5151/5151
f 5153/5153 5155/5155 5154/5154
f 5156/5156 5158/5158 5157/5157
f 5159/5159 5161/5161 5160/5160
f 5162/5162 5164/5164 5163/5163
f 5165/5165 5167/5167 5166/5166
f 5168/5168 5170/5170 5169/5169
f 5171/5171 5173/5173 5172/5172
f 5174/5174 5176/5176 5175/5175
f 5177/5177 5179/5179 5178/5178
f 5180/5180 5182/5182 5181/5181
f 5183/5183 5185/5185 5184/5184
f 5186/5186 5188/5188 5187/5187
f 5189/5189 5191/5191 5190/5190
f 5192/5192 5194/5194 5193/5193
f 5195/5195 5197/5197 5196/5196
f 5198/5198 5200/5200 5199/5199
f 5201/5201 5203/5203 5202/5202
f 5204/5204 5206/5206 5205/5205
f 5207/5207 5209/5209 5208/5208
f 5210/5210 5212/5212 5211/5211
f 5213/5213 5215/5215 5214/5214
f 5216/5216 5218/5218 5217/5217
f 5219/5219 5221/5221 5220/5220
f 5222/5222 5224/5224 5223/5223
f 5225/5225 5227/5227 5226/5226
f 5228/5228 5230/5230 5229/5229
f 5231/5231 5233/5233 5232/5232
f 5234/5234 5236/5236 5235/5235
f 5237/5237 5239/5239 5238/5238
f 5240/5240 5242/5242 5241/5241
f 5243/5243 5245/5245 5244/5244
f 5246/5246 5248/5248 5247/5247
f 5249/5249 5251/5251 5250/5250
f 5252/5252 5254/5254 5253/5253
f 5255/5255 5257/5257 5256/5256
f 5258/5258 5260/5260 5259/5259
f 5261/5261 5263/5263 5262/5262
f 5264/5264 5266/5266 5265/5265
v 14.324580 0.582861 9.450489
v 14.324580 0.025000 9.449512
v 14.324580 0.582865 7.609425
v 14.324580 0.025000 9.449512
v 14.324580 0.025003 7.609424
v 14.324580 0.582865 7.609425
v 14.324580 0.582865 7.609425
v 14.324580 0.025003 7.609424
v 14.324580 0.582866 7.109425
v 14.324580 0.025003 7.609424
v 14.324580 0.025004 7.109424
v 14.324580 0.582866 7.109425
v 14.324580 0.582857 11.790577
v 14.324580 0.024996 11.790576
v 14.324580 0.582858 11.300098
v 14.324580 0.024996 11.790576
v 14.324580 0.024997 11.300097
v 14.324580 0.582858 11.300098
v 14.324580 0.582858 11.300098
v 14.324580 0.024997 11.300097
v 14.324580 0.582858 11.149952
v 14.324580 0.024997 11.300097
v 14.324580 0.024997 11.149951
v 14.324580 0.582858 11.149952
v 14.239619 4.176367 9.548396
v 14.239619 4.176367 9.351619
v 14.239620 5.314307 9.351621
v 14.239620 5.314307 9.351621
v 14.239620 5.314307 9.548398
v 14.239619 4.176367 9.548396
v 16.750851 0.024996 11.790576
v 16.750851 0.582857 11.790577
v 17.410763 0.582857 11.790577
v 17.410763 0.582857 11.790577
v 17.410763 0.024996 11.790576
v 16.750851 0.024996 11.790576
v 16.750851 0.582865 7.109425
v 16.750851 0.025004 7.109424
v 17.410763 0.025004 7.109424
v 17.410763 0.025004 7.109424
v 17.410763 0.582865 7.109425
v 16.750851 0.582865 7.109425
v 14.940059 0.582857 11.790577
v 14.940059 0.024996 11.790576
v 14.324580 0.024996 11.790576
v 14.324580 0.024996 11.790576
v 14.324580 0.582857 11.790577
v 14.940059 0.582857 11.790577
v 14.940059 0.582866 7.109425
v 14.940059 0.025004 7.109424
v 16.750851 0.025004 7.109424
v 16.750851 0.025004 7.109424
v 16.750851 0.582865 7.109425
v 14.940059 0.582866 7.109425
v 15.096065 2.842144 6.863823
v 16.639278 2.842144 6.863823
v 16.639278 3.968853 6.863826
v 16.639278 3.968853 6.863826
v 15.096065 3.968853 6.863826
v 15.096065 2.842144 6.863823
v 14.999629 4.002056 6.746638
v 16.735714 4.002056 6.746638
v 16.735714 4.224956 6.746638
v 16.735714 4.224956 6.746638
v 14.999629 4.224956 6.746638
v 14.999629 4.002056 6.746638
v 14.999629 4.224954 7.998103
v 14.999629 4.224956 6.746638
v 16.735714 4.224956 6.746638
v 16.735714 4.224956 6.746638
v 16.735714 4.224954 7.998103
v 14.999629 4.224954 7.998103
v 14.999629 4.002054 7.807429
v 14.999629 4.002056 6.746638
v 14.999629 4.224956 6.746638
v 14.999629 4.224956 6.746638
v 14.999629 4.224954 7.998103
v 14.999629 4.002054 7.807429
v 15.337276 3.945652 11.147029
v 14.854854 3.945652 11.147029
v 14.854855 5.116062 11.147031
v 14.854855 5.116062 11.147031
v 15.337276 5.116062 11.147031
v 15.337276 3.945652 11.147029
v 14.854854 4.633885 10.561825
v 15.337276 4.633885 10.561825
v 15.337276 5.116063 10.561826
v 15.337276 5.116063 10.561826
v 14.854855 5.116063 10.561826
v 14.854854 4.633885 10.561825
v 14.854855 5.116062 11.147031
v 14.854855 5.116063 10.561826
v 15.337276 5.116063 10.561826
v 15.337276 5.116063 10.561826
v 15.337276 5.116062 11.147031
v 14.854855 5.116062 11.147031
v 14.854854 3.945652 11.147029
v 14.854854 4.633885 10.561825
v 14.854855 5.116063 10.561826
v 14.854855 5.116063 10.561826
v 14.854855 5.116062 11.147031
v 14.854854 3.945652 11.147029
v 16.880489 3.945652 11.147029
v 16.398067 3.945652 11.147029
v 16.398067 5.116062 11.147031
v 16.398067 5.116062 11.147031
v 16.880489 5.116062 11.147031
v 16.880489 3.945652 11.147029
v 16.398067 4.633885 10.561825
v 16.880489 4.633885 10.561825
v 16.880489 5.116063 10.561826
v 16.880489 5.116063 10.561826
v 16.398067 5.116063 10.561826
v 16.398067 4.633885 10.561825
v 16.398067 5.116062 11.147031
v 16.398067 5.116063 10.561826
v 16.880489 5.116063 10.561826
v 16.880489 5.116063 10.561826
v 16.880489 5.116062 11.147031
v 16.398067 5.116062 11.147031
v 16.398067 3.945652 11.147029
v 16.398067 4.633885 10.561825
v 16.398067 5.116063 10.561826
v 16.398067 5.116063 10.561826
v 16.398067 5.116062 11.147031
v 16.398067 3.945652 11.147029
v 14.314815 4.176367 9.646785
v 14.239619 4.176367 9.548396
v 14.239620 5.314307 9.548398
v 14.239620 5.314307 9.548398
v 14.314816 5.314306 9.646787
v 14.314815 4.176367 9.646785
v 14.500606 1.905371 9.801078
v 15.096065 1.905370 9.801078
v 15.096065 0.024999 9.801074
v 15.096065 0.024999 9.801074
v 14.500606 0.582861 9.801075
v 14.500606 1.905371 9.801078
v 14.500606 0.024997 11.149951
v 14.500606 0.024999 9.801074
v 15.096065 0.024999 9.801074
v 15.096065 0.024999 9.801074
v 15.096065 0.024997 11.149951
v 14.500606 0.024997 11.149951
v 14.239619 4.176367 9.351619
v 14.314815 4.176368 9.253230
v 14.314816 5.314307 9.253232
v 14.314816 5.314307 9.253232
v 14.239620 5.314307 9.351621
v 14.239619 4.176367 9.351619
v 15.096065 0.024997 11.149951
v 15.096065 1.905368 11.149955
v 14.500606 1.905368 11.149955
v 14.500606 1.905368 11.149955
v 14.500606 0.582858 11.149952
v 15.096065 0.024997 11.149951
v 14.324580 0.024999 9.801074
v 14.324580 0.582861 9.801075
v 14.500606 0.582861 9.801075
v 14.500606 0.582861 9.801075
v 14.500606 0.024999 9.801074
v 14.324580 0.024999 9.801074
v 14.324580 0.582858 11.149952
v 14.324580 0.024997 11.149951
v 14.500606 0.024997 11.149951
v 14.500606 0.024997 11.149951
v 14.500606 0.582858 11.149952
v 14.324580 0.582858 11.149952
v 14.324580 0.582861 9.801075
v 14.324580 1.905371 9.801078
v 14.500606 1.905371 9.801078
v 14.500606 1.905371 9.801078
v 14.500606 0.582861 9.801075
v 14.324580 0.582861 9.801075
v 14.324580 1.905368 11.149955
v 14.324580 0.582858 11.149952
v 14.500606 0.582858 11.149952
v 14.500606 0.582858 11.149952
v 14.500606 1.905368 11.149955
v 14.324580 1.905368 11.149955
v 14.324580 0.582861 9.450489
v 14.324580 0.582861 9.801075
v 14.324580 0.024999 9.801074
v 14.324580 0.024999 9.801074
v 14.324580 0.025000 9.449512
v 14.324580 0.582861 9.450489
v 14.940059 0.582857 11.790577
v 16.750851 0.582857 11.790577
v 16.750851 0.024996 11.790576
v 16.750851 0.024996 11.790576
v 14.940059 0.024996 11.790576
v 14.940059 0.582857 11.790577
v 14.037715 2.417085 12.024712
v 14.037716 5.308203 9.684140
v 14.037716 5.667334 9.684141
v 14.037716 5.667334 9.684141
v 14.037715 2.608980 12.206841
v 14.037715 2.417085 12.024712
v 14.037716 5.308204 9.215878
v 14.037715 2.417095 6.875298
v 14.037715 2.608990 6.706352
v 14.037715 2.608990 6.706352
v 14.037716 5.667335 9.215879
v 14.037716 5.308204 9.215878
v 14.037716 5.667334 9.684141
v 14.037716 5.308203 9.684140
v 14.037716 5.308204 9.215878
v 14.037716 5.308204 9.215878
v 14.037716 5.667335 9.215879
v 14.037716 5.667334 9.684141
v 15.096065 1.905370 9.801078
v 15.096065 1.905368 11.149955
v 15.096065 0.024997 11.149951
v 15.096065 0.024997 11.149951
v 15.096065 0.024999 9.801074
v 15.096065 1.905370 9.801078
v 14.324580 0.025004 7.109424
v 14.940059 0.025004 7.109424
v 14.940059 0.582866 7.109425
v 14.940059 0.582866 7.109425
v 14.324580 0.582866 7.109425
v 14.324580 0.025004 7.109424
v 15.096065 3.968851 7.794246
v 15.096065 2.842144 6.863823
v 15.096065 3.968853 6.863826
v 15.096065 0.024999 9.801074
v 14.500606 0.024999 9.801074
v 14.500606 0.582861 9.801075
v 14.500606 0.582858 11.149952
v 14.500606 0.024997 11.149951
v 15.096065 0.024997 11.149951
vt 0.765625 -1.390625
vt 0.765625 -1.484375
vt 0.930664 -1.390625
vt 0.765625 -1.484375
vt 0.930664 -1.484375
vt 0.930664 -1.390625
vt 0.930664 -1.390625
vt 0.930664 -1.484375
vt 0.984375 -1.390625
vt 0.930664 -1.484375
vt 0.984375 -1.484375
vt 0.984375 -1.390625
vt 0.765625 -1.390625
vt 0.765625 -1.484375
vt 0.893555 -1.390625
vt 0.765625 -1.484375
vt 0.893555 -1.484375
vt 0.893555 -1.390625
vt 0.893555 -1.390625
vt 0.893555 -1.484375
vt 0.984375 -1.390625
vt 0.893555 -1.484375
vt 0.984375 -1.484375
vt 0.984375 -1.390625
vt -0.734375 -0.859375
vt -0.640625 -0.859375
vt -0.640625 -0.515625
vt -0.640625 -0.515625
vt -0.734375 -0.515625
vt -0.734375 -0.859375
vt -0.015625 -0.484375
vt -0.015625 -0.390625
vt -0.234375 -0.390625
vt -0.234375 -0.390625
vt -0.234375 -0.484375
vt -0.015625 -0.484375
vt -0.234375 -0.390625
vt -0.234375 -0.484375
vt -0.015625 -0.484375
vt -0.015625 -0.484375
vt -0.015625 -0.390625
vt -0.234375 -0.390625
vt -0.234375 -0.390625
vt -0.234375 -0.484375
vt -0.015625 -0.484375
vt -0.015625 -0.484375
vt -0.015625 -0.390625
vt -0.234375 -0.390625
vt -0.234375 -0.390625
vt -0.234375 -0.484375
vt -0.015625 -0.484375
vt -0.015625 -0.484375
vt -0.015625 -0.390625
vt -0.234375 -0.390625
vt 0.015625 -1.359375
vt 0.484375 -1.359375
vt 0.484375 -1.015625
vt 0.484375 -1.015625
vt 0.015625 -1.015625
vt 0.015625 -1.359375
vt -0.484375 -0.015625
vt -0.484375 -0.109375
vt -0.390625 -0.109375
vt -0.390625 -0.109375
vt -0.390625 -0.015625
vt -0.484375 -0.015625
vt 0.015625 -0.484375
vt 0.484375 -0.484375
vt 0.484375 -0.390625
vt 0.484375 -0.390625
vt 0.015625 -0.390625
vt 0.015625 -0.484375
vt -0.484375 -0.015625
vt -0.484375 -0.109375
vt -0.390625 -0.109375
vt -0.390625 -0.109375
vt -0.390625 -0.015625
vt -0.484375 -0.015625
vt -0.984375 -0.984375
vt -0.765625 -0.984375
vt -0.765625 -0.515625
vt -0.765625 -0.515625
vt -0.984375 -0.515625
vt -0.984375 -0.984375
vt -0.984375 -0.750000
vt -0.765625 -0.750000
vt -0.765625 -0.515625
vt -0.765625 -0.515625
vt -0.984375 -0.515625
vt -0.984375 -0.750000
vt -0.484375 -0.140625
vt -0.484375 -0.359375
vt -0.265625 -0.359375
vt -0.265625 -0.359375
vt -0.265625 -0.140625
vt -0.484375 -0.140625
vt -0.984375 -0.984375
vt -0.765625 -0.734375
vt -0.765625 -0.515625
vt -0.765625 -0.515625
vt -0.984375 -0.515625
vt -0.984375 -0.984375
vt -0.984375 -0.984375
vt -0.765625 -0.984375
vt -0.765625 -0.515625
vt -0.765625 -0.515625
vt -0.984375 -0.515625
vt -0.984375 -0.984375
vt -0.984375 -0.750000
vt -0.765625 -0.750000
vt -0.765625 -0.515625
vt -0.765625 -0.515625
vt -0.984375 -0.515625
vt -0.984375 -0.750000
vt -0.484375 -0.140625
vt -0.484375 -0.359375
vt -0.265625 -0.359375
vt -0.265625 -0.359375
vt -0.265625 -0.140625
vt -0.484375 -0.140625
vt -0.984375 -0.984375
vt -0.765625 -0.734375
vt -0.765625 -0.515625
vt -0.765625 -0.515625
vt -0.984375 -0.515625
vt -0.984375 -0.984375
vt -0.609375 -0.859375
vt -0.515625 -0.859375
vt -0.515625 -0.515625
vt -0.515625 -0.515625
vt -0.609375 -0.515625
vt -0.609375 -0.859375
vt -0.185547 -0.041992
vt -0.205078 -0.041992
vt -0.205078 -0.090820
vt -0.205078 -0.090820
vt -0.185547 -0.078125
vt -0.185547 -0.041992
vt -0.234375 -0.234375
vt -0.015625 -0.234375
vt -0.015625 -0.015625
vt -0.015625 -0.015625
vt -0.234375 -0.015625
vt -0.234375 -0.234375
vt -0.609375 -0.859375
vt -0.515625 -0.859375
vt -0.515625 -0.515625
vt -0.515625 -0.515625
vt -0.609375 -0.515625
vt -0.609375 -0.859375
vt -0.182617 -0.086914
vt -0.182617 -0.031250
vt -0.205078 -0.031250
vt -0.205078 -0.031250
vt -0.205078 -0.072266
vt -0.182617 -0.086914
vt -0.015625 -0.484375
vt -0.015625 -0.390625
vt -0.234375 -0.390625
vt -0.234375 -0.390625
vt -0.234375 -0.484375
vt -0.015625 -0.484375
vt -0.234375 -0.390625
vt -0.234375 -0.484375
vt -0.015625 -0.484375
vt -0.015625 -0.484375
vt -0.015625 -0.390625
vt -0.234375 -0.390625
vt 0.815430 -0.330078
vt 0.815430 -0.294922
vt 0.812500 -0.294922
vt 0.812500 -0.294922
vt 0.812500 -0.330078
vt 0.815430 -0.330078
vt 0.790039 -0.291016
vt 0.790039 -0.332031
vt 0.792969 -0.332031
vt 0.792969 -0.332031
vt 0.792969 -0.291016
vt 0.790039 -0.291016
vt 0.984375 -1.390625
vt 0.765625 -1.390625
vt 0.765625 -1.484375
vt 0.765625 -1.484375
vt 0.984375 -1.484375
vt 0.984375 -1.390625
vt -0.015625 -0.390625
vt -0.234375 -0.390625
vt -0.234375 -0.484375
vt -0.234375 -0.484375
vt -0.015625 -0.484375
vt -0.015625 -0.390625
vt 0.640625 -0.109375
vt 0.734375 -0.109375
vt 0.734375 -0.015625
vt 0.734375 -0.015625
vt 0.640625 -0.015625
vt 0.640625 -0.109375
vt 0.640625 -0.015625
vt 0.640625 -0.109375
vt 0.734375 -0.109375
vt 0.734375 -0.109375
vt 0.734375 -0.015625
vt 0.640625 -0.015625
vt 0.734375 -0.015625
vt 0.640625 -0.015625
vt 0.640625 -0.109375
vt 0.640625 -0.109375
vt 0.734375 -0.109375
vt 0.734375 -0.015625
vt -0.182617 -0.037109
vt -0.215820 -0.037109
vt -0.215820 -0.079102
vt -0.215820 -0.079102
vt -0.182617 -0.079102
vt -0.182617 -0.037109
vt -0.234375 -0.484375
vt -0.015625 -0.484375
vt -0.015625 -0.390625
vt -0.015625 -0.390625
vt -0.234375 -0.390625
vt -0.234375 -0.484375
vt 0.390625 -1.015625
vt 0.484375 -1.359375
vt 0.484375 -1.015625
vt -0.205078 -0.090820
vt -0.185547 -0.090820
vt -0.185547 -0.078125
vt -0.205078 -0.072266
vt -0.205078 -0.086914
vt -0.182617 -0.086914
usemtl t1_s01_2
f 5267/5267 5269/5269 5268/5268
f 5270/5270 5272/5272 5271/5271
f 5273/5273 5275/5275 5274/5274
f 5276/5276 5278/5278 5277/5277
f 5279/5279 5281/5281 5280/5280
f 5282/5282 5284/5284 5283/5283
f 5285/5285 5287/5287 5286/5286
f 5288/5288 5290/5290 5289/5289
f 5291/5291 5293/5293 5292/5292
f 5294/5294 5296/5296 5295/5295
f 5297/5297 5299/5299 5298/5298
f 5300/5300 5302/5302 5301/5301
f 5303/5303 5305/5305 5304/5304
f 5306/5306 5308/5308 5307/5307
f 5309/5309 5311/5311 5310/5310
f 5312/5312 5314/5314 5313/5313
f 5315/5315 5317/5317 5316/5316
f 5318/5318 5320/5320 5319/5319
f 5321/5321 5323/5323 5322/5322
f 5324/5324 5326/5326 5325/5325
f 5327/5327 5329/5329 5328/5328
f 5330/5330 5332/5332 5331/5331
f 5333/5333 5335/5335 5334/5334
f 5336/5336 5338/5338 5337/5337
f 5339/5339 5341/5341 5340/5340
f 5342/5342 5344/5344 5343/5343
f 5345/5345 5347/5347 5346/5346
f 5348/5348 5350/5350 5349/5349
f 5351/5351 5353/5353 5352/5352
f 5354/5354 5356/5356 5355/5355
f 5357/5357 5359/5359 5358/5358
f 5360/5360 5362/5362 5361/5361
f 5363/5363 5365/5365 5364/5364
f 5366/5366 5368/5368 5367/5367
f 5369/5369 5371/5371 5370/5370
f 5372/5372 5374/5374 5373/5373
f 5375/5375 5377/5377 5376/5376
f 5378/5378 5380/5380 5379/5379
f 5381/5381 5383/5383 5382/5382
f 5384/5384 5386/5386 5385/5385
f 5387/5387 5389/5389 5388/5388
f 5390/5390 5392/5392 5391/5391
f 5393/5393 5395/5395 5394/5394
f 5396/5396 5398/5398 5397/5397
f 5399/5399 5401/5401 5400/5400
f 5402/5402 5404/5404 5403/5403
f 5405/5405 5407/5407 5406/5406
f 5408/5408 5410/5410 5409/5409
f 5411/5411 5413/5413 5412/5412
f 5414/5414 5416/5416 5415/5415
f 5417/5417 5419/5419 5418/5418
f 5420/5420 5422/5422 5421/5421
f 5423/5423 5425/5425 5424/5424
f 5426/5426 5428/5428 5427/5427
f 5429/5429 5431/5431 5430/5430
f 5432/5432 5434/5434 5433/5433
f 5435/5435 5437/5437 5436/5436
f 5438/5438 5440/5440 5439/5439
f 5441/5441 5443/5443 5442/5442
f 5444/5444 5446/5446 5445/5445
f 5447/5447 5449/5449 5448/5448
f 5450/5450 5452/5452 5451/5451
f 5453/5453 5455/5455 5454/5454
f 5456/5456 5458/5458 5457/5457
f 5459/5459 5461/5461 5460/5460
f 5462/5462 5464/5464 5463/5463
f 5465/5465 5467/5467 5466/5466
f 5468/5468 5470/5470 5469/5469
f 5471/5471 5473/5473 5472/5472
f 5474/5474 5476/5476 5475/5475
f 5477/5477 5479/5479 5478/5478
f 5480/5480 5482/5482 5481/5481
f 5483/5483 5485/5485 5484/5484
f 5486/5486 5488/5488 5487/5487
f 5489/5489 5491/5491 5490/5490
f 5492/5492 5494/5494 5493/5493
f 5495/5495 5497/5497 5496/5496
v 15.055049 0.618754 7.200001
v 16.742550 0.618754 7.200001
v 16.742550 2.056254 7.200004
v 16.742550 2.056254 7.200004
v 15.055049 2.056254 7.200004
v 15.055049 0.618754 7.200001
v 15.305049 2.931255 6.950006
v 16.430050 2.931255 6.950006
v 16.430050 3.868755 6.950007
v 16.430050 3.868755 6.950007
v 15.305049 3.868755 6.950007
v 15.305049 2.931255 6.950006
v 14.430049 0.681250 9.262501
v 14.430049 0.681253 7.825001
v 14.430049 2.056253 7.825004
v 14.430049 2.056253 7.825004
v 14.430049 2.056251 9.262504
v 14.430049 0.681250 9.262501
v 14.430049 2.608008 9.327690
v 14.430049 2.608011 8.118950
v 14.430049 3.681253 8.118952
v 14.430049 3.681253 8.118952
v 14.430049 3.681251 9.327692
v 14.430049 2.608008 9.327690
v 14.430049 2.608006 10.794243
v 14.430049 2.608008 9.579155
v 14.430049 3.681250 9.579157
v 14.430049 3.681250 9.579157
v 14.430049 3.681248 10.794245
v 14.430049 2.608006 10.794243
v 16.902706 0.237398 11.651417
v 14.884639 0.237398 11.651417
v 14.884639 2.176607 11.651420
v 14.884639 2.176607 11.651420
v 16.902706 2.176607 11.651420
v 16.902706 0.237398 11.651417
vt -0.484375 -0.609375
vt -0.265625 -0.609375
vt -0.265625 -0.390625
vt -0.265625 -0.390625
vt -0.484375 -0.390625
vt -0.484375 -0.609375
vt -0.484375 -0.609375
vt -0.265625 -0.609375
vt -0.265625 -0.390625
vt -0.265625 -0.390625
vt -0.484375 -0.390625
vt -0.484375 -0.609375
vt -0.484375 -0.609375
vt -0.265625 -0.609375
vt -0.265625 -0.390625
vt -0.265625 -0.390625
vt -0.484375 -0.390625
vt -0.484375 -0.609375
vt -0.484375 -0.609375
vt -0.265625 -0.609375
vt -0.265625 -0.390625
vt -0.265625 -0.390625
vt -0.484375 -0.390625
vt -0.484375 -0.609375
vt -0.484375 -0.609375
vt -0.265625 -0.609375
vt -0.265625 -0.390625
vt -0.265625 -0.390625
vt -0.484375 -0.390625
vt -0.484375 -0.609375
vt -1.000000 -1.000000
vt 0.000000 -1.000000
vt 0.000000 0.000000
vt 0.000000 0.000000
vt -1.000000 0.000000
vt -1.000000 -1.000000
usemtl light
f 5498/5498 5500/5500 5499/5499
f 5501/5501 5503/5503 5502/5502
f 5504/5504 5506/5506 5505/5505
f 5507/5507 5509/5509 5508/5508
f 5510/5510 5512/5512 5511/5511
f 5513/5513 5515/5515 5514/5514
f 5516/5516 5518/5518 5517/5517
f 5519/5519 5521/5521 5520/5520
f 5522/5522 5524/5524 5523/5523
f 5525/5525 5527/5527 5526/5526
f 5528/5528 5530/5530 5529/5529
f 5531/5531 5533/5533 5532/5532
v 14.180049 -0.006244 6.450000
v 17.117550 -0.006245 6.450000
v 14.180049 -0.006245 6.887500
v 17.117550 -0.006245 6.450000
v 17.680050 -0.006245 6.887500
v 14.180049 -0.006245 6.887500
v 14.180049 -0.006245 6.887500
v 17.680050 -0.006245 6.887500
v 14.180049 -0.006255 12.012500
v 17.680050 -0.006245 6.887500
v 17.680050 -0.006255 12.012500
v 14.180049 -0.006255 12.012500
v 13.805049 -0.006244 6.450000
v 14.180049 -0.006244 6.450000
v 13.805049 -0.006245 6.887500
v 14.180049 -0.006244 6.450000
v 14.180049 -0.006245 6.887500
v 13.805049 -0.006245 6.887500
v 13.805049 -0.006245 6.887500
v 14.180049 -0.006245 6.887500
v 13.805049 -0.006253 11.325000
v 14.180049 -0.006245 6.887500
v 14.180049 -0.006255 12.012500
v 13.805049 -0.006253 11.325000
vt 1.000000 0.500000
vt 1.000000 1.000000
vt 0.500000 0.500000
vt 1.000000 1.000000
vt 0.500000 1.000000
vt 0.500000 0.500000
vt 0.500000 0.500000
vt 0.500000 1.000000
vt 0.000000 0.500000
vt 0.500000 1.000000
vt 0.000000 1.000000
vt 0.000000 0.500000
vt 1.000000 0.000000
vt 1.000000 0.500000
vt 0.500000 0.000000
vt 1.000000 0.500000
vt 0.500000 0.500000
vt 0.500000 0.000000
vt 0.500000 0.000000
vt 0.500000 0.500000
vt 0.000000 0.000000
vt 0.500000 0.500000
vt 0.000000 0.500000
vt 0.000000 0.000000
usemtl h_kage
f 5534/5534 5536/5536 5535/5535
f 5537/5537 5539/5539 5538/5538
f 5540/5540 5542/5542 5541/5541
f 5543/5543 5545/5545 5544/5544
f 5546/5546 5548/5548 5547/5547
f 5549/5549 5551/5551 5550/5550
f 5552/5552 5554/5554 5553/5553
f 5555/5555 5557/5557 5556/5556
v 14.441112 0.063864 9.838565
v 14.566112 0.063864 9.838565
v 14.566112 1.876364 9.838569
v 14.566112 1.876364 9.838569
v 14.441112 1.876364 9.838569
v 14.441112 0.063864 9.838565
v 14.441112 0.063861 11.088565
v 14.441112 0.063864 9.838565
v 14.441112 1.876364 9.838569
v 14.441112 1.876364 9.838569
v 14.441112 1.876361 11.088569
v 14.441112 0.063861 11.088565
vt 0.781250 -0.998047
vt 0.968750 -0.998047
vt 0.968750 -0.001953
vt 0.968750 -0.001953
vt 0.781250 -0.001953
vt 0.781250 -0.998047
vt 0.031250 -0.998047
vt 0.718750 -0.998047
vt 0.718750 -0.001953
vt 0.718750 -0.001953
vt 0.031250 -0.001953
vt 0.031250 -0.998047
usemtl door
f 5558/5558 5560/5560 5559/5559
f 5561/5561 5563/5563 5562/5562
f 5564/5564 5566/5566 5565/5565
f 5567/5567 5569/5569 5568/5568
v 11.333125 2.306253 22.240004
v 11.333125 1.806252 22.677504
v 11.333125 0.525003 22.240002
v 11.333125 1.806252 22.677504
v 11.333125 0.806252 22.677502
v 11.333125 0.525003 22.240002
v 11.333125 0.525003 22.240002
v 11.333125 0.806252 22.677502
v 11.333125 0.525001 23.615002
v 11.333125 0.806252 22.677502
v 11.333125 0.806251 23.552502
v 11.333125 0.525001 23.615002
v 11.333125 0.525001 23.615002
v 11.333125 0.806251 23.552502
v 11.333125 2.306251 23.615004
v 11.333125 0.806251 23.552502
v 11.333125 1.806251 23.552504
v 11.333125 2.306251 23.615004
v 11.333125 2.306251 23.615004
v 11.333125 1.806251 23.552504
v 11.333125 2.306253 22.240004
v 11.333125 1.806251 23.552504
v 11.333125 1.806252 22.677504
v 11.333125 2.306253 22.240004
v 11.333125 0.524997 25.740002
v 11.333125 0.524998 25.177502
v 11.333125 2.306247 25.740004
v 11.333125 0.524998 25.177502
v 11.333125 2.056248 25.177504
v 11.333125 2.306247 25.740004
v 11.333125 2.306247 25.740004
v 11.333125 2.056248 25.177504
v 11.333125 2.306251 23.615004
v 11.333125 2.056248 25.177504
v 11.333125 2.056250 23.802504
v 11.333125 2.306251 23.615004
v 11.333125 2.306251 23.615004
v 11.333125 2.056250 23.802504
v 11.333125 0.525001 23.615002
v 11.333125 2.056250 23.802504
v 11.333125 0.525000 23.802502
v 11.333125 0.525001 23.615002
v 13.755000 2.868753 21.990005
v 13.749629 4.431250 23.990007
v 12.442500 2.868754 21.990005
v 13.749629 4.431250 23.990007
v 12.437129 4.431250 23.990007
v 12.442500 2.868754 21.990005
v 12.442500 2.868754 21.990005
v 12.437129 4.431250 23.990007
v 11.124629 2.868754 21.990005
v 12.437129 4.431250 23.990007
v 11.124629 4.431250 23.990007
v 11.124629 2.868754 21.990005
v 11.708125 2.306253 22.240004
v 11.708125 0.525003 22.240002
v 12.442500 2.306253 22.240004
v 11.708125 0.525003 22.240002
v 12.442500 0.525003 22.240002
v 12.442500 2.306253 22.240004
v 12.442500 2.306253 22.240004
v 12.442500 0.525003 22.240002
v 13.239375 2.306253 22.240004
v 12.442500 0.525003 22.240002
v 13.239375 0.525003 22.240002
v 13.239375 2.306253 22.240004
v 11.124629 2.868747 25.990005
v 11.124629 4.431250 23.990007
v 12.442500 2.868747 25.990005
v 11.124629 4.431250 23.990007
v 12.437129 4.431250 23.990007
v 12.442500 2.868747 25.990005
v 12.442500 2.868747 25.990005
v 12.437129 4.431250 23.990007
v 13.755000 2.868746 25.990005
v 12.437129 4.431250 23.990007
v 13.749629 4.431250 23.990007
v 13.755000 2.868746 25.990005
v 11.333125 0.025003 22.240000
v 11.333125 0.525003 22.240002
v 11.333125 0.025001 23.615000
v 11.333125 0.525003 22.240002
v 11.333125 0.525001 23.615002
v 11.333125 0.025001 23.615000
v 11.333125 0.025001 23.615000
v 11.333125 0.525001 23.615002
v 11.333125 0.025000 23.802500
v 11.333125 0.525001 23.615002
v 11.333125 0.525000 23.802502
v 11.333125 0.025000 23.802500
v 13.239375 2.306247 25.740004
v 13.239375 0.524997 25.740002
v 12.442500 2.306247 25.740004
v 13.239375 0.524997 25.740002
v 12.442500 0.524997 25.740002
v 12.442500 2.306247 25.740004
v 12.442500 2.306247 25.740004
v 12.442500 0.524997 25.740002
v 11.708125 2.306247 25.740004
v 12.442500 0.524997 25.740002
v 11.708125 0.524997 25.740002
v 11.708125 2.306247 25.740004
v 11.333125 2.681253 22.177505
v 11.333125 4.056250 23.990007
v 11.333125 2.681250 23.990005
v 11.333125 4.056250 23.990007
v 11.333125 2.681247 25.802505
v 11.333125 2.681250 23.990005
v 11.333125 0.524997 25.740002
v 11.708125 0.524997 25.740002
v 11.708125 0.024997 25.740000
v 11.708125 0.024997 25.740000
v 11.333125 0.024997 25.740000
v 11.333125 0.524997 25.740002
v 11.333125 0.525003 22.240002
v 11.708125 0.525003 22.240002
v 11.708125 2.306253 22.240004
v 11.708125 2.306253 22.240004
v 11.333125 2.306253 22.240004
v 11.333125 0.525003 22.240002
v 11.333125 0.524998 25.177502
v 11.333125 0.524997 25.740002
v 11.333125 0.024997 25.740000
v 11.333125 0.024997 25.740000
v 11.333125 0.024998 25.177500
v 11.333125 0.524998 25.177502
v 13.239375 0.524997 25.740002
v 13.614375 0.524997 25.740002
v 13.614375 0.024997 25.740000
v 13.614375 0.024997 25.740000
v 13.239375 0.024997 25.740000
v 13.239375 0.524997 25.740002
v 13.614375 0.525003 22.240002
v 13.239375 0.525003 22.240002
v 13.239375 0.025003 22.240000
v 13.239375 0.025003 22.240000
v 13.614375 0.025003 22.240000
v 13.614375 0.525003 22.240002
v 12.208125 0.025000 23.802500
v 11.458125 0.525000 23.802502
v 11.458125 2.056250 23.802504
v 11.458125 2.056250 23.802504
v 12.208125 2.056250 23.802504
v 12.208125 0.025000 23.802500
v 11.458125 0.024998 25.177500
v 11.458125 0.025000 23.802500
v 12.208125 0.025000 23.802500
v 12.208125 0.025000 23.802500
v 12.208125 0.024998 25.177500
v 11.458125 0.024998 25.177500
v 11.251826 2.900000 23.865005
v 11.251826 3.556251 23.302505
v 11.314326 3.556251 23.302505
v 11.314326 3.556251 23.302505
v 11.314326 2.900000 23.865005
v 11.251826 2.900000 23.865005
v 11.251826 3.368752 23.115005
v 11.251826 3.556251 23.302505
v 11.251826 2.900000 23.865005
v 11.251826 2.900000 23.865005
v 11.251826 2.721778 23.677505
v 11.251826 3.368752 23.115005
v 11.251826 2.900000 24.115005
v 11.314326 2.900000 24.115005
v 11.314326 3.556249 24.677505
v 11.314326 3.556249 24.677505
v 11.251826 3.556249 24.677505
v 11.251826 2.900000 24.115005
v 11.251826 3.368748 24.865005
v 11.251826 2.721777 24.302505
v 11.251826 2.900000 24.115005
v 11.251826 2.900000 24.115005
v 11.251826 3.556249 24.677505
v 11.251826 3.368748 24.865005
v 11.314326 2.712500 24.115005
v 11.251826 2.712500 24.115005
v 11.251826 4.056250 24.115007
v 11.251826 4.056250 24.115007
v 11.314326 4.056250 24.115007
v 11.314326 2.712500 24.115005
v 11.251826 2.712500 23.865005
v 11.314326 2.712500 23.865005
v 11.314326 4.056250 23.865007
v 11.314326 4.056250 23.865007
v 11.251826 4.056250 23.865007
v 11.251826 2.712500 23.865005
v 11.251826 2.712500 24.115005
v 11.251826 2.712500 23.865005
v 11.251826 4.056250 23.865007
v 11.251826 4.056250 23.865007
v 11.251826 4.056250 24.115007
v 11.251826 2.712500 24.115005
v 11.333125 0.525003 22.240002
v 11.333125 2.306253 22.240004
v 11.255000 2.306253 22.240004
v 11.255000 2.306253 22.240004
v 11.255000 0.525003 22.240002
v 11.333125 0.525003 22.240002
v 11.255000 0.525003 22.552502
v 11.255000 2.306253 22.552504
v 11.333125 2.306253 22.552504
v 11.333125 2.306253 22.552504
v 11.333125 0.525003 22.552502
v 11.255000 0.525003 22.552502
v 11.255000 0.525003 22.240002
v 11.255000 2.306253 22.240004
v 11.255000 2.306253 22.552504
v 11.255000 2.306253 22.552504
v 11.255000 0.525003 22.552502
v 11.255000 0.525003 22.240002
v 11.333125 0.524997 25.740002
v 11.255000 0.524997 25.740002
v 11.255000 2.306247 25.740004
v 11.255000 2.306247 25.740004
v 11.333125 2.306247 25.740004
v 11.333125 0.524997 25.740002
v 11.255000 0.524997 25.427502
v 11.333125 0.524997 25.427502
v 11.333125 2.306247 25.427504
v 11.333125 2.306247 25.427504
v 11.255000 2.306247 25.427504
v 11.255000 0.524997 25.427502
v 11.255000 0.524997 25.740002
v 11.255000 0.524997 25.427502
v 11.255000 2.306247 25.427504
v 11.255000 2.306247 25.427504
v 11.255000 2.306247 25.740004
v 11.255000 0.524997 25.740002
v 11.124629 2.681247 25.865005
v 11.124629 4.087500 23.990007
v 11.124629 4.431250 23.990007
v 11.124629 4.431250 23.990007
v 11.124629 2.868747 25.990005
v 11.124629 2.681247 25.865005
v 11.124629 4.087500 23.990007
v 11.124629 2.681253 22.115005
v 11.124629 2.868754 21.990005
v 11.124629 2.868754 21.990005
v 11.124629 4.431250 23.990007
v 11.124629 4.087500 23.990007
v 11.333125 0.025000 23.802500
v 11.333125 0.525000 23.802502
v 11.458125 0.525000 23.802502
v 11.458125 0.525000 23.802502
v 11.458125 0.025000 23.802500
v 11.333125 0.025000 23.802500
v 11.333125 2.056248 25.177504
v 11.333125 0.524998 25.177502
v 11.458125 0.524998 25.177502
v 11.458125 0.524998 25.177502
v 11.458125 2.056248 25.177504
v 11.333125 2.056248 25.177504
v 11.505000 0.806252 22.677502
v 11.505000 0.806251 23.552502
v 11.333125 0.806251 23.552502
v 11.333125 0.806251 23.552502
v 11.333125 0.806252 22.677502
v 11.505000 0.806252 22.677502
v 11.333125 0.806252 22.677502
v 11.333125 1.806252 22.677504
v 11.505000 1.806252 22.677504
v 11.505000 1.806252 22.677504
v 11.505000 0.806252 22.677502
v 11.333125 0.806252 22.677502
v 11.333125 1.806251 23.552504
v 11.333125 0.806251 23.552502
v 11.505000 0.806251 23.552502
v 11.505000 0.806251 23.552502
v 11.505000 1.806251 23.552504
v 11.333125 1.806251 23.552504
v 12.442500 0.024997 25.740000
v 12.442500 0.524997 25.740002
v 13.239375 0.524997 25.740002
v 13.239375 0.524997 25.740002
v 13.239375 0.024997 25.740000
v 12.442500 0.024997 25.740000
v 11.708125 2.306247 25.802504
v 11.333125 2.681247 25.802505
v 12.442500 2.681247 25.802505
v 12.442500 2.681247 25.802505
v 12.442500 2.306247 25.802504
v 11.708125 2.306247 25.802504
v 11.333125 2.681253 22.177505
v 11.708125 2.306253 22.177504
v 12.442500 2.306253 22.177504
v 12.442500 2.306253 22.177504
v 12.442500 2.681253 22.177505
v 11.333125 2.681253 22.177505
v 12.208125 0.024998 25.177500
v 12.208125 2.056248 25.177504
v 11.458125 2.056248 25.177504
v 11.458125 2.056248 25.177504
v 11.458125 0.524998 25.177502
v 12.208125 0.024998 25.177500
v 13.239375 0.025003 22.240000
v 13.239375 0.525003 22.240002
v 12.442500 0.525003 22.240002
v 12.442500 0.525003 22.240002
v 12.442500 0.025003 22.240000
v 13.239375 0.025003 22.240000
v 11.708125 2.306247 25.740004
v 11.708125 0.524997 25.740002
v 11.333125 0.524997 25.740002
v 11.333125 0.524997 25.740002
v 11.333125 2.306247 25.740004
v 11.708125 2.306247 25.740004
v 11.708125 0.025003 22.240000
v 11.708125 0.525003 22.240002
v 11.333125 0.525003 22.240002
v 11.333125 0.525003 22.240002
v 11.333125 0.025003 22.240000
v 11.708125 0.025003 22.240000
v 12.442500 2.306247 25.802504
v 12.442500 2.681247 25.802505
v 13.614375 2.681247 25.802505
v 13.614375 2.681247 25.802505
v 13.239375 2.306247 25.802504
v 12.442500 2.306247 25.802504
v 12.442500 2.681253 22.177505
v 12.442500 2.306253 22.177504
v 13.239375 2.306253 22.177504
v 13.239375 2.306253 22.177504
v 13.614375 2.681253 22.177505
v 12.442500 2.681253 22.177505
v 11.458125 0.525000 23.802502
v 11.333125 0.525000 23.802502
v 11.333125 2.056250 23.802504
v 11.333125 2.056250 23.802504
v 11.458125 2.056250 23.802504
v 11.458125 0.525000 23.802502
v 11.333125 2.681253 22.177505
v 11.333125 2.681250 23.990005
v 11.192500 2.681250 23.990005
v 11.192500 2.681250 23.990005
v 11.192500 2.681253 22.177505
v 11.333125 2.681253 22.177505
v 11.333125 2.306253 22.177504
v 11.333125 2.681253 22.177505
v 11.192500 2.681253 22.177505
v 11.192500 2.681253 22.177505
v 11.192500 2.306253 22.177504
v 11.333125 2.306253 22.177504
v 11.333125 2.681250 23.990005
v 11.333125 2.681247 25.802505
v 11.192500 2.681247 25.802505
v 11.192500 2.681247 25.802505
v 11.192500 2.681250 23.990005
v 11.333125 2.681250 23.990005
v 11.333125 2.681247 25.802505
v 11.333125 2.306247 25.802504
v 11.192500 2.306247 25.802504
v 11.192500 2.306247 25.802504
v 11.192500 2.681247 25.802505
v 11.333125 2.681247 25.802505
v 13.614375 2.306247 25.740004
v 13.614375 0.524997 25.740002
v 13.239375 0.524997 25.740002
v 13.239375 0.524997 25.740002
v 13.239375 2.306247 25.740004
v 13.614375 2.306247 25.740004
v 12.442500 0.025003 22.240000
v 12.442500 0.525003 22.240002
v 11.708125 0.525003 22.240002
v 11.708125 0.525003 22.240002
v 11.708125 0.025003 22.240000
v 12.442500 0.025003 22.240000
v 13.614375 2.306253 22.240004
v 13.239375 2.306253 22.240004
v 13.239375 0.525003 22.240002
v 13.239375 0.525003 22.240002
v 13.614375 0.525003 22.240002
v 13.614375 2.306253 22.240004
v 11.192500 2.681250 23.990005
v 11.192500 2.306250 23.990004
v 11.192500 2.306253 22.177504
v 11.192500 2.306253 22.177504
v 11.192500 2.681253 22.177505
v 11.192500 2.681250 23.990005
v 11.192500 2.681247 25.802505
v 11.192500 2.306247 25.802504
v 11.192500 2.306250 23.990004
v 11.192500 2.306250 23.990004
v 11.192500 2.681250 23.990005
v 11.192500 2.681247 25.802505
v 11.505000 1.806251 23.552504
v 11.505000 0.806251 23.552502
v 11.505000 0.806252 22.677502
v 11.505000 0.806252 22.677502
v 11.505000 1.806252 22.677504
v 11.505000 1.806251 23.552504
v 12.208125 0.025000 23.802500
v 12.208125 2.056250 23.802504
v 12.208125 2.056248 25.177504
v 12.208125 2.056248 25.177504
v 12.208125 0.024998 25.177500
v 12.208125 0.025000 23.802500
v 11.458125 0.524998 25.177502
v 11.333125 0.524998 25.177502
v 11.333125 0.024998 25.177500
v 11.333125 0.024998 25.177500
v 11.458125 0.024998 25.177500
v 11.458125 0.524998 25.177502
v 11.708125 0.524997 25.740002
v 12.442500 0.524997 25.740002
v 12.442500 0.024997 25.740000
v 12.442500 0.024997 25.740000
v 11.708125 0.024997 25.740000
v 11.708125 0.524997 25.740002
v 12.208125 0.024998 25.177500
v 11.458125 0.524998 25.177502
v 11.458125 0.024998 25.177500
v 12.208125 0.025000 23.802500
v 11.458125 0.025000 23.802500
v 11.458125 0.525000 23.802502
v 11.251826 2.721778 23.865005
v 11.251826 2.721778 23.677505
v 11.251826 2.900000 23.865005
v 11.708125 2.306247 25.802504
v 11.333125 2.306247 25.802504
v 11.333125 2.681247 25.802505
v 13.614375 2.681253 22.177505
v 13.239375 2.306253 22.177504
v 13.614375 2.306253 22.177504
v 11.251826 2.721777 24.115005
v 11.251826 2.900000 24.115005
v 11.251826 2.721777 24.302505
v 13.239375 2.306247 25.802504
v 13.614375 2.681247 25.802505
v 13.614375 2.306247 25.802504
v 11.333125 2.681253 22.177505
v 11.333125 2.306253 22.177504
v 11.708125 2.306253 22.177504
vt 0.515625 -0.015625
vt 0.640625 -0.140625
vt 0.515625 -0.484375
vt 0.640625 -0.140625
vt 0.640625 -0.406250
vt 0.515625 -0.484375
vt 0.515625 -0.484375
vt 0.640625 -0.406250
vt 0.984375 -0.484375
vt 0.640625 -0.406250
vt 0.890625 -0.406250
vt 0.984375 -0.484375
vt 0.984375 -0.484375
vt 0.890625 -0.406250
vt 0.984375 -0.015625
vt 0.890625 -0.406250
vt 0.890625 -0.140625
vt 0.984375 -0.015625
vt 0.984375 -0.015625
vt 0.890625 -0.140625
vt 0.515625 -0.015625
vt 0.890625 -0.140625
vt 0.640625 -0.140625
vt 0.515625 -0.015625
vt 0.515625 -0.484375
vt 0.687500 -0.484375
vt 0.515625 -0.015625
vt 0.687500 -0.484375
vt 0.687500 -0.078125
vt 0.515625 -0.015625
vt 0.515625 -0.015625
vt 0.687500 -0.078125
vt 0.984375 -0.015625
vt 0.687500 -0.078125
vt 0.953125 -0.078125
vt 0.984375 -0.015625
vt 0.984375 -0.015625
vt 0.953125 -0.078125
vt 0.984375 -0.484375
vt 0.953125 -0.078125
vt 0.953125 -0.484375
vt 0.984375 -0.484375
vt 0.015625 -0.484375
vt 0.015625 -0.015625
vt 0.234375 -0.484375
vt 0.015625 -0.015625
vt 0.234375 -0.015625
vt 0.234375 -0.484375
vt 0.234375 -0.484375
vt 0.234375 -0.015625
vt 0.015625 -0.484375
vt 0.234375 -0.015625
vt 0.015625 -0.015625
vt 0.015625 -0.484375
vt -0.453125 -0.015625
vt -0.453125 -0.484375
vt -0.015625 -0.015625
vt -0.453125 -0.484375
vt -0.015625 -0.484375
vt -0.015625 -0.015625
vt -0.015625 -0.015625
vt -0.015625 -0.484375
vt -0.453125 -0.015625
vt -0.015625 -0.484375
vt -0.453125 -0.484375
vt -0.453125 -0.015625
vt 0.015625 -0.484375
vt 0.015625 -0.015625
vt 0.234375 -0.484375
vt 0.015625 -0.015625
vt 0.234375 -0.015625
vt 0.234375 -0.484375
vt 0.234375 -0.484375
vt 0.234375 -0.015625
vt 0.015625 -0.484375
vt 0.234375 -0.015625
vt 0.015625 -0.015625
vt 0.015625 -0.484375
vt 0.984375 -0.984375
vt 0.984375 -0.890625
vt 0.890625 -0.984375
vt 0.984375 -0.890625
vt 0.890625 -0.890625
vt 0.890625 -0.984375
vt 0.890625 -0.984375
vt 0.890625 -0.890625
vt 0.890625 -0.984375
vt 0.890625 -0.890625
vt 0.890625 -0.890625
vt 0.890625 -0.984375
vt -0.453125 -0.015625
vt -0.453125 -0.484375
vt -0.015625 -0.015625
vt -0.453125 -0.484375
vt -0.015625 -0.484375
vt -0.015625 -0.015625
vt -0.015625 -0.015625
vt -0.015625 -0.484375
vt -0.453125 -0.015625
vt -0.015625 -0.484375
vt -0.453125 -0.484375
vt -0.453125 -0.015625
vt 0.015625 -0.859375
vt 0.359375 -0.515625
vt 0.359375 -0.859375
vt 0.359375 -0.515625
vt 0.015625 -0.859375
vt 0.359375 -0.859375
vt 0.984375 -0.890625
vt 0.890625 -0.890625
vt 0.890625 -0.984375
vt 0.890625 -0.984375
vt 0.984375 -0.984375
vt 0.984375 -0.890625
vt 0.015625 -0.890625
vt 0.015625 -0.984375
vt 0.359375 -0.984375
vt 0.359375 -0.984375
vt 0.359375 -0.890625
vt 0.015625 -0.890625
vt 0.984375 -0.890625
vt 0.890625 -0.890625
vt 0.890625 -0.984375
vt 0.890625 -0.984375
vt 0.984375 -0.984375
vt 0.984375 -0.890625
vt 0.984375 -0.890625
vt 0.890625 -0.890625
vt 0.890625 -0.984375
vt 0.890625 -0.984375
vt 0.984375 -0.984375
vt 0.984375 -0.890625
vt 0.984375 -0.890625
vt 0.890625 -0.890625
vt 0.890625 -0.984375
vt 0.890625 -0.984375
vt 0.984375 -0.984375
vt 0.984375 -0.890625
vt -0.140625 -0.859375
vt -0.218750 -0.828125
vt -0.218750 -0.765625
vt -0.218750 -0.765625
vt -0.140625 -0.765625
vt -0.140625 -0.859375
vt 0.984375 -0.859375
vt 0.984375 -0.515625
vt 0.765625 -0.515625
vt 0.765625 -0.515625
vt 0.765625 -0.859375
vt 0.984375 -0.859375
vt 0.390625 -0.890625
vt 0.390625 -0.984375
vt 0.484375 -0.984375
vt 0.484375 -0.984375
vt 0.484375 -0.890625
vt 0.390625 -0.890625
vt 0.359375 -0.984375
vt 0.359375 -0.890625
vt 0.015625 -0.890625
vt 0.015625 -0.890625
vt 0.015625 -0.984375
vt 0.359375 -0.984375
vt 0.390625 -0.984375
vt 0.484375 -0.984375
vt 0.484375 -0.890625
vt 0.484375 -0.890625
vt 0.390625 -0.890625
vt 0.390625 -0.984375
vt 0.359375 -0.890625
vt 0.015625 -0.890625
vt 0.015625 -0.984375
vt 0.015625 -0.984375
vt 0.359375 -0.984375
vt 0.359375 -0.890625
vt 0.640625 -0.984375
vt 0.734375 -0.984375
vt 0.734375 -0.890625
vt 0.734375 -0.890625
vt 0.640625 -0.890625
vt 0.640625 -0.984375
vt 0.640625 -0.984375
vt 0.734375 -0.984375
vt 0.734375 -0.890625
vt 0.734375 -0.890625
vt 0.640625 -0.890625
vt 0.640625 -0.984375
vt 0.015625 -0.890625
vt 0.015625 -0.984375
vt 0.359375 -0.984375
vt 0.359375 -0.984375
vt 0.359375 -0.890625
vt 0.015625 -0.890625
vt 0.015625 -0.984375
vt 0.359375 -0.984375
vt 0.359375 -0.890625
vt 0.359375 -0.890625
vt 0.015625 -0.890625
vt 0.015625 -0.984375
vt 0.015625 -0.984375
vt 0.359375 -0.984375
vt 0.359375 -0.890625
vt 0.359375 -0.890625
vt 0.015625 -0.890625
vt 0.015625 -0.984375
vt 0.015625 -0.984375
vt 0.359375 -0.984375
vt 0.359375 -0.890625
vt 0.359375 -0.890625
vt 0.015625 -0.890625
vt 0.015625 -0.984375
vt 0.015625 -0.890625
vt 0.015625 -0.984375
vt 0.359375 -0.984375
vt 0.359375 -0.984375
vt 0.359375 -0.890625
vt 0.015625 -0.890625
vt 0.015625 -0.890625
vt 0.015625 -0.984375
vt 0.359375 -0.984375
vt 0.359375 -0.984375
vt 0.359375 -0.890625
vt 0.015625 -0.890625
vt 0.015625 -0.890625
vt 0.015625 -0.984375
vt 0.359375 -0.984375
vt 0.359375 -0.984375
vt 0.359375 -0.890625
vt 0.015625 -0.890625
vt 0.484375 -0.234375
vt 0.484375 -0.140625
vt 0.390625 -0.140625
vt 0.390625 -0.140625
vt 0.390625 -0.234375
vt 0.484375 -0.234375
vt 0.390625 -0.140625
vt 0.390625 -0.234375
vt 0.484375 -0.234375
vt 0.484375 -0.234375
vt 0.484375 -0.140625
vt 0.390625 -0.140625
vt 0.890625 -0.906250
vt 0.890625 -0.890625
vt 0.984375 -0.890625
vt 0.984375 -0.890625
vt 0.984375 -0.906250
vt 0.890625 -0.906250
vt 0.765625 -0.890625
vt 0.765625 -0.984375
vt 0.859375 -0.984375
vt 0.859375 -0.984375
vt 0.859375 -0.890625
vt 0.765625 -0.890625
vt 0.484375 -0.984375
vt 0.484375 -0.890625
vt 0.390625 -0.890625
vt 0.390625 -0.890625
vt 0.390625 -0.984375
vt 0.484375 -0.984375
vt 0.734375 -0.984375
vt 0.734375 -0.890625
vt 0.640625 -0.890625
vt 0.640625 -0.890625
vt 0.640625 -0.984375
vt 0.734375 -0.984375
vt 0.640625 -0.890625
vt 0.640625 -0.984375
vt 0.734375 -0.984375
vt 0.734375 -0.984375
vt 0.734375 -0.890625
vt 0.640625 -0.890625
vt 0.984375 -0.984375
vt 0.984375 -0.890625
vt 0.890625 -0.890625
vt 0.890625 -0.890625
vt 0.890625 -0.984375
vt 0.984375 -0.984375
vt -0.420898 -0.934570
vt -0.405273 -0.887695
vt -0.483398 -0.887695
vt -0.483398 -0.887695
vt -0.483398 -0.934570
vt -0.420898 -0.934570
vt -0.405273 -0.887695
vt -0.420898 -0.934570
vt -0.483398 -0.934570
vt -0.483398 -0.934570
vt -0.483398 -0.887695
vt -0.405273 -0.887695
vt -0.140625 -0.859375
vt -0.140625 -0.765625
vt -0.218750 -0.765625
vt -0.218750 -0.765625
vt -0.218750 -0.828125
vt -0.140625 -0.859375
vt 0.984375 -0.984375
vt 0.984375 -0.890625
vt 0.890625 -0.890625
vt 0.890625 -0.890625
vt 0.890625 -0.984375
vt 0.984375 -0.984375
vt 0.359375 -0.890625
vt 0.015625 -0.890625
vt 0.015625 -0.984375
vt 0.015625 -0.984375
vt 0.359375 -0.984375
vt 0.359375 -0.890625
vt 0.984375 -0.984375
vt 0.984375 -0.890625
vt 0.890625 -0.890625
vt 0.890625 -0.890625
vt 0.890625 -0.984375
vt 0.984375 -0.984375
vt -0.389648 -0.934570
vt -0.389648 -0.887695
vt -0.483398 -0.887695
vt -0.483398 -0.887695
vt -0.452148 -0.934570
vt -0.389648 -0.934570
vt -0.389648 -0.887695
vt -0.389648 -0.934570
vt -0.452148 -0.934570
vt -0.452148 -0.934570
vt -0.483398 -0.887695
vt -0.389648 -0.887695
vt 0.859375 -0.984375
vt 0.765625 -0.984375
vt 0.765625 -0.890625
vt 0.765625 -0.890625
vt 0.859375 -0.890625
vt 0.859375 -0.984375
vt 0.484375 -0.890625
vt 0.390625 -0.890625
vt 0.390625 -0.984375
vt 0.390625 -0.984375
vt 0.484375 -0.984375
vt 0.484375 -0.890625
vt -0.405273 -0.934570
vt -0.405273 -0.887695
vt -0.389648 -0.887695
vt -0.389648 -0.887695
vt -0.389648 -0.934570
vt -0.405273 -0.934570
vt 0.484375 -0.890625
vt 0.390625 -0.890625
vt 0.390625 -0.984375
vt 0.390625 -0.984375
vt 0.484375 -0.984375
vt 0.484375 -0.890625
vt -0.405273 -0.887695
vt -0.405273 -0.934570
vt -0.389648 -0.934570
vt -0.389648 -0.934570
vt -0.389648 -0.887695
vt -0.405273 -0.887695
vt 0.359375 -0.890625
vt 0.015625 -0.890625
vt 0.015625 -0.984375
vt 0.015625 -0.984375
vt 0.359375 -0.984375
vt 0.359375 -0.890625
vt 0.984375 -0.984375
vt 0.984375 -0.890625
vt 0.890625 -0.890625
vt 0.890625 -0.890625
vt 0.890625 -0.984375
vt 0.984375 -0.984375
vt 0.359375 -0.984375
vt 0.359375 -0.890625
vt 0.015625 -0.890625
vt 0.015625 -0.890625
vt 0.015625 -0.984375
vt 0.359375 -0.984375
vt 0.515625 -0.890625
vt 0.515625 -0.984375
vt 0.609375 -0.984375
vt 0.609375 -0.984375
vt 0.609375 -0.890625
vt 0.515625 -0.890625
vt 0.515625 -0.890625
vt 0.515625 -0.984375
vt 0.609375 -0.984375
vt 0.609375 -0.984375
vt 0.609375 -0.890625
vt 0.515625 -0.890625
vt 0.390625 -0.515625
vt 0.390625 -0.859375
vt 0.734375 -0.859375
vt 0.734375 -0.859375
vt 0.734375 -0.515625
vt 0.390625 -0.515625
vt -0.140625 -0.859375
vt -0.140625 -0.765625
vt -0.234375 -0.765625
vt -0.234375 -0.765625
vt -0.234375 -0.859375
vt -0.140625 -0.859375
vt 0.984375 -0.890625
vt 0.890625 -0.890625
vt 0.890625 -0.906250
vt 0.890625 -0.906250
vt 0.984375 -0.906250
vt 0.984375 -0.890625
vt 0.984375 -0.890625
vt 0.890625 -0.890625
vt 0.890625 -0.984375
vt 0.890625 -0.984375
vt 0.984375 -0.984375
vt 0.984375 -0.890625
vt -0.140625 -0.859375
vt -0.218750 -0.828125
vt -0.218750 -0.859375
vt -0.140625 -0.859375
vt -0.218750 -0.859375
vt -0.218750 -0.828125
vt 0.015625 -0.984375
vt 0.015625 -0.984375
vt 0.015625 -0.890625
vt -0.420898 -0.934570
vt -0.405273 -0.934570
vt -0.405273 -0.887695
vt -0.483398 -0.887695
vt -0.452148 -0.934570
vt -0.483398 -0.934570
vt 0.015625 -0.984375
vt 0.015625 -0.984375
vt 0.015625 -0.890625
vt -0.452148 -0.934570
vt -0.483398 -0.887695
vt -0.483398 -0.934570
vt -0.405273 -0.887695
vt -0.405273 -0.934570
vt -0.420898 -0.934570
usemtl t1_h01
f 5570/5570 5572/5572 5571/5571
f 5573/5573 5575/5575 5574/5574
f 5576/5576 5578/5578 5577/5577
f 5579/5579 5581/5581 5580/5580
f 5582/5582 5584/5584 5583/5583
f 5585/5585 5587/5587 5586/5586
f 5588/5588 5590/5590 5589/5589
f 5591/5591 5593/5593 5592/5592
f 5594/5594 5596/5596 5595/5595
f 5597/5597 5599/5599 5598/5598
f 5600/5600 5602/5602 5601/5601
f 5603/5603 5605/5605 5604/5604
f 5606/5606 5608/5608 5607/5607
f 5609/5609 5611/5611 5610/5610
f 5612/5612 5614/5614 5613/5613
f 5615/5615 5617/5617 5616/5616
f 5618/5618 5620/5620 5619/5619
f 5621/5621 5623/5623 5622/5622
f 5624/5624 5626/5626 5625/5625
f 5627/5627 5629/5629 5628/5628
f 5630/5630 5632/5632 5631/5631
f 5633/5633 5635/5635 5634/5634
f 5636/5636 5638/5638 5637/5637
f 5639/5639 5641/5641 5640/5640
f 5642/5642 5644/5644 5643/5643
f 5645/5645 5647/5647 5646/5646
f 5648/5648 5650/5650 5649/5649
f 5651/5651 5653/5653 5652/5652
f 5654/5654 5656/5656 5655/5655
f 5657/5657 5659/5659 5658/5658
f 5660/5660 5662/5662 5661/5661
f 5663/5663 5665/5665 5664/5664
f 5666/5666 5668/5668 5667/5667
f 5669/5669 5671/5671 5670/5670
f 5672/5672 5674/5674 5673/5673
f 5675/5675 5677/5677 5676/5676
f 5678/5678 5680/5680 5679/5679
f 5681/5681 5683/5683 5682/5682
f 5684/5684 5686/5686 5685/5685
f 5687/5687 5689/5689 5688/5688
f 5690/5690 5692/5692 5691/5691
f 5693/5693 5695/5695 5694/5694
f 5696/5696 5698/5698 5697/5697
f 5699/5699 5701/5701 5700/5700
f 5702/5702 5704/5704 5703/5703
f 5705/5705 5707/5707 5706/5706
f 5708/5708 5710/5710 5709/5709
f 5711/5711 5713/5713 5712/5712
f 5714/5714 5716/5716 5715/5715
f 5717/5717 5719/5719 5718/5718
f 5720/5720 5722/5722 5721/5721
f 5723/5723 5725/5725 5724/5724
f 5726/5726 5728/5728 5727/5727
f 5729/5729 5731/5731 5730/5730
f 5732/5732 5734/5734 5733/5733
f 5735/5735 5737/5737 5736/5736
f 5738/5738 5740/5740 5739/5739
f 5741/5741 5743/5743 5742/5742
f 5744/5744 5746/5746 5745/5745
f 5747/5747 5749/5749 5748/5748
f 5750/5750 5752/5752 5751/5751
f 5753/5753 5755/5755 5754/5754
f 5756/5756 5758/5758 5757/5757
f 5759/5759 5761/5761 5760/5760
f 5762/5762 5764/5764 5763/5763
f 5765/5765 5767/5767 5766/5766
f 5768/5768 5770/5770 5769/5769
f 5771/5771 5773/5773 5772/5772
f 5774/5774 5776/5776 5775/5775
f 5777/5777 5779/5779 5778/5778
f 5780/5780 5782/5782 5781/5781
f 5783/5783 5785/5785 5784/5784
f 5786/5786 5788/5788 5787/5787
f 5789/5789 5791/5791 5790/5790
f 5792/5792 5794/5794 5793/5793
f 5795/5795 5797/5797 5796/5796
f 5798/5798 5800/5800 5799/5799
f 5801/5801 5803/5803 5802/5802
f 5804/5804 5806/5806 5805/5805
f 5807/5807 5809/5809 5808/5808
f 5810/5810 5812/5812 5811/5811
f 5813/5813 5815/5815 5814/5814
f 5816/5816 5818/5818 5817/5817
f 5819/5819 5821/5821 5820/5820
f 5822/5822 5824/5824 5823/5823
f 5825/5825 5827/5827 5826/5826
f 5828/5828 5830/5830 5829/5829
f 5831/5831 5833/5833 5832/5832
f 5834/5834 5836/5836 5835/5835
f 5837/5837 5839/5839 5838/5838
f 5840/5840 5842/5842 5841/5841
f 5843/5843 5845/5845 5844/5844
f 5846/5846 5848/5848 5847/5847
f 5849/5849 5851/5851 5850/5850
f 5852/5852 5854/5854 5853/5853
f 5855/5855 5857/5857 5856/5856
f 5858/5858 5860/5860 5859/5859
f 5861/5861 5863/5863 5862/5862
f 5864/5864 5866/5866 5865/5865
f 5867/5867 5869/5869 5868/5868
f 5870/5870 5872/5872 5871/5871
f 5873/5873 5875/5875 5874/5874
f 5876/5876 5878/5878 5877/5877
f 5879/5879 5881/5881 5880/5880
f 5882/5882 5884/5884 5883/5883
f 5885/5885 5887/5887 5886/5886
f 5888/5888 5890/5890 5889/5889
f 5891/5891 5893/5893 5892/5892
f 5894/5894 5896/5896 5895/5895
f 5897/5897 5899/5899 5898/5898
f 5900/5900 5902/5902 5901/5901
f 5903/5903 5905/5905 5904/5904
f 5906/5906 5908/5908 5907/5907
f 5909/5909 5911/5911 5910/5910
f 5912/5912 5914/5914 5913/5913
f 5915/5915 5917/5917 5916/5916
f 5918/5918 5920/5920 5919/5919
f 5921/5921 5923/5923 5922/5922
f 5924/5924 5926/5926 5925/5925
f 5927/5927 5929/5929 5928/5928
f 5930/5930 5932/5932 5931/5931
f 5933/5933 5935/5935 5934/5934
f 5936/5936 5938/5938 5937/5937
f 5939/5939 5941/5941 5940/5940
f 5942/5942 5944/5944 5943/5943
f 5945/5945 5947/5947 5946/5946
f 5948/5948 5950/5950 5949/5949
f 5951/5951 5953/5953 5952/5952
f 5954/5954 5956/5956 5955/5955
f 5957/5957 5959/5959 5958/5958
f 5960/5960 5962/5962 5961/5961
f 5963/5963 5965/5965 5964/5964
f 5966/5966 5968/5968 5967/5967
f 5969/5969 5971/5971 5970/5970
f 5972/5972 5974/5974 5973/5973
f 5975/5975 5977/5977 5976/5976
f 5978/5978 5980/5980 5979/5979
f 5981/5981 5983/5983 5982/5982
f 5984/5984 5986/5986 5985/5985
f 5987/5987 5989/5989 5988/5988
f 5990/5990 5992/5992 5991/5991
f 5993/5993 5995/5995 5994/5994
f 5996/5996 5998/5998 5997/5997
f 5999/5999 6001/6001 6000/6000
v 11.567500 0.653419 23.677502
v 11.567500 0.653421 22.545666
v 11.567500 1.910501 22.545668
v 11.567500 1.910501 22.545668
v 11.567500 1.910498 23.677504
v 11.567500 0.653419 23.677502
vt 0.265625 -0.484375
vt 0.484375 -0.484375
vt 0.484375 -0.265625
vt 0.484375 -0.265625
vt 0.265625 -0.265625
vt 0.265625 -0.484375
usemtl t1_h01
f 6002/6002 6004/6004 6003/6003
f 6005/6005 6007/6007 6006/6006
v 11.255000 -0.006246 22.052500
v 11.255000 -0.006246 21.802500
v 13.380000 -0.006246 21.802500
v 13.380000 -0.006246 21.802500
v 13.755000 -0.006247 22.052500
v 11.255000 -0.006246 22.052500
v 11.255000 -0.006253 25.865000
v 11.255000 -0.006246 22.052500
v 13.755000 -0.006247 22.052500
v 13.755000 -0.006247 22.052500
v 13.755000 -0.006254 25.865000
v 11.255000 -0.006253 25.865000
v 11.005000 -0.006246 22.052500
v 11.005000 -0.006246 21.802500
v 11.255000 -0.006246 21.802500
v 11.255000 -0.006246 21.802500
v 11.255000 -0.006246 22.052500
v 11.005000 -0.006246 22.052500
v 11.005000 -0.006253 25.552500
v 11.005000 -0.006246 22.052500
v 11.255000 -0.006246 22.052500
v 11.255000 -0.006246 22.052500
v 11.255000 -0.006253 25.865000
v 11.005000 -0.006253 25.552500
vt 0.890625 -0.734375
vt 0.984375 -0.734375
vt 0.984375 -0.640625
vt 0.984375 -0.640625
vt 0.890625 -0.640625
vt 0.890625 -0.734375
vt 0.890625 -0.734375
vt 0.984375 -0.734375
vt 0.984375 -0.640625
vt 0.984375 -0.640625
vt 0.890625 -0.640625
vt 0.890625 -0.734375
vt 0.890625 -0.734375
vt 0.984375 -0.734375
vt 0.984375 -0.640625
vt 0.984375 -0.640625
vt 0.890625 -0.640625
vt 0.890625 -0.734375
vt 0.890625 -0.734375
vt 0.984375 -0.734375
vt 0.984375 -0.640625
vt 0.984375 -0.640625
vt 0.890625 -0.640625
vt 0.890625 -0.734375
usemtl h_kage
f 6008/6008 6010/6010 6009/6009
f 6011/6011 6013/6013 6012/6012
f 6014/6014 6016/6016 6015/6015
f 6017/6017 6019/6019 6018/6018
f 6020/6020 6022/6022 6021/6021
f 6023/6023 6025/6025 6024/6024
f 6026/6026 6028/6028 6027/6027
f 6029/6029 6031/6031 6030/6030
v 11.453502 0.096244 23.865320
v 11.578502 0.096244 23.865320
v 11.578502 1.908744 23.865324
v 11.578502 1.908744 23.865324
v 11.453502 1.908744 23.865324
v 11.453502 0.096244 23.865320
v 11.453502 0.096241 25.115320
v 11.453502 0.096244 23.865320
v 11.453502 1.908744 23.865324
v 11.453502 1.908744 23.865324
v 11.453502 1.908741 25.115324
v 11.453502 0.096241 25.115320
vt 0.781250 -0.998047
vt 0.968750 -0.998047
vt 0.968750 -0.001953
vt 0.968750 -0.001953
vt 0.781250 -0.001953
vt 0.781250 -0.998047
vt 0.031250 -0.998047
vt 0.718750 -0.998047
vt 0.718750 -0.001953
vt 0.718750 -0.001953
vt 0.031250 -0.001953
vt 0.031250 -0.998047
usemtl door1
f 6032/6032 6034/6034 6033/6033
f 6035/6035 6037/6037 6036/6036
f 6038/6038 6040/6040 6039/6039
f 6041/6041 6043/6043 6042/6042
v 13.936250 1.132812 6.500002
v 13.936250 1.523438 6.500003
v 13.936250 1.132812 6.843752
v 13.936250 1.523438 6.500003
v 13.936250 1.523437 6.687503
v 13.936250 1.132812 6.843752
v 13.936250 1.132812 6.843752
v 13.936250 1.523437 6.687503
v 13.936250 1.898437 6.843753
v 13.936250 1.523437 6.687503
v 13.936250 1.773437 6.687503
v 13.936250 1.898437 6.843753
v 13.936250 1.898437 6.843753
v 13.936250 1.773437 6.687503
v 13.936250 1.898437 6.500003
v 13.936250 1.773437 6.687503
v 13.936250 1.773438 6.500003
v 13.936250 1.898437 6.500003
v 13.936250 1.898437 6.500003
v 13.936250 1.773438 6.500003
v 13.936250 1.898438 6.156253
v 13.936250 1.773438 6.500003
v 13.936250 1.773438 6.312503
v 13.936250 1.898438 6.156253
v 13.936250 1.898438 6.156253
v 13.936250 1.773438 6.312503
v 13.936250 1.132813 6.156252
v 13.936250 1.773438 6.312503
v 13.936250 1.523438 6.312503
v 13.936250 1.132813 6.156252
v 13.936250 1.132813 6.156252
v 13.936250 1.523438 6.312503
v 13.936250 1.132812 6.500002
v 13.936250 1.523438 6.312503
v 13.936250 1.523438 6.500003
v 13.936250 1.132812 6.500002
v 14.748750 1.132812 6.843752
v 13.936250 1.132812 6.843752
v 14.748750 1.898437 6.843753
v 13.936250 1.132812 6.843752
v 13.936250 1.898437 6.843753
v 14.748750 1.898437 6.843753
v 14.748750 1.898437 6.843753
v 13.936250 1.898437 6.843753
v 14.748750 2.189453 6.697269
v 13.936250 1.898437 6.843753
v 13.936250 2.189453 6.697269
v 14.748750 2.189453 6.697269
v 13.936250 1.773437 6.687503
v 13.936250 1.523437 6.687503
v 13.936250 1.773438 6.500003
v 13.936250 1.523437 6.687503
v 13.936250 1.523438 6.500003
v 13.936250 1.773438 6.500003
v 13.936250 1.773438 6.500003
v 13.936250 1.523438 6.500003
v 13.936250 1.773438 6.312503
v 13.936250 1.523438 6.500003
v 13.936250 1.523438 6.312503
v 13.936250 1.773438 6.312503
v 13.936250 1.132813 6.156252
v 14.748750 1.132813 6.156252
v 13.936250 1.898438 6.156253
v 14.748750 1.132813 6.156252
v 14.748750 1.898438 6.156253
v 13.936250 1.898438 6.156253
v 13.936250 1.898438 6.156253
v 14.748750 1.898438 6.156253
v 13.936250 2.189454 6.302738
v 14.748750 1.898438 6.156253
v 14.748750 2.189454 6.302738
v 13.936250 2.189454 6.302738
v 13.936250 1.898438 6.156253
v 13.936250 2.189454 6.302738
v 13.936250 1.898437 6.500003
v 13.936250 2.189454 6.302738
v 13.936250 2.273438 6.500004
v 13.936250 1.898437 6.500003
v 13.936250 1.898437 6.500003
v 13.936250 2.273438 6.500004
v 13.936250 2.189453 6.697269
v 14.748750 2.273438 6.500004
v 14.748750 2.189453 6.697269
v 13.936250 2.189453 6.697269
v 13.936250 2.189453 6.697269
v 13.936250 2.273438 6.500004
v 14.748750 2.273438 6.500004
v 14.748750 2.189454 6.302738
v 14.748750 2.273438 6.500004
v 13.936250 2.273438 6.500004
v 13.936250 2.273438 6.500004
v 13.936250 2.189454 6.302738
v 14.748750 2.189454 6.302738
v 13.936250 2.189453 6.697269
v 13.936250 1.898437 6.843753
v 13.936250 1.898437 6.500003
vt 0.750000 -0.468750
vt 0.750000 -0.343750
vt 0.531250 -0.468750
vt 0.750000 -0.343750
vt 0.656250 -0.343750
vt 0.531250 -0.468750
vt 0.531250 -0.468750
vt 0.656250 -0.343750
vt 0.531250 -0.250000
vt 0.656250 -0.343750
vt 0.656250 -0.281250
vt 0.531250 -0.250000
vt 0.531250 -0.250000
vt 0.656250 -0.281250
vt 0.750000 -0.250000
vt 0.656250 -0.281250
vt 0.750000 -0.281250
vt 0.750000 -0.250000
vt 0.750000 -0.250000
vt 0.750000 -0.281250
vt 0.968750 -0.250000
vt 0.750000 -0.281250
vt 0.843750 -0.281250
vt 0.968750 -0.250000
vt 0.968750 -0.250000
vt 0.843750 -0.281250
vt 0.968750 -0.468750
vt 0.843750 -0.281250
vt 0.843750 -0.343750
vt 0.968750 -0.468750
vt 0.968750 -0.468750
vt 0.843750 -0.343750
vt 0.750000 -0.468750
vt 0.843750 -0.343750
vt 0.750000 -0.343750
vt 0.750000 -0.468750
vt 0.531250 -0.968750
vt 0.718750 -0.968750
vt 0.531250 -0.812500
vt 0.718750 -0.968750
vt 0.718750 -0.812500
vt 0.531250 -0.812500
vt 0.531250 -0.812500
vt 0.718750 -0.812500
vt 0.531250 -0.687500
vt 0.718750 -0.812500
vt 0.718750 -0.687500
vt 0.531250 -0.687500
vt 0.781250 -0.781250
vt 0.781250 -0.968750
vt 0.875000 -0.781250
vt 0.781250 -0.968750
vt 0.875000 -0.968750
vt 0.875000 -0.781250
vt 0.875000 -0.781250
vt 0.875000 -0.968750
vt 0.968750 -0.781250
vt 0.875000 -0.968750
vt 0.968750 -0.968750
vt 0.968750 -0.781250
vt 0.531250 -0.968750
vt 0.718750 -0.968750
vt 0.531250 -0.812500
vt 0.718750 -0.968750
vt 0.718750 -0.812500
vt 0.531250 -0.812500
vt 0.531250 -0.812500
vt 0.718750 -0.812500
vt 0.531250 -0.687500
vt 0.718750 -0.812500
vt 0.718750 -0.687500
vt 0.531250 -0.687500
vt 0.968750 -0.250000
vt 0.937500 -0.125000
vt 0.750000 -0.250000
vt 0.937500 -0.125000
vt 0.750000 -0.031250
vt 0.750000 -0.250000
vt 0.750000 -0.250000
vt 0.750000 -0.031250
vt 0.562500 -0.125000
vt 0.718750 -0.531250
vt 0.718750 -0.687500
vt 0.531250 -0.687500
vt 0.531250 -0.687500
vt 0.531250 -0.531250
vt 0.718750 -0.531250
vt 0.531250 -0.687500
vt 0.531250 -0.531250
vt 0.718750 -0.531250
vt 0.718750 -0.531250
vt 0.718750 -0.687500
vt 0.531250 -0.687500
vt 0.562500 -0.125000
vt 0.531250 -0.250000
vt 0.750000 -0.250000
usemtl board_a
f 6044/6044 6046/6046 6045/6045
f 6047/6047 6049/6049 6048/6048
f 6050/6050 6052/6052 6051/6051
f 6053/6053 6055/6055 6054/6054
f 6056/6056 6058/6058 6057/6057
f 6059/6059 6061/6061 6060/6060
f 6062/6062 6064/6064 6063/6063
f 6065/6065 6067/6067 6066/6066
f 6068/6068 6070/6070 6069/6069
f 6071/6071 6073/6073 6072/6072
f 6074/6074 6076/6076 6075/6075
f 6077/6077 6079/6079 6078/6078
f 6080/6080 6082/6082 6081/6081
f 6083/6083 6085/6085 6084/6084
f 6086/6086 6088/6088 6087/6087
f 6089/6089 6091/6091 6090/6090
f 6092/6092 6094/6094 6093/6093
f 6095/6095 6097/6097 6096/6096
f 6098/6098 6100/6100 6099/6099
f 6101/6101 6103/6103 6102/6102
f 6104/6104 6106/6106 6105/6105
f 6107/6107 6109/6109 6108/6108
f 6110/6110 6112/6112 6111/6111
f 6113/6113 6115/6115 6114/6114
f 6116/6116 6118/6118 6117/6117
f 6119/6119 6121/6121 6120/6120
f 6122/6122 6124/6124 6123/6123
f 6125/6125 6127/6127 6126/6126
f 6128/6128 6130/6130 6129/6129
f 6131/6131 6133/6133 6132/6132
f 6134/6134 6136/6136 6135/6135
f 6137/6137 6139/6139 6138/6138
v 14.467500 0.125000 6.625000
v 14.217500 0.125000 6.625000
v 14.217500 1.101562 6.625002
v 14.217500 1.101562 6.625002
v 14.467500 1.101562 6.625002
v 14.467500 0.125000 6.625000
v 14.217500 0.125000 6.375000
v 14.467500 0.125000 6.375000
v 14.467500 1.101563 6.375002
v 14.467500 1.101563 6.375002
v 14.217500 1.101563 6.375002
v 14.217500 0.125000 6.375000
v 14.217500 0.125000 6.625000
v 14.217500 0.125000 6.375000
v 14.217500 1.101563 6.375002
v 14.217500 1.101563 6.375002
v 14.217500 1.101562 6.625002
v 14.217500 0.125000 6.625000
vt 0.783203 -0.613281
vt 0.970703 -0.613281
vt 0.970703 -0.519531
vt 0.970703 -0.519531
vt 0.783203 -0.519531
vt 0.783203 -0.613281
vt 0.781250 -0.593750
vt 0.968750 -0.593750
vt 0.968750 -0.531250
vt 0.968750 -0.531250
vt 0.781250 -0.531250
vt 0.781250 -0.593750
vt 0.781250 -0.718750
vt 0.968750 -0.718750
vt 0.968750 -0.656250
vt 0.968750 -0.656250
vt 0.781250 -0.656250
vt 0.781250 -0.718750
usemtl board_b
f 6140/6140 6142/6142 6141/6141
f 6143/6143 6145/6145 6144/6144
f 6146/6146 6148/6148 6147/6147
f 6149/6149 6151/6151 6150/6150
f 6152/6152 6154/6154 6153/6153
f 6155/6155 6157/6157 6156/6156
v 14.155000 0.062501 6.000000
v 14.530000 0.062501 6.000000
v 13.967500 0.062500 6.250000
v 14.530000 0.062501 6.000000
v 14.717500 0.062500 6.250000
v 13.967500 0.062500 6.250000
v 13.967500 0.062500 6.250000
v 14.717500 0.062500 6.250000
v 13.967500 0.062500 6.750000
v 14.717500 0.062500 6.250000
v 14.717500 0.062500 6.750000
v 13.967500 0.062500 6.750000
v 13.967500 0.062500 6.750000
v 14.717500 0.062500 6.750000
v 14.155000 0.062499 7.000000
v 14.717500 0.062500 6.750000
v 14.530000 0.062499 7.000000
v 14.155000 0.062499 7.000000
vt 0.000000 0.000000
vt 1.000000 0.000000
vt 0.000000 -0.132812
vt 1.000000 0.000000
vt 1.000000 -0.132812
vt 0.000000 -0.132812
vt 0.000000 -0.132812
vt 1.000000 -0.132812
vt 0.000000 -0.882812
vt 1.000000 -0.132812
vt 1.000000 -0.882812
vt 0.000000 -0.882812
vt 0.000000 -0.882812
vt 1.000000 -0.882812
vt 0.000000 -1.000000
vt 1.000000 -0.882812
vt 1.000000 -1.000000
vt 0.000000 -1.000000
usemtl h_kage
f 6158/6158 6160/6160 6159/6159
f 6161/6161 6163/6163 6162/6162
f 6164/6164 6166/6166 6165/6165
f 6167/6167 6169/6169 6168/6168
f 6170/6170 6172/6172 6171/6171
f 6173/6173 6175/6175 6174/6174
v 4.352812 0.953124 9.062502
v 4.149687 0.953124 9.062502
v 4.149687 1.984374 9.062504
v 4.149687 1.984374 9.062504
v 4.352812 1.984374 9.062504
v 4.352812 0.953124 9.062502
v 4.149687 0.953126 7.937502
v 4.352812 0.953126 7.937502
v 4.352812 1.984376 7.937504
v 4.352812 1.984376 7.937504
v 4.149687 1.984376 7.937504
v 4.149687 0.953126 7.937502
v 4.149687 1.984374 9.062504
v 4.149687 1.984376 7.937504
v 4.352812 1.984376 7.937504
v 4.352812 1.984376 7.937504
v 4.352812 1.984374 9.062504
v 4.149687 1.984374 9.062504
v 4.149687 0.953124 9.062502
v 4.149687 0.953126 7.937502
v 4.149687 1.984376 7.937504
v 4.149687 1.984376 7.937504
v 4.149687 1.984374 9.062504
v 4.149687 0.953124 9.062502
vt 0.281250 -0.718750
vt 0.468750 -0.718750
vt 0.468750 -0.531250
vt 0.468750 -0.531250
vt 0.281250 -0.531250
vt 0.281250 -0.718750
vt 0.281250 -0.718750
vt 0.468750 -0.718750
vt 0.468750 -0.531250
vt 0.468750 -0.531250
vt 0.281250 -0.531250
vt 0.281250 -0.718750
vt 0.031250 -0.531250
vt 0.031250 -0.718750
vt 0.218750 -0.718750
vt 0.218750 -0.718750
vt 0.218750 -0.531250
vt 0.031250 -0.531250
vt 0.468750 -0.031250
vt 0.031250 -0.031250
vt 0.031250 -0.468750
vt 0.031250 -0.468750
vt 0.468750 -0.468750
vt 0.468750 -0.031250
usemtl board_a
f 6176/6176 6178/6178 6177/6177
f 6179/6179 6181/6181 6180/6180
f 6182/6182 6184/6184 6183/6183
f 6185/6185 6187/6187 6186/6186
f 6188/6188 6190/6190 6189/6189
f 6191/6191 6193/6193 6192/6192
f 6194/6194 6196/6196 6195/6195
f 6197/6197 6199/6199 6198/6198
v 4.540312 0.125000 8.593750
v 4.352812 0.125000 8.593750
v 4.352812 2.046875 8.593754
v 4.352812 2.046875 8.593754
v 4.540312 2.046875 8.593754
v 4.540312 0.125000 8.593750
v 4.352812 0.125000 8.406250
v 4.540312 0.125000 8.406250
v 4.540312 2.046875 8.406254
v 4.540312 2.046875 8.406254
v 4.352812 2.046875 8.406254
v 4.352812 0.125000 8.406250
v 4.352812 2.046875 8.593754
v 4.352812 2.046875 8.406254
v 4.540312 2.046875 8.406254
v 4.540312 2.046875 8.406254
v 4.540312 2.046875 8.593754
v 4.352812 2.046875 8.593754
v 4.352812 0.125000 8.593750
v 4.352812 0.125000 8.406250
v 4.352812 2.046875 8.406254
v 4.352812 2.046875 8.406254
v 4.352812 2.046875 8.593754
v 4.352812 0.125000 8.593750
vt 0.281250 -0.968750
vt 0.468750 -0.968750
vt 0.468750 -0.531250
vt 0.468750 -0.531250
vt 0.281250 -0.531250
vt 0.281250 -0.968750
vt 0.281250 -0.968750
vt 0.468750 -0.968750
vt 0.468750 -0.531250
vt 0.468750 -0.531250
vt 0.281250 -0.531250
vt 0.281250 -0.968750
vt 0.031250 -0.718750
vt 0.218750 -0.718750
vt 0.218750 -0.531250
vt 0.218750 -0.531250
vt 0.031250 -0.531250
vt 0.031250 -0.718750
vt 0.281250 -0.968750
vt 0.468750 -0.968750
vt 0.468750 -0.531250
vt 0.468750 -0.531250
vt 0.281250 -0.531250
vt 0.281250 -0.968750
usemtl board_b
f 6200/6200 6202/6202 6201/6201
f 6203/6203 6205/6205 6204/6204
f 6206/6206 6208/6208 6207/6207
f 6209/6209 6211/6211 6210/6210
f 6212/6212 6214/6214 6213/6213
f 6215/6215 6217/6217 6216/6216
f 6218/6218 6220/6220 6219/6219
f 6221/6221 6223/6223 6222/6222
v 4.282500 0.062501 8.031250
v 4.532500 0.062501 8.031250
v 4.220000 0.062501 8.218750
v 4.532500 0.062501 8.031250
v 4.657500 0.062500 8.218750
v 4.220000 0.062501 8.218750
v 4.220000 0.062501 8.218750
v 4.657500 0.062500 8.218750
v 4.220000 0.062500 8.781250
v 4.657500 0.062500 8.218750
v 4.657500 0.062499 8.781250
v 4.220000 0.062500 8.781250
v 4.220000 0.062500 8.781250
v 4.657500 0.062499 8.781250
v 4.345000 0.062499 8.968750
v 4.657500 0.062499 8.781250
v 4.532500 0.062499 8.968750
v 4.345000 0.062499 8.968750
vt 0.000000 0.000000
vt 1.000000 0.000000
vt 0.000000 -0.113281
vt 1.000000 0.000000
vt 1.000000 -0.113281
vt 0.000000 -0.113281
vt 0.000000 -0.113281
vt 1.000000 -0.113281
vt 0.000000 -0.902344
vt 1.000000 -0.113281
vt 1.000000 -0.902344
vt 0.000000 -0.902344
vt 0.000000 -0.902344
vt 1.000000 -0.902344
vt 0.000000 -1.000000
vt 1.000000 -0.902344
vt 1.000000 -1.000000
vt 0.000000 -1.000000
usemtl h_kage
f 6224/6224 6226/6226 6225/6225
f 6227/6227 6229/6229 6228/6228
f 6230/6230 6232/6232 6231/6231
f 6233/6233 6235/6235 6234/6234
f 6236/6236 6238/6238 6237/6237
f 6239/6239 6241/6241 6240/6240
